dataset,feature_name,category,source,unit,role,ml_eligibility,variability,missing_count,total_count,unique_nonnull_values,description,notes
feature_table,candidate_key,metadata,Step 3 candidate datasets,identifier,metadata_or_context,exclude_from_numeric_ml_matrix,variable,0,211,211,Candidate identity; not a numerical measurement.,Identifier/date/context field; retain for traceability.
feature_table,comparison,metadata,Step 3 candidate datasets,identifier,metadata_or_context,exclude_from_numeric_ml_matrix,variable,0,211,2,Candidate identity; not a numerical measurement.,Identifier/date/context field; retain for traceability.
feature_table,region_id,metadata,Step 3 candidate datasets,identifier,metadata_or_context,exclude_from_numeric_ml_matrix,variable,0,211,209,Candidate identity; not a numerical measurement.,Identifier/date/context field; retain for traceability.
feature_table,pixels,spatial_candidate,step2_candidate_regions_geographic.csv,mixed,spatial_or_geometry,eligible_with_caution,variable,0,211,36,Candidate-region geometry and source change statistics.,"Candidate-region geometry/location. May be used later as context or a model feature, depending on spatial-analysis design."
feature_table,area_m2,spatial_candidate,step2_candidate_regions_geographic.csv,mixed,spatial_or_geometry,eligible_with_caution,variable,0,211,36,Candidate-region geometry and source change statistics.,"Candidate-region geometry/location. May be used later as context or a model feature, depending on spatial-analysis design."
feature_table,lon,spatial_candidate,step2_candidate_regions_geographic.csv,mixed,spatial_or_geometry,eligible_with_caution,variable,0,211,211,Candidate-region geometry and source change statistics.,"Candidate-region geometry/location. May be used later as context or a model feature, depending on spatial-analysis design."
feature_table,lat,spatial_candidate,step2_candidate_regions_geographic.csv,mixed,spatial_or_geometry,eligible_with_caution,variable,0,211,211,Candidate-region geometry and source change statistics.,"Candidate-region geometry/location. May be used later as context or a model feature, depending on spatial-analysis design."
feature_table,mean_change,spatial_candidate,step2_candidate_regions_geographic.csv,mixed,selection_derived_change,candidate_pool_only,variable,0,211,211,Candidate-region geometry and source change statistics.,Derived from the radar change used to construct the candidate pool. Must not be treated as independent ground-truth evidence.
feature_table,min_change,spatial_candidate,step2_candidate_regions_geographic.csv,mixed,selection_derived_change,candidate_pool_only,variable,0,211,211,Candidate-region geometry and source change statistics.,Derived from the radar change used to construct the candidate pool. Must not be treated as independent ground-truth evidence.
feature_table,max_change,spatial_candidate,step2_candidate_regions_geographic.csv,mixed,selection_derived_change,candidate_pool_only,variable,0,211,211,Candidate-region geometry and source change statistics.,Derived from the radar change used to construct the candidate pool. Must not be treated as independent ground-truth evidence.
feature_table,GUNW_023_HH_median,nisar_temporal,step2_region_temporal_fingerprint.csv,coherence,nisar_temporal_measurement,candidate_pool_feature,variable,0,211,211,NISAR interferometric temporal measurements and comparison changes.,"NISAR interferometric measurement. Useful for anomaly analysis, but not independent of the candidate-generation process."
feature_table,GUNW_023_HH_mean,nisar_temporal,step2_region_temporal_fingerprint.csv,coherence,nisar_temporal_measurement,candidate_pool_feature,variable,0,211,211,NISAR interferometric temporal measurements and comparison changes.,"NISAR interferometric measurement. Useful for anomaly analysis, but not independent of the candidate-generation process."
feature_table,GUNW_025_VV_median,nisar_temporal,step2_region_temporal_fingerprint.csv,coherence,nisar_temporal_measurement,candidate_pool_feature,variable,0,211,211,NISAR interferometric temporal measurements and comparison changes.,"NISAR interferometric measurement. Useful for anomaly analysis, but not independent of the candidate-generation process."
feature_table,GUNW_025_VV_mean,nisar_temporal,step2_region_temporal_fingerprint.csv,coherence,nisar_temporal_measurement,candidate_pool_feature,variable,0,211,211,NISAR interferometric temporal measurements and comparison changes.,"NISAR interferometric measurement. Useful for anomaly analysis, but not independent of the candidate-generation process."
feature_table,GUNW_026_VV_median,nisar_temporal,step2_region_temporal_fingerprint.csv,coherence,nisar_temporal_measurement,candidate_pool_feature,variable,0,211,211,NISAR interferometric temporal measurements and comparison changes.,"NISAR interferometric measurement. Useful for anomaly analysis, but not independent of the candidate-generation process."
feature_table,GUNW_026_VV_mean,nisar_temporal,step2_region_temporal_fingerprint.csv,coherence,nisar_temporal_measurement,candidate_pool_feature,variable,0,211,211,NISAR interferometric temporal measurements and comparison changes.,"NISAR interferometric measurement. Useful for anomaly analysis, but not independent of the candidate-generation process."
feature_table,GUNW_029_HH_median,nisar_temporal,step2_region_temporal_fingerprint.csv,coherence,nisar_temporal_measurement,candidate_pool_feature,variable,0,211,211,NISAR interferometric temporal measurements and comparison changes.,"NISAR interferometric measurement. Useful for anomaly analysis, but not independent of the candidate-generation process."
feature_table,GUNW_029_HH_mean,nisar_temporal,step2_region_temporal_fingerprint.csv,coherence,nisar_temporal_measurement,candidate_pool_feature,variable,0,211,211,NISAR interferometric temporal measurements and comparison changes.,"NISAR interferometric measurement. Useful for anomaly analysis, but not independent of the candidate-generation process."
feature_table,HH_023_to_029_change,nisar_temporal,step2_region_temporal_fingerprint.csv,coherence,selection_derived_change,candidate_pool_only,variable,0,211,211,NISAR interferometric temporal measurements and comparison changes.,Derived from the radar change used to construct the candidate pool. Must not be treated as independent ground-truth evidence.
feature_table,VV_025_to_026_change,nisar_temporal,step2_region_temporal_fingerprint.csv,coherence,selection_derived_change,candidate_pool_only,variable,0,211,211,NISAR interferometric temporal measurements and comparison changes.,Derived from the radar change used to construct the candidate pool. Must not be treated as independent ground-truth evidence.
feature_table,s1_n,sentinel1_crosscheck,step2_nisar_s1_ranked.csv,dB / percent,independent_radar_crosscheck,independent_feature,variable,0,211,42,Independent Sentinel-1 radar change statistics used as a cross-check.,Independent Sentinel-1 radar cross-check measurement; potentially useful as an independent feature.
feature_table,s1_mean_db,sentinel1_crosscheck,step2_nisar_s1_ranked.csv,dB / percent,independent_radar_crosscheck,independent_feature,variable,0,211,211,Independent Sentinel-1 radar change statistics used as a cross-check.,Independent Sentinel-1 radar cross-check measurement; potentially useful as an independent feature.
feature_table,s1_median_db,sentinel1_crosscheck,step2_nisar_s1_ranked.csv,dB / percent,independent_radar_crosscheck,independent_feature,variable,0,211,211,Independent Sentinel-1 radar change statistics used as a cross-check.,Independent Sentinel-1 radar cross-check measurement; potentially useful as an independent feature.
feature_table,s1_min_db,sentinel1_crosscheck,step2_nisar_s1_ranked.csv,dB / percent,independent_radar_crosscheck,independent_feature,variable,0,211,210,Independent Sentinel-1 radar change statistics used as a cross-check.,Independent Sentinel-1 radar cross-check measurement; potentially useful as an independent feature.
feature_table,s1_max_db,sentinel1_crosscheck,step2_nisar_s1_ranked.csv,dB / percent,independent_radar_crosscheck,independent_feature,variable,0,211,211,Independent Sentinel-1 radar change statistics used as a cross-check.,Independent Sentinel-1 radar cross-check measurement; potentially useful as an independent feature.
feature_table,s1_p25_db,sentinel1_crosscheck,step2_nisar_s1_ranked.csv,dB / percent,independent_radar_crosscheck,independent_feature,variable,0,211,211,Independent Sentinel-1 radar change statistics used as a cross-check.,Independent Sentinel-1 radar cross-check measurement; potentially useful as an independent feature.
feature_table,s1_p75_db,sentinel1_crosscheck,step2_nisar_s1_ranked.csv,dB / percent,independent_radar_crosscheck,independent_feature,variable,0,211,211,Independent Sentinel-1 radar change statistics used as a cross-check.,Independent Sentinel-1 radar cross-check measurement; potentially useful as an independent feature.
feature_table,s1_pct_le_minus1db,sentinel1_crosscheck,step2_nisar_s1_ranked.csv,dB / percent,independent_radar_crosscheck,independent_feature,variable,0,211,192,Independent Sentinel-1 radar change statistics used as a cross-check.,Independent Sentinel-1 radar cross-check measurement; potentially useful as an independent feature.
feature_table,s1_pct_le_minus2db,sentinel1_crosscheck,step2_nisar_s1_ranked.csv,dB / percent,independent_radar_crosscheck,independent_feature,variable,0,211,191,Independent Sentinel-1 radar change statistics used as a cross-check.,Independent Sentinel-1 radar cross-check measurement; potentially useful as an independent feature.
feature_table,s1_pct_le_minus3db,sentinel1_crosscheck,step2_nisar_s1_ranked.csv,dB / percent,independent_radar_crosscheck,independent_feature,variable,0,211,193,Independent Sentinel-1 radar change statistics used as a cross-check.,Independent Sentinel-1 radar cross-check measurement; potentially useful as an independent feature.
feature_table,gunw_023_context_date,environmental_context,step5d_radar_environment_join.csv,date / mm / count,metadata_or_context,exclude_from_numeric_ml_matrix,constant,0,211,1,AOI-level rainfall context associated with GUNW 023.,Identifier/date/context field; retain for traceability.
feature_table,gunw_023_rainfall_day_mm,environmental_context,step5d_radar_environment_join.csv,date / mm / count,environmental_context,context_only,constant,0,211,1,AOI-level rainfall context associated with GUNW 023.,AOI-level temporal rainfall context; constant across candidate regions for this observation and therefore not spatially discriminative.
feature_table,gunw_023_rainfall_3day_mm,environmental_context,step5d_radar_environment_join.csv,date / mm / count,environmental_context,context_only,constant,0,211,1,AOI-level rainfall context associated with GUNW 023.,AOI-level temporal rainfall context; constant across candidate regions for this observation and therefore not spatially discriminative.
feature_table,gunw_023_rainfall_7day_mm,environmental_context,step5d_radar_environment_join.csv,date / mm / count,environmental_context,context_only,constant,0,211,1,AOI-level rainfall context associated with GUNW 023.,AOI-level temporal rainfall context; constant across candidate regions for this observation and therefore not spatially discriminative.
feature_table,gunw_023_rainfall_14day_mm,environmental_context,step5d_radar_environment_join.csv,date / mm / count,environmental_context,unusable_in_current_dataset,all_missing,211,211,0,AOI-level rainfall context associated with GUNW 023.,No usable values are available.
feature_table,gunw_023_max_daily_rainfall_14day_mm,environmental_context,step5d_radar_environment_join.csv,date / mm / count,environmental_context,context_only,constant,0,211,1,AOI-level rainfall context associated with GUNW 023.,AOI-level temporal rainfall context; constant across candidate regions for this observation and therefore not spatially discriminative.
feature_table,gunw_023_wet_days_gt5mm_14day,environmental_context,step5d_radar_environment_join.csv,date / mm / count,environmental_context,context_only,constant,0,211,1,AOI-level rainfall context associated with GUNW 023.,AOI-level temporal rainfall context; constant across candidate regions for this observation and therefore not spatially discriminative.
feature_table,gunw_025_context_date,environmental_context,step5d_radar_environment_join.csv,date / mm / count,metadata_or_context,exclude_from_numeric_ml_matrix,constant,0,211,1,AOI-level rainfall context associated with GUNW 025.,Identifier/date/context field; retain for traceability.
feature_table,gunw_025_rainfall_day_mm,environmental_context,step5d_radar_environment_join.csv,date / mm / count,environmental_context,context_only,constant,0,211,1,AOI-level rainfall context associated with GUNW 025.,AOI-level temporal rainfall context; constant across candidate regions for this observation and therefore not spatially discriminative.
feature_table,gunw_025_rainfall_3day_mm,environmental_context,step5d_radar_environment_join.csv,date / mm / count,environmental_context,context_only,constant,0,211,1,AOI-level rainfall context associated with GUNW 025.,AOI-level temporal rainfall context; constant across candidate regions for this observation and therefore not spatially discriminative.
feature_table,gunw_025_rainfall_7day_mm,environmental_context,step5d_radar_environment_join.csv,date / mm / count,environmental_context,context_only,constant,0,211,1,AOI-level rainfall context associated with GUNW 025.,AOI-level temporal rainfall context; constant across candidate regions for this observation and therefore not spatially discriminative.
feature_table,gunw_025_rainfall_14day_mm,environmental_context,step5d_radar_environment_join.csv,date / mm / count,environmental_context,context_only,constant,0,211,1,AOI-level rainfall context associated with GUNW 025.,AOI-level temporal rainfall context; constant across candidate regions for this observation and therefore not spatially discriminative.
feature_table,gunw_025_max_daily_rainfall_14day_mm,environmental_context,step5d_radar_environment_join.csv,date / mm / count,environmental_context,context_only,constant,0,211,1,AOI-level rainfall context associated with GUNW 025.,AOI-level temporal rainfall context; constant across candidate regions for this observation and therefore not spatially discriminative.
feature_table,gunw_025_wet_days_gt5mm_14day,environmental_context,step5d_radar_environment_join.csv,date / mm / count,environmental_context,context_only,constant,0,211,1,AOI-level rainfall context associated with GUNW 025.,AOI-level temporal rainfall context; constant across candidate regions for this observation and therefore not spatially discriminative.
feature_table,gunw_026_context_date,environmental_context,step5d_radar_environment_join.csv,date / mm / count,metadata_or_context,exclude_from_numeric_ml_matrix,constant,0,211,1,AOI-level rainfall context associated with GUNW 026.,Identifier/date/context field; retain for traceability.
feature_table,gunw_026_rainfall_day_mm,environmental_context,step5d_radar_environment_join.csv,date / mm / count,environmental_context,context_only,constant,0,211,1,AOI-level rainfall context associated with GUNW 026.,AOI-level temporal rainfall context; constant across candidate regions for this observation and therefore not spatially discriminative.
feature_table,gunw_026_rainfall_3day_mm,environmental_context,step5d_radar_environment_join.csv,date / mm / count,environmental_context,context_only,constant,0,211,1,AOI-level rainfall context associated with GUNW 026.,AOI-level temporal rainfall context; constant across candidate regions for this observation and therefore not spatially discriminative.
feature_table,gunw_026_rainfall_7day_mm,environmental_context,step5d_radar_environment_join.csv,date / mm / count,environmental_context,context_only,constant,0,211,1,AOI-level rainfall context associated with GUNW 026.,AOI-level temporal rainfall context; constant across candidate regions for this observation and therefore not spatially discriminative.
feature_table,gunw_026_rainfall_14day_mm,environmental_context,step5d_radar_environment_join.csv,date / mm / count,environmental_context,context_only,constant,0,211,1,AOI-level rainfall context associated with GUNW 026.,AOI-level temporal rainfall context; constant across candidate regions for this observation and therefore not spatially discriminative.
feature_table,gunw_026_max_daily_rainfall_14day_mm,environmental_context,step5d_radar_environment_join.csv,date / mm / count,environmental_context,context_only,constant,0,211,1,AOI-level rainfall context associated with GUNW 026.,AOI-level temporal rainfall context; constant across candidate regions for this observation and therefore not spatially discriminative.
feature_table,gunw_026_wet_days_gt5mm_14day,environmental_context,step5d_radar_environment_join.csv,date / mm / count,environmental_context,context_only,constant,0,211,1,AOI-level rainfall context associated with GUNW 026.,AOI-level temporal rainfall context; constant across candidate regions for this observation and therefore not spatially discriminative.
feature_table,gunw_029_context_date,environmental_context,step5d_radar_environment_join.csv,date / mm / count,metadata_or_context,exclude_from_numeric_ml_matrix,constant,0,211,1,AOI-level rainfall context associated with GUNW 029.,Identifier/date/context field; retain for traceability.
feature_table,gunw_029_rainfall_day_mm,environmental_context,step5d_radar_environment_join.csv,date / mm / count,environmental_context,context_only,constant,0,211,1,AOI-level rainfall context associated with GUNW 029.,AOI-level temporal rainfall context; constant across candidate regions for this observation and therefore not spatially discriminative.
feature_table,gunw_029_rainfall_3day_mm,environmental_context,step5d_radar_environment_join.csv,date / mm / count,environmental_context,context_only,constant,0,211,1,AOI-level rainfall context associated with GUNW 029.,AOI-level temporal rainfall context; constant across candidate regions for this observation and therefore not spatially discriminative.
feature_table,gunw_029_rainfall_7day_mm,environmental_context,step5d_radar_environment_join.csv,date / mm / count,environmental_context,context_only,constant,0,211,1,AOI-level rainfall context associated with GUNW 029.,AOI-level temporal rainfall context; constant across candidate regions for this observation and therefore not spatially discriminative.
feature_table,gunw_029_rainfall_14day_mm,environmental_context,step5d_radar_environment_join.csv,date / mm / count,environmental_context,context_only,constant,0,211,1,AOI-level rainfall context associated with GUNW 029.,AOI-level temporal rainfall context; constant across candidate regions for this observation and therefore not spatially discriminative.
feature_table,gunw_029_max_daily_rainfall_14day_mm,environmental_context,step5d_radar_environment_join.csv,date / mm / count,environmental_context,context_only,constant,0,211,1,AOI-level rainfall context associated with GUNW 029.,AOI-level temporal rainfall context; constant across candidate regions for this observation and therefore not spatially discriminative.
feature_table,gunw_029_wet_days_gt5mm_14day,environmental_context,step5d_radar_environment_join.csv,date / mm / count,environmental_context,context_only,constant,0,211,1,AOI-level rainfall context associated with GUNW 029.,AOI-level temporal rainfall context; constant across candidate regions for this observation and therefore not spatially discriminative.
optical_evidence,optical_observation_key,optical_metadata,step4_candidate_water_verification.csv,identifier/date/coordinate,metadata_or_context,exclude_from_numeric_ml_matrix,variable,0,12,12,Identity and location of an actual optical observation.,Identifier/date/context field; retain for traceability.
optical_evidence,region_id,optical_metadata,step4_candidate_water_verification.csv,identifier/date/coordinate,metadata_or_context,exclude_from_numeric_ml_matrix,variable,0,12,6,Identity and location of an actual optical observation.,Identifier/date/context field; retain for traceability.
optical_evidence,date,optical_metadata,step4_candidate_water_verification.csv,identifier/date/coordinate,metadata_or_context,exclude_from_numeric_ml_matrix,variable,0,12,2,Identity and location of an actual optical observation.,Identifier/date/context field; retain for traceability.
optical_evidence,longitude,optical_metadata,step4_candidate_water_verification.csv,identifier/date/coordinate,metadata_or_context,exclude_from_numeric_ml_matrix,variable,0,12,6,Identity and location of an actual optical observation.,Identifier/date/context field; retain for traceability.
optical_evidence,latitude,optical_metadata,step4_candidate_water_verification.csv,identifier/date/coordinate,metadata_or_context,exclude_from_numeric_ml_matrix,variable,0,12,6,Identity and location of an actual optical observation.,Identifier/date/context field; retain for traceability.
optical_evidence,window_pixels,optical_quality,step4_candidate_water_verification.csv,count / fraction,optical_quality,quality_only,constant,0,12,1,Optical data availability and QA measurements.,Optical QA/availability measurement. Do not interpret absence of valid optical pixels as absence of physical change.
optical_evidence,valid_pixels,optical_quality,step4_candidate_water_verification.csv,count / fraction,optical_quality,quality_only,constant,0,12,1,Optical data availability and QA measurements.,Optical QA/availability measurement. Do not interpret absence of valid optical pixels as absence of physical change.
optical_evidence,fmask_water_pixels,optical_quality,step4_candidate_water_verification.csv,count / fraction,optical_measurement,review_later,variable,0,12,5,Optical data availability and QA measurements.,Optical measurement; use only where the associated quality conditions are valid.
optical_evidence,valid_water_pixels,optical_quality,step4_candidate_water_verification.csv,count / fraction,optical_quality,quality_only,constant,0,12,1,Optical data availability and QA measurements.,Optical QA/availability measurement. Do not interpret absence of valid optical pixels as absence of physical change.
optical_evidence,fmask_water_percent,optical_quality,step4_candidate_water_verification.csv,count / fraction,optical_measurement,review_later,variable,0,12,5,Optical data availability and QA measurements.,Optical measurement; use only where the associated quality conditions are valid.
optical_evidence,valid_water_percent,optical_quality,step4_candidate_water_verification.csv,count / fraction,optical_measurement,unusable_in_current_dataset,all_missing,12,12,0,Optical data availability and QA measurements.,No valid optical measurement is currently available for the tested observations.
optical_evidence,high_aerosol_pixels,optical_quality,step4_candidate_water_verification.csv,count / fraction,optical_quality,quality_only,variable,0,12,4,Optical data availability and QA measurements.,Optical QA/availability measurement. Do not interpret absence of valid optical pixels as absence of physical change.
optical_evidence,optical_valid_fraction,optical_quality,step4_candidate_water_verification.csv,count / fraction,optical_quality,quality_only,constant,0,12,1,Optical data availability and QA measurements.,Optical QA/availability measurement. Do not interpret absence of valid optical pixels as absence of physical change.
optical_evidence,optical_high_aerosol_fraction,optical_quality,step4_candidate_water_verification.csv,count / fraction,optical_quality,quality_only,variable,0,12,4,Optical data availability and QA measurements.,Optical QA/availability measurement. Do not interpret absence of valid optical pixels as absence of physical change.
optical_evidence,optical_valid_water_fraction,optical_quality,step4_candidate_water_verification.csv,count / fraction,optical_quality,quality_only,constant,0,12,1,Optical data availability and QA measurements.,Optical QA/availability measurement. Do not interpret absence of valid optical pixels as absence of physical change.
optical_evidence,optical_available,optical_quality,derived from optical QA,boolean,optical_quality,quality_only,constant,0,12,1,True only when at least one valid optical pixel exists.,Optical QA/availability measurement. Do not interpret absence of valid optical pixels as absence of physical change.
optical_evidence,ndwi_median,optical_measurement,step4_candidate_water_verification.csv,index / count,optical_measurement,unusable_in_current_dataset,all_missing,12,12,0,Optical water-index measurements where valid pixels exist.,No valid optical measurement is currently available for the tested observations.
optical_evidence,mndwi_median,optical_measurement,step4_candidate_water_verification.csv,index / count,optical_measurement,unusable_in_current_dataset,all_missing,12,12,0,Optical water-index measurements where valid pixels exist.,No valid optical measurement is currently available for the tested observations.
optical_evidence,ndwi_gt_0.2,optical_measurement,step4_candidate_water_verification.csv,index / count,optical_measurement,review_later,constant,0,12,1,Optical water-index measurements where valid pixels exist.,Optical measurement; use only where the associated quality conditions are valid.
optical_evidence,mndwi_gt_0.2,optical_measurement,step4_candidate_water_verification.csv,index / count,optical_measurement,review_later,constant,0,12,1,Optical water-index measurements where valid pixels exist.,Optical measurement; use only where the associated quality conditions are valid.
