candidate_key,comparison,region_id,lon,lat,area_m2,s1_median_db_z,s1_min_db_z,s1_max_db_z,s1_pct_le_minus3db_z
HH_023_to_029_22,HH_023_to_029,22,90.1669106,22.5087995,9200,0.6891318151563156,0.236511733335518,-0.009463709907584938,-0.5447450913203781
HH_023_to_029_28,HH_023_to_029,28,90.1568007,22.5088386,4000,0.4883660431739361,-0.08330095449173722,-1.0590278158341055,0.07310155788058645
HH_023_to_029_30,HH_023_to_029,30,90.1686859,22.5087894,6000,0.554592259726618,0.7162668470275225,1.0779506475247709,-0.8900527185960282
HH_023_to_029_32,HH_023_to_029,32,90.176477,22.5086731,12400,0.33750963141909,-0.8646450675912452,1.4870705079437665,-0.14081954001480126
HH_023_to_029_45,HH_023_to_029,45,90.2043415,22.5092983,4800,-0.2695334662058733,-0.9292863366674299,-0.12806513123148539,-0.22294996152820903
HH_023_to_029_49,HH_023_to_029,49,90.218802,22.5097053,4000,0.3276894061370681,1.0745818381330223,-0.38502972431025273,-0.94531566888567
HH_023_to_029_53,HH_023_to_029,53,90.1616915,22.5084431,5200,-0.14473715344578666,-1.0760596180738247,1.943094353884524,0.25528710828599926
HH_023_to_029_86,HH_023_to_029,86,90.186467,22.5082456,4400,-0.369934882620998,-0.4651554755122351,-0.28155769894994864,0.4175978713744575
HH_023_to_029_107,HH_023_to_029,107,90.1812771,22.5074579,6000,0.4937744682920593,0.38436649620145386,-0.1429999210199704,-0.4637385306473627
HH_023_to_029_109,HH_023_to_029,109,90.2053519,22.5077663,16000,0.2691112847872244,-0.0016225837133482834,0.10850426701722143,-0.29400232618631994
HH_023_to_029_125,HH_023_to_029,125,90.1688461,22.5070504,4400,-0.8710500456768605,0.7108191005272085,0.637180392142673,0.6544390869014939
HH_023_to_029_167,HH_023_to_029,167,90.164763,22.5061629,4000,-2.073394776771574,-3.5790270198280214,-2.057771389531749,2.441513713150951
HH_023_to_029_175,HH_023_to_029,175,90.1586041,22.5060001,4800,-0.13170966883025645,0.3942663506823468,-0.26672657787156967,-0.3808441052128999
HH_023_to_029_185,HH_023_to_029,185,90.1550589,22.5057484,8400,-0.39888016410281407,-0.7284856026773021,0.011338884765699813,0.3324990796482929
HH_023_to_029_186,HH_023_to_029,186,90.1629971,22.5055812,8000,-0.6626876676473445,0.31916578240536186,1.1164946219779324,0.20336422642045643
HH_023_to_029_188,HH_023_to_029,188,90.1662475,22.5055933,8400,-2.8280415730438473,-2.298693670403334,-2.81801730099058,3.1633155128523947
HH_023_to_029_200,HH_023_to_029,200,90.1789003,22.5059797,4400,0.18836023327790055,0.9913046949440003,-0.5504270454832243,-0.6589531082938896
HH_023_to_029_217,HH_023_to_029,217,90.2132106,22.5061355,5200,1.1439906289257165,0.8341585156046756,0.5355325723303753,-0.8378261941464765
HH_023_to_029_224,HH_023_to_029,224,90.2040889,22.5062164,5600,-1.386353619888163,0.13076258348944478,-1.748353936727259,1.561817769764815
HH_023_to_029_233,HH_023_to_029,233,90.2029275,22.5055429,7200,-0.010764556674649008,-0.6612324749187557,0.4973271450683621,-0.2953181107170256
HH_023_to_029_235,HH_023_to_029,235,90.2181726,22.5053217,18400,0.8041750867201836,0.20172901161817328,0.5864913295060605,-0.39747814982597063
HH_023_to_029_246,HH_023_to_029,246,90.1515533,22.5042809,7200,-3.53861105325671,-2.2587659555782595,-0.36869189934740015,3.0599324425826566
HH_023_to_029_250,HH_023_to_029,250,90.1680281,22.5051553,4000,0.10199594744505654,0.22045952233782112,0.0014807439164674344,-0.613737967147819
HH_023_to_029_265,HH_023_to_029,265,90.2193002,22.5057964,5200,-3.8527366303865453,-1.6724304811352297,1.0050260755877192,3.370660020218555
HH_023_to_029_294,HH_023_to_029,294,90.1781375,22.5044691,5200,0.8520096496151076,-0.4857058565557727,1.5389298058443337,-0.34592520805186255
HH_023_to_029_296,HH_023_to_029,296,90.1965035,22.5039642,19600,-2.16524175404598,-3.461131582536441,0.4633905822350264,2.103169119540898
HH_023_to_029_300,HH_023_to_029,300,90.2162528,22.5049314,6400,1.2049420201972305,0.5877150207286247,2.1816435906570617,-0.6670272406414023
HH_023_to_029_305,HH_023_to_029,305,90.1590704,22.5036905,10000,0.408899187895085,-0.11838014841094892,0.541605895886086,-0.2016342521307758
HH_023_to_029_310,HH_023_to_029,310,90.1828304,22.5043138,4000,1.3866939140038097,0.8597688843082323,0.16257490424538815,-0.6847903318059301
HH_023_to_029_342,HH_023_to_029,342,90.1800791,22.5030263,9200,1.0337707272805736,1.3681498965762675,-0.0022479519700780446,-1.100807075601246
HH_023_to_029_346,HH_023_to_029,346,90.1935762,22.5037114,5200,-0.7979948345895088,-0.159765099482488,-0.5330759173388842,0.32816132844816404
HH_023_to_029_362,HH_023_to_029,362,90.1786081,22.5030304,6000,-0.8942246819683971,-0.5317910924322408,0.5051246429605739,0.9415193481463868
HH_023_to_029_370,HH_023_to_029,370,90.1562913,22.5019768,19600,0.7282988038929744,0.567152216885668,0.9775806290064619,-0.9274317403662816
HH_023_to_029_374,HH_023_to_029,374,90.1706414,22.5027642,4000,1.1157030419051233,0.8549960168550119,-0.9225231460426183,-0.3768967516207827
HH_023_to_029_388,HH_023_to_029,388,90.1508104,22.5021504,6400,0.621021099685605,0.7131191329859489,2.114832614581652,-0.8833725817478297
HH_023_to_029_389,HH_023_to_029,389,90.1526745,22.5022398,4800,0.6843396486636507,0.25987650656655287,-0.4121472763748337,-0.02558228192234566
HH_023_to_029_393,HH_023_to_029,393,90.1814727,22.5023988,6800,0.77094141317826,1.1633352025536114,-0.35605470956760626,-1.041445338717232
HH_023_to_029_398,HH_023_to_029,398,90.1582508,22.5019021,4800,0.5996493561329344,0.3971731461643996,1.0447537960139213,-0.7361059285034545
HH_023_to_029_402,HH_023_to_029,402,90.1981687,22.502558,4400,-0.2524104144099334,0.351502189711256,1.2472237234562684,0.2022876754407882
HH_023_to_029_432,HH_023_to_029,432,90.1619613,22.5017569,4800,-0.4397097928672287,0.07850209964555784,-1.4882566778897233,0.36915307728938196
HH_023_to_029_478,HH_023_to_029,478,90.1545898,22.4993345,25600,0.03588310092993189,-3.197073116412173,1.5496308070834994,0.14711443773278532
HH_023_to_029_480,HH_023_to_029,480,90.1723173,22.5009222,6000,0.10295540760025249,-0.19483982677718947,-0.6364169927495806,-0.16373965764644993
HH_023_to_029_488,HH_023_to_029,488,90.1594935,22.5004474,5200,0.3929803153602878,0.14301802407142408,2.2209420862484395,-0.14552110260590875
HH_023_to_029_495,HH_023_to_029,495,90.2159962,22.5013723,8400,-1.227995401023262,-0.9715944831924287,-0.022231329994329318,1.7309900665698412
HH_023_to_029_508,HH_023_to_029,508,90.2120705,22.5011304,5200,0.1789561696801486,0.6942610443037274,-0.49019786330356996,-0.30948809797078003
HH_023_to_029_556,HH_023_to_029,556,90.1656137,22.4992639,4400,0.1777195938144289,0.8968103222075976,-0.9667743557995125,-0.7881392258540915
HH_023_to_029_557,HH_023_to_029,557,90.1696419,22.4993708,4000,0.5549624524006823,0.18582015135085186,-0.1081685335309825,-0.5190014809370045
HH_023_to_029_562,HH_023_to_029,562,90.2147481,22.4999408,5600,0.44850871027300404,0.33909474431391273,-0.14370897342568317,-0.2652430357294656
HH_023_to_029_579,HH_023_to_029,579,90.1668833,22.4987672,6400,0.2927147246927985,-0.08978872659285676,-0.3247342876918088,-0.04531904988293174
HH_023_to_029_580,HH_023_to_029,580,90.1757119,22.4989503,10000,0.30818175543801984,0.2923275107075378,-0.6701711610102485,-0.4100545217945678
HH_023_to_029_605,HH_023_to_029,605,90.1829146,22.4988315,5200,0.912826609440397,0.3351744438140839,-0.10078908815646656,-0.3641437630924037
HH_023_to_029_608,HH_023_to_029,608,90.2138264,22.4992722,5200,-1.8646724203992358,-0.36138517990621294,0.07400986779141033,2.1682353875428317
HH_023_to_029_619,HH_023_to_029,619,90.1567248,22.497447,20400,0.2020126044650577,-1.0100281121188286,0.03666392948436155,-0.1219441490240317
HH_023_to_029_623,HH_023_to_029,623,90.1771166,22.4972125,23200,0.2960653936889089,-0.9385300160913659,1.8861810115002926,-0.3679131193076883
HH_023_to_029_624,HH_023_to_029,624,90.1808003,22.4984473,5200,0.40764784192560444,0.8017719983550572,-1.0823896505939674,-0.32770665301132124
HH_023_to_029_626,HH_023_to_029,626,90.1883716,22.4987931,4400,0.7947706344354906,0.8582854066427698,-0.5169763485343455,-0.8527322846341922
HH_023_to_029_649,HH_023_to_029,649,90.1585708,22.4973345,13600,0.6484362562688781,0.46602281302132326,0.9321368393513554,-0.7906722869827228
HH_023_to_029_651,HH_023_to_029,651,90.1698473,22.4978254,8400,0.21171926988566744,0.8627072253258886,-0.29205058330491707,-0.7502036199038734
HH_023_to_029_704,HH_023_to_029,704,90.1517413,22.4953797,30000,-0.14421960322489905,-1.8327524305013334,0.3906863387846161,0.3731864767363682
HH_023_to_029_707,HH_023_to_029,707,90.1642214,22.4965195,6000,0.9974938338531218,1.1967657234914897,0.43769815015774277,-0.9058421329644973
HH_023_to_029_750,HH_023_to_029,750,90.1820168,22.49637,9600,-0.4360720446680179,0.486492376077629,0.26132207874534535,-0.09466096978439759
HH_023_to_029_765,HH_023_to_029,765,90.1612043,22.4955101,4400,0.7847892984163933,0.2607787647176208,-1.0808681368937645,-0.7450771866673574
HH_023_to_029_779,HH_023_to_029,779,90.1757725,22.4955611,5600,0.6992660226532607,0.8031057045174109,-1.1298686207158928,-0.1975741170074551
HH_023_to_029_822,HH_023_to_029,822,90.1739825,22.4945304,11200,0.45957005363441744,0.06503578507525642,2.0206000954872154,-0.7135496222627844
HH_023_to_029_847,HH_023_to_029,847,90.2115065,22.4951609,4800,-0.09259637312685308,-0.34602697069179467,-0.9503835272856284,-0.18347642560703623
HH_023_to_029_854,HH_023_to_029,854,90.178564,22.4941959,4800,-0.8818637141037289,-0.27752123392215855,-0.3627162686112375,0.8428355083434548
HH_023_to_029_881,HH_023_to_029,881,90.2094121,22.4944868,4000,0.6237823317149992,0.6554837644540711,0.11959915739052543,-0.9216315473329665
HH_023_to_029_883,HH_023_to_029,883,90.2162711,22.494699,4400,0.5286568795241718,1.0039545943030401,-0.2948291125928224,-0.6374220887005227
HH_023_to_029_892,HH_023_to_029,892,90.1503478,22.493323,4800,0.5310274179031677,0.7495801888630151,-0.9209177100532819,-0.645880703540774
HH_023_to_029_900,HH_023_to_029,900,90.1970033,22.4942171,4000,-2.5446152498155055,-1.284628649579351,-2.072221872363748,2.820459657994209
HH_023_to_029_902,HH_023_to_029,902,90.2059977,22.494247,4000,0.14735156446134953,0.5018055003008975,-1.5271403687300118,0.23889040874951198
HH_023_to_029_935,HH_023_to_029,935,90.2042145,22.4933548,6800,0.6384006848626542,0.38770934590131856,0.36325258416314526,-0.9439224852649227
HH_023_to_029_942,HH_023_to_029,942,90.1710755,22.4929759,4400,-0.3856930828214324,0.6957805341293036,-0.8196003829709463,-0.7020151474806235
HH_023_to_029_970,HH_023_to_029,970,90.1977177,22.4930461,7200,-3.146291064383097,-1.7303371971061043,-2.3108368439324174,3.507299183022614
HH_023_to_029_972,HH_023_to_029,972,90.1522077,22.4921494,4000,-1.0182835019343346,-0.6164894597076138,-0.560659848688278,1.39941236483199
HH_023_to_029_982,HH_023_to_029,982,90.2163498,22.4930107,9600,-0.706411368982689,-1.8487772834239051,-0.2925255366935738,1.010598036008439
HH_023_to_029_996,HH_023_to_029,996,90.2121568,22.4922235,13600,0.46954316395313384,-0.16196965784232195,-0.5188088683648666,-0.40754679127722254
HH_023_to_029_997,HH_023_to_029,997,90.2178163,22.492942,6400,0.705109813302312,0.9372275511625906,-1.2464093990827732,-0.7854478484049204
HH_023_to_029_1015,HH_023_to_029,1015,90.202185,22.4925561,4000,-1.0162617513299506,-1.14056214262616,0.4486015522118784,1.2573076355157684
HH_023_to_029_1017,HH_023_to_029,1017,90.1509067,22.4913321,4800,-0.6241746130517346,0.13247302151283374,0.5806830237055076,0.42836338117114103
HH_023_to_029_1027,HH_023_to_029,1027,90.2106839,22.4923184,7200,0.3269683918613748,0.9604442278747078,0.4318355416995152,-0.6374220887005227
HH_023_to_029_1033,HH_023_to_029,1033,90.1531898,22.4910196,4400,-0.8449320187690342,-0.3545956314866205,-1.0248142834644964,0.6544390869014939
HH_023_to_029_1041,HH_023_to_029,1041,90.196999,22.4916767,5600,-0.9831498181536641,-1.1385446241676924,-1.0259725669473354,1.1896387167937574
HH_023_to_029_1043,HH_023_to_029,1043,90.2142411,22.4920039,4800,-0.21374824865664982,-0.6764555687417403,-1.5896137576353326,0.23099570156527724
HH_023_to_029_1063,HH_023_to_029,1063,90.1725666,22.4907131,9200,1.0956257524154678,0.831296805113773,1.7667801199483302,-1.0390224106811496
HH_023_to_029_1074,HH_023_to_029,1074,90.1571648,22.4900888,7200,0.1639211350924304,-0.47539967882646467,-0.5079467779019762,0.15204862972293207
HH_023_to_029_1076,HH_023_to_029,1076,90.1854392,22.4909629,4400,0.5135588324558436,-0.07984797458129198,-0.43539141207284604,-0.48670495154695426
HH_023_to_029_1096,HH_023_to_029,1096,90.1658591,22.4900389,16000,0.2279297909549306,-1.4930435825392743,-0.07749740515532288,0.03165434516335512
HH_023_to_029_1101,HH_023_to_029,1101,90.1959828,22.4905809,9200,0.48541961537596673,0.5060208771824339,1.6787484966819426,-0.5756374237804263
HH_023_to_029_1107,HH_023_to_029,1107,90.1689011,22.490115,4800,1.1396792049045426,0.44027537477810896,-0.15008914597045514,-0.8347897683063863
HH_023_to_029_1110,HH_023_to_029,1110,90.1743353,22.4894224,25200,0.29386143478185706,-0.18125542582139867,1.0699517881029046,-0.3742651825593712
HH_023_to_029_1114,HH_023_to_029,1114,90.208616,22.4904873,7200,1.24278971506357,0.25467749521865274,1.9911155711192106,-0.6242642433934651
HH_023_to_029_1120,HH_023_to_029,1120,90.1608642,22.4896781,4400,0.19983464238690204,0.9790468814677502,1.1703238851918423,-0.8096702454474584
HH_023_to_029_1129,HH_023_to_029,1129,90.1518232,22.489048,13200,0.5534473507043735,0.29568403944496513,0.9190163819003904,-0.6302450821694005
HH_023_to_029_1143,HH_023_to_029,1143,90.2138634,22.4908149,6000,-0.38905987102655837,0.44464010441670637,1.1354776878871249,0.08889097224905548
HH_023_to_029_1145,HH_023_to_029,1145,90.1535976,22.4889715,10000,0.10680503537850498,-1.1925530935972575,0.87666888301805,0.7362569613562883
HH_023_to_029_1148,HH_023_to_029,1148,90.1722638,22.4897853,5200,0.2699396224197624,1.0915490092452382,0.7376862972158328,-0.8378261941464765
HH_023_to_029_1161,HH_023_to_029,1161,90.1709871,22.489592,4000,1.1305124120862386,1.4902595243022518,1.6963815309677983,-1.1111045197545955
HH_023_to_029_1165,HH_023_to_029,1165,90.1694352,22.4892634,5200,1.075719919062982,1.091990367579656,0.33423236050932476,-0.9835746344708067
HH_023_to_029_1182,HH_023_to_029,1182,90.1766829,22.4889561,6800,-0.39502431733350435,-0.5224365848876447,-0.2531704000525645,-0.08014864040161365
HH_023_to_029_1194,HH_023_to_029,1194,90.2062804,22.4891972,12000,-0.13724026819711366,0.6381683362120728,0.8146108185064748,-0.4558438234631282
HH_023_to_029_1218,HH_023_to_029,1218,90.2023592,22.4885583,11600,-0.29467529230234407,-0.2612403875823439,0.571908857439139,0.35894440420632
HH_023_to_029_1253,HH_023_to_029,1253,90.1711765,22.4876036,6000,1.3717182219688395,1.0043872985524693,0.15667176365990113,-1.047946862280719
HH_023_to_029_1256,HH_023_to_029,1256,90.1795742,22.4876486,4000,1.3798017533215994,0.9975942605824784,0.52904639268354,-0.6374220887005227
HH_023_to_029_1262,HH_023_to_029,1262,90.2109602,22.4883335,6000,0.3219042349022695,1.17589116321592,-0.20098762459790837,-0.8111056467536828
HH_023_to_029_1271,HH_023_to_029,1271,90.1775739,22.4872232,11600,0.11588158051263003,-1.842240378453173,-0.18812335097692978,-0.06573639604905558
HH_023_to_029_1278,HH_023_to_029,1278,90.1556296,22.4867897,6400,-0.6674589354375032,-0.8826062022390041,-0.8389134219674438,1.0796767238704912
HH_023_to_029_1281,HH_023_to_029,1281,90.1695038,22.4868926,4400,1.241282405184545,0.7340082795821847,-0.9376348741558709,-1.0680424805678617
HH_023_to_029_1295,HH_023_to_029,1295,90.2115697,22.487646,6000,-0.48135432640168424,0.582316825843971,-1.7114710000277515,0.1362592153544626
HH_023_to_029_1307,HH_023_to_029,1307,90.1600789,22.486277,8000,-1.3823380318253027,-1.644058482246203,-1.2242575522501387,1.6480956411353784
HH_023_to_029_1324,HH_023_to_029,1324,90.1952947,22.4867342,5600,1.603273314752267,1.1062218707613676,2.1934623432518077,-0.5359187106175072
HH_023_to_029_1370,HH_023_to_029,1370,90.1751873,22.4855679,4000,0.7110584590331418,1.0268623760138713,-0.6578600469978307,-0.94531566888567
HH_023_to_029_1371,HH_023_to_029,1371,90.1774231,22.4857966,4800,0.7710943208130326,1.0023108764832729,0.3978145369343889,-0.8150530003458
HH_023_to_029_1376,HH_023_to_029,1376,90.2097673,22.4861813,10800,-0.04467539518177407,0.7086762374184222,0.32778047727786286,-0.43566846065897313
HH_023_to_029_1390,HH_023_to_029,1390,90.2062765,22.4855238,8400,0.7271500983936311,-0.011163014503183072,1.1644129499664977,-0.35546826069214593
HH_023_to_029_1405,HH_023_to_029,1405,90.2183989,22.4861574,4000,0.6174467707324076,0.8670818652876181,-0.5798887055743134,-0.8979474257802628
HH_023_to_029_1406,HH_023_to_029,1406,90.1508658,22.484634,6000,-0.7895376575763705,0.07563187465168258,0.6862718134298066,0.7204675469878192
HH_023_to_029_1413,HH_023_to_029,1413,90.2143675,22.4856889,4400,-0.688806562321365,0.5478177347830264,-1.613920042924607,0.4391288909678246
HH_023_to_029_1453,HH_023_to_029,1453,90.1706977,22.4842653,7600,-0.0871065226141904,-0.4326496156389838,-0.10348993086712402,-0.2883929289764692
HH_023_to_029_1461,HH_023_to_029,1461,90.2043445,22.484749,5200,0.8443977130318763,1.1539642243311337,-0.2550961957400487,-1.0564488546329718
HH_023_to_029_1464,HH_023_to_029,1464,90.2138756,22.4846793,4400,0.8395451283179522,0.8530202334193117,0.40691971557337686,-0.9819184021943937
HH_023_to_029_1470,HH_023_to_029,1470,90.180585,22.4842122,7200,-1.835944731290572,-0.9826295582090021,0.1729389172213781,2.138883271088626
HH_023_to_029_1492,HH_023_to_029,1492,90.2177394,22.4846476,4800,1.4325748820975053,1.0990232074530402,1.519324727674504,-1.0518942158728364
HH_023_to_029_1501,HH_023_to_029,1501,90.2082221,22.4843024,7200,0.9763709584135134,1.0148358499380419,0.9146706103584513,-0.9795260666840198
HH_023_to_029_1505,HH_023_to_029,1505,90.16235,22.4835009,5200,-0.25324723027637347,-0.2143031430805481,-1.4563660781083423,0.3828169935697878
HH_023_to_029_1525,HH_023_to_029,1525,90.1991607,22.4835584,11200,-0.020445735982924793,0.8362186065780066,0.13226388823114954,-0.502084251256502
HH_023_to_029_1536,HH_023_to_029,1536,90.1976151,22.4835072,5200,-2.113876069722936,-1.0060422080715055,-1.4860682028390393,2.3322023829077025
HH_023_to_029_1552,HH_023_to_029,1552,90.1543896,22.4824414,4400,1.3018516900752892,1.1073516475984257,-0.1416815875987221,-1.003449421787761
HH_023_to_029_1564,HH_023_to_029,1564,90.164588,22.4822465,7200,0.22463005350694779,1.125579104732608,0.6645073601980949,-0.9268946854557895
HH_023_to_029_1566,HH_023_to_029,1566,90.1807522,22.4825931,4400,-0.04876416486033056,0.6340869580658436,-0.5044895953038032,-0.5512980103270548
HH_023_to_029_1570,HH_023_to_029,1570,90.208848,22.4830591,7600,0.6625071935758011,0.4769064415505962,0.43116182499449024,-0.45044218170549394
HH_023_to_029_1582,HH_023_to_029,1582,90.2178366,22.4832953,7200,0.9089659176431705,0.9025362556656897,0.8440605268164488,-0.8611054589205016
HH_023_to_029_1598,HH_023_to_029,1598,90.1724785,22.4821654,5200,0.6458439493919214,1.4192676224556133,-0.5021275596056226,-1.074667409673513
HH_023_to_029_1628,HH_023_to_029,1628,90.1614775,22.4815178,4000,-0.00759397402168502,-1.3330077763058579,-1.5790287666193799,-0.282160265409968
HH_023_to_029_1640,HH_023_to_029,1640,90.2182324,22.4821097,7600,1.4164561250434526,-0.5177128503040374,1.4438086978061297,-0.5875607801685151
HH_023_to_029_1644,HH_023_to_029,1644,90.176924,22.481525,4400,-0.21014231855121987,1.0892912701373294,0.3314442178322622,-0.33598781439338543
HH_023_to_029_1653,HH_023_to_029,1653,90.1711812,22.4810025,4000,-1.1069456326489624,-1.1780142308164354,-2.116187148748533,0.8073093260143992
HH_023_to_029_1659,HH_023_to_029,1659,90.1997243,22.4817565,5600,0.11318904664026307,0.4424743498573051,-0.6133817533997519,-0.3836636434929837
HH_023_to_029_1704,HH_023_to_029,1704,90.1672148,22.4802288,4000,0.8810665113667054,0.5277096891480183,0.24335881155085518,-0.40058087317348634
HH_023_to_029_1728,HH_023_to_029,1728,90.1568306,22.4795073,4800,-0.004918687002424383,0.8242998378184865,-0.31111965007387216,-0.47952794501583174
HH_023_to_029_1754,HH_023_to_029,1754,90.1509674,22.4790803,6400,0.8918850971353398,0.5470260255885869,-0.1646209528783024,-0.6966323925822818
HH_023_to_029_1755,HH_023_to_029,1755,90.154537,22.4785472,12400,-1.1126859060224512,-0.7829513427911022,0.387045722328461,1.3948283413056604
HH_023_to_029_1781,HH_023_to_029,1781,90.2074362,22.4796853,4000,0.771563095342431,-0.626328037683507,0.09158859941959235,-0.02163492833022819
HH_023_to_029_1785,HH_023_to_029,1785,90.1569917,22.4784922,7200,-0.5619037109683529,-0.962844086612842,-0.2940584825322346,0.7441516685405231
HH_023_to_029_1786,HH_023_to_029,1786,90.1647003,22.4790948,4400,-4.516159505511724,-2.9036912603781984,-1.2744108633072055,3.475002653632564
HH_023_to_029_1789,HH_023_to_029,1789,90.1774182,22.4793367,6000,-0.6944006170911604,-0.05137045168821087,-0.6733199356913893,0.7520463757247573
HH_023_to_029_1808,HH_023_to_029,1808,90.2175404,22.4798662,6000,0.9397273614552356,-0.07304446796010503,-0.0698204643595753,-0.8742633042275592
HH_023_to_029_1816,HH_023_to_029,1816,90.2081979,22.4791452,9200,-0.39721911497974727,0.37484281525353247,-0.40919362751146154,0.3820248824810686
HH_023_to_029_1848,HH_023_to_029,1848,90.1555007,22.4775231,7200,-0.36300229849691584,0.19757491124163673,-0.31482054507825935,-0.058476895189989275
HH_023_to_029_1857,HH_023_to_029,1857,90.1794327,22.4779913,4400,-1.3245701131504264,-2.1362456077703573,-0.47693970054845414,1.5372108902295387
HH_023_to_029_1866,HH_023_to_029,1866,90.1808369,22.4776375,7200,-0.6326644036109984,-0.38661574594438297,-0.7246336088019238,0.4941526077064291
HH_023_to_029_1869,HH_023_to_029,1869,90.1932339,22.4781491,5600,0.5448388388826895,1.3347021372594199,-0.8225197354189451,-0.9757666823105747
HH_023_to_029_1887,HH_023_to_029,1887,90.1611216,22.4770617,8000,0.02913864128532987,-1.4235088471480934,0.044054027533349555,-0.09268729298833907
HH_023_to_029_1889,HH_023_to_029,1889,90.1829699,22.4776555,5200,0.5343962308960797,0.9888733158082561,-1.2891445513873647,-0.8924818592681003
HH_023_to_029_1902,HH_023_to_029,1902,90.1744236,22.4772594,4800,-1.3329726932071904,-0.4474045513804887,0.7382654389572522,1.711253298609255
HH_023_to_029_1904,HH_023_to_029,1904,90.1948541,22.4775177,10800,0.8033007038089272,0.5181714916704386,0.7955815044007939,-0.6198782949577794
HH_023_to_029_1905,HH_023_to_029,1905,90.1995842,22.4772718,14000,0.24513589068740832,-0.04992410283898968,1.7552773100891463,-0.09607073892443957
HH_023_to_029_1924,HH_023_to_029,1924,90.1717543,22.4766981,4000,-1.6024314517764726,-1.8456699085849393,-0.829129330196859,1.8730947958860629
HH_023_to_029_1925,HH_023_to_029,1925,90.1769576,22.4768254,4000,0.6607899927485958,1.2986722502296073,0.35042676409879747,-0.94531566888567
HH_023_to_029_1931,HH_023_to_029,1931,90.2126982,22.477219,6000,0.24606076674407978,0.7716902593527213,-0.1427055434546818,-0.6216326743320537
HH_023_to_029_1933,HH_023_to_029,1933,90.1553133,22.4761281,5200,-1.4820439336359146,-2.5082498259256227,-1.1561705936300406,1.6216787363265937
HH_023_to_029_1950,HH_023_to_029,1950,90.1755488,22.4762524,6400,-0.9752272574298961,-1.5520892877602595,0.3472582429966842,1.3313205153679672
HH_023_to_029_1952,HH_023_to_029,1952,90.2191665,22.4769095,10000,0.5376020303937512,0.03144537293811317,0.44727542415077254,-0.31531803558375326
HH_023_to_029_1976,HH_023_to_029,1976,90.2143687,22.4767364,4800,-0.46263841744275813,0.4497712789048573,0.786245604422021,0.527047220974073
HH_023_to_029_1978,HH_023_to_029,1978,90.21637,22.4767223,5200,0.12757650166645745,0.2818824488723641,-0.06880768082074483,-0.5645478685383576
HH_023_to_029_1980,HH_023_to_029,1980,90.1607959,22.4749889,7600,-0.18106752296494527,-0.8580721504603992,0.8277016563259804,1.0578624013877376
HH_023_to_029_1986,HH_023_to_029,1986,90.1961485,22.476007,7600,1.0774856786401281,0.2680635501297858,0.9957369434480919,-0.8244019956955515
HH_023_to_029_1987,HH_023_to_029,1987,90.2026196,22.4762128,4400,-0.12442068589890241,0.5351347544862078,-1.5246988277052838,-0.2068016968331839
HH_023_to_029_1995,HH_023_to_029,1995,90.1734804,22.4754417,8800,0.06686994701089562,-0.3875587620441068,-0.029718081577551528,0.09463257747395337
HH_023_to_029_2005,HH_023_to_029,2005,90.1508884,22.4749946,4000,0.1812320130732212,0.6060555392957224,-0.7817587055689543,-0.8505791826748554
HH_023_to_029_2014,HH_023_to_029,2014,90.217745,22.4761087,4000,0.44224043732737434,0.9764358602774846,0.6200163353549152,-0.9216315473329665
HH_023_to_029_2020,HH_023_to_029,2020,90.211825,22.47588,4000,0.5449346728117422,-0.9275284407586197,2.9341635849997076,0.2625745303022157
HH_023_to_029_2033,HH_023_to_029,2033,90.20006,22.4747777,16400,-0.2593689230490621,0.3299839469691564,-0.17020035608837053,-0.3197082629935225
HH_023_to_029_2035,HH_023_to_029,2035,90.2064473,22.4757267,6000,-0.7604491946725399,-0.8913043951446283,-1.647699024122155,0.8941511050409793
HH_023_to_029_2036,HH_023_to_029,2036,90.2143436,22.4758874,6000,0.32766889612150313,0.16603188811437372,0.06128070126129676,-0.6058432599635846
HH_023_to_029_2054,HH_023_to_029,2054,90.2051192,22.4749013,7200,0.3075479652236729,0.3871049557722771,-1.075222998887564,-0.4663700997087743
HH_023_to_029_2058,HH_023_to_029,2058,90.190333,22.4748679,5200,0.36645633657981813,1.2147037573156103,0.11609468731054969,-0.9471375243897241
HH_023_to_029_2068,HH_023_to_029,2068,90.1773685,22.4740222,12400,-0.6670405275042833,-1.237800837378056,0.050447710787208035,0.9058658318304885
HH_023_to_029_2085,HH_023_to_029,2085,90.2146402,22.4744935,8000,0.4626449469860276,0.7376522076904427,-0.20648908140940053,-0.44794911627889367
HH_023_to_029_2088,HH_023_to_029,2088,90.1540396,22.4720556,29200,1.0529390316819858,0.07177717769934813,0.9778097914182753,-0.5238680812560531
HH_023_to_029_2096,HH_023_to_029,2096,90.165664,22.4733958,4000,-0.1970693846812775,0.37396205273292005,0.10154988933627312,0.14415392253869733
HH_023_to_029_2115,HH_023_to_029,2115,90.1967136,22.4734773,5600,-0.3335540741918116,-0.09737528832349467,-0.9399197429194612,0.7836252044616956
HH_023_to_029_2137,HH_023_to_029,2137,90.1750455,22.4730972,6000,-0.9417518025321616,-0.6067231852159802,0.15027937951268558,0.9415193481463868
HH_023_to_029_2152,HH_023_to_029,2152,90.2085867,22.4736576,5200,-0.6111537813103585,-0.263021454105801,1.0077910941665376,1.0933406401508967
HH_023_to_029_2157,HH_023_to_029,2157,90.1560216,22.4723624,4800,0.7843235249117494,0.8414645174832642,0.4671496772170165,-0.5190014809370045
HH_023_to_029_2186,HH_023_to_029,2186,90.2035156,22.4728267,10400,0.9026610900466173,0.3094277034809491,3.3142816690792114,-0.7558426964640409
HH_023_to_029_2228,HH_023_to_029,2228,90.1619441,22.4713659,4400,0.6016617059368832,0.005271790800218793,-0.5419114014387992,0.3960668517810905
HH_023_to_029_2259,HH_023_to_029,2259,90.1886662,22.4715755,5200,0.3453048881304249,0.18769194618467314,-0.8949953361001991,-0.5645478685383576
HH_023_to_029_2271,HH_023_to_029,2271,90.2033298,22.4715033,5600,0.9547742826319658,1.3178485859081832,0.4457320854589678,-0.9757666823105747
HH_023_to_029_2272,HH_023_to_029,2272,90.2141327,22.4710817,14000,0.44373230819953063,0.4139846833288368,0.6199485219881541,-0.4019990840449058
HH_023_to_029_2276,HH_023_to_029,2276,90.1593647,22.4705655,4400,0.7395101261782555,1.1157494600057354,0.12111807287744256,-0.9993869652607104
HH_023_to_029_2290,HH_023_to_029,2290,90.1567156,22.47039,5200,0.8795755444176679,-0.3456816447843465,0.2595906294116444,0.05303026842914274
HH_023_to_029_2314,HH_023_to_029,2314,90.1747377,22.4705554,4800,1.0780269478036526,0.29663543046564567,1.1305405630013228,-0.4597911770552454
HH_023_to_029_2315,HH_023_to_029,2315,90.1769594,22.4703536,4800,-0.15741308428196168,0.09462452039727498,-0.6447655716797245,0.07310155788058645
HH_023_to_029_2321,HH_023_to_029,2321,90.2098926,22.4706012,21600,0.5358467563247831,-0.28459999627878885,0.5154793023687347,-0.4738209277742164
VV_025_to_026_19,VV_025_to_026,19,90.1674814,22.5090991,4000,0.8910429300440366,1.0816989855440378,-0.5435415204543514,-0.9216315473329665
VV_025_to_026_87,VV_025_to_026,87,90.1923973,22.5082479,4800,-1.6377399904452397,-1.8352090739819638,-1.0638940094972034,1.9086209782151187
VV_025_to_026_207,VV_025_to_026,207,90.2196199,22.5057297,4000,-4.014471182884706,-1.6724304811352297,-2.3355372781771573,3.175721481284763
VV_025_to_026_415,VV_025_to_026,415,90.1568177,22.4999362,4800,-1.1833119502773235,-1.2871617840047194,-0.9124244106431153,1.533622386963977
VV_025_to_026_482,VV_025_to_026,482,90.151746,22.4985678,4000,0.5551288646468494,0.7611615878899964,-0.4141024318724477,-0.7084744533586336
VV_025_to_026_566,VV_025_to_026,566,90.1815711,22.4974318,4000,-0.26733002705461484,0.8071967138227403,-0.9538271991747149,-0.40058087317348634
VV_025_to_026_708,VV_025_to_026,708,90.21585,22.4952384,5200,0.40917577029096874,0.3379698528474127,-0.31133322320597034,-0.01799121732211974
VV_025_to_026_854,VV_025_to_026,854,90.1736014,22.4909558,4000,0.6820982085844788,1.084239517816251,-0.014655719516730501,-0.6847903318059301
VV_025_to_026_877,VV_025_to_026,877,90.2143571,22.4914985,4400,0.11608660835443133,-0.6842182829765001,-1.01162055639887,-0.3575188339867524
VV_025_to_026_935,VV_025_to_026,935,90.160373,22.488652,4400,-0.11723167686448525,0.7725400346657939,-0.9959650222448859,-0.3144567948000184
VV_025_to_026_1053,VV_025_to_026,1053,90.1983754,22.4868634,6000,-0.4520115356891543,-0.1036439166595807,0.3520116742031756,0.7204675469878192
VV_025_to_026_1135,VV_025_to_026,1135,90.1586449,22.4841993,10400,-0.9176529952439869,-2.3045125654840453,0.8470495113805089,1.3028540231171215
VV_025_to_026_1265,VV_025_to_026,1265,90.1589609,22.4818998,5200,-0.2959862339230456,-0.3262046494434252,0.07438894710981815,-0.5645478685383576
VV_025_to_026_1298,VV_025_to_026,1298,90.1939619,22.4816384,5200,-0.16035520940588568,1.299732166267685,-0.65076458633546,-0.9653560794302654
VV_025_to_026_1354,VV_025_to_026,1354,90.1610285,22.4797227,4000,-0.2623542556980637,-1.7552014999344354,1.26045694336384,0.949414055330621
VV_025_to_026_1422,VV_025_to_026,1422,90.1512561,22.4779075,4000,0.8065008085909504,0.7003856239993582,-0.4206920204080605,-0.613737967147819
