candidate_key,comparison,region_id,lon,lat,area_m2,s1_median_db,s1_min_db,s1_max_db,s1_pct_le_minus3db
HH_023_to_029_22,HH_023_to_029,22,90.1669106,22.5087995,9200,0.7031314373016357,-7.143983364105225,6.371836185455322,9.565217391304348
HH_023_to_029_28,HH_023_to_029,28,90.1568007,22.5088386,4000,0.3721693158149719,-8.236520767211914,4.445623397827148,20.0
HH_023_to_029_30,HH_023_to_029,30,90.1686859,22.5087894,6000,0.481343150138855,-5.505053997039795,8.367513656616211,3.733333333333334
HH_023_to_029_32,HH_023_to_029,32,90.176477,22.5086731,12400,0.1234827116131782,-10.905732154846191,9.118350982666016,16.387096774193548
HH_023_to_029_45,HH_023_to_029,45,90.2043415,22.5092983,4800,-0.8772270679473877,-11.126558303833008,6.154172897338867,15.0
HH_023_to_029_49,HH_023_to_029,49,90.218802,22.5097053,4000,0.1072940826416015,-4.280985832214356,5.6825785636901855,2.8000000000000003
HH_023_to_029_53,HH_023_to_029,53,90.1616915,22.5084431,5200,-0.6715005040168762,-11.627962112426758,9.95526885986328,23.07692307692308
HH_023_to_029_86,HH_023_to_029,86,90.186467,22.5082456,4400,-1.042738676071167,-9.541004180908203,5.872475624084473,25.818181818181817
HH_023_to_029_107,HH_023_to_029,107,90.1812771,22.5074579,6000,0.3810850977897644,-6.638885021209717,6.126763820648193,10.933333333333334
HH_023_to_029_109,HH_023_to_029,109,90.2053519,22.5077663,16000,0.0107281235978007,-7.957492828369141,6.588336944580078,13.8
HH_023_to_029_125,HH_023_to_029,125,90.1688461,22.5070504,4400,-1.868826389312744,-5.523664474487305,7.558589935302734,29.818181818181817
HH_023_to_029_167,HH_023_to_029,167,90.164763,22.5061629,4000,-3.8508901596069336,-20.17854690551757,2.612679004669189,60.0
HH_023_to_029_175,HH_023_to_029,175,90.1586041,22.5060001,4800,-0.6500247120857239,-6.60506534576416,5.899694442749023,12.333333333333334
HH_023_to_029_185,HH_023_to_029,185,90.1550589,22.5057484,8400,-1.0904549360275269,-10.440587043762209,6.410014152526856,24.38095238095238
HH_023_to_029_186,HH_023_to_029,186,90.1629971,22.5055812,8000,-1.525341272354126,-6.861622333526611,8.438251495361328,22.2
HH_023_to_029_188,HH_023_to_029,188,90.1662475,22.5055933,8400,-5.094924449920654,-15.804698944091797,1.217437505722046,72.19047619047619
HH_023_to_029_200,HH_023_to_029,200,90.1789003,22.5059797,4400,-0.1223898828029632,-4.565475463867188,5.379033088684082,7.636363636363637
HH_023_to_029_217,HH_023_to_029,217,90.2132106,22.5061355,5200,1.4529656171798706,-5.1023149490356445,7.372040748596191,4.615384615384616
HH_023_to_029_224,HH_023_to_029,224,90.2040889,22.5062164,5600,-2.718303680419922,-7.505241394042969,3.180537462234497,45.14285714285714
HH_023_to_029_233,HH_023_to_029,233,90.2029275,22.5055429,7200,-0.4506468474864959,-10.210838317871094,7.301924228668213,13.77777777777778
HH_023_to_029_235,HH_023_to_029,235,90.2181726,22.5053217,18400,0.8927801251411438,-7.262807369232178,7.46556282043457,12.05240174672489
HH_023_to_029_246,HH_023_to_029,246,90.1515533,22.5042809,7200,-6.266297340393066,-15.668298721313477,5.712562561035156,70.44444444444444
HH_023_to_029_250,HH_023_to_029,250,90.1680281,22.5051553,4000,-0.2647612988948822,-7.1988205909729,6.3919219970703125,8.4
HH_023_to_029_265,HH_023_to_029,265,90.2193002,22.5057964,5200,-6.784132957458496,-13.665271759033203,8.233678817749023,75.6923076923077
HH_023_to_029_294,HH_023_to_029,294,90.1781375,22.5044691,5200,0.9716353416442872,-9.611207962036133,9.213525772094728,12.923076923076923
HH_023_to_029_296,HH_023_to_029,296,90.1965035,22.5039642,19600,-4.002299785614014,-19.77579498291016,7.239642143249512,54.285714285714285
HH_023_to_029_300,HH_023_to_029,300,90.2162528,22.5049314,6400,1.5534439086914062,-5.944210052490234,10.39306640625,7.5
HH_023_to_029_305,HH_023_to_029,305,90.1590704,22.5036905,10000,0.2411683052778244,-8.35635757446289,7.383186817169189,15.36
HH_023_to_029_310,HH_023_to_029,310,90.1828304,22.5043138,4000,1.8530616760253904,-5.014825344085693,6.687570095062256,7.199999999999999
HH_023_to_029_342,HH_023_to_029,342,90.1800791,22.5030263,9200,1.2712682485580444,-3.278104782104492,6.38507890701294,0.1739130434782608
HH_023_to_029_346,HH_023_to_029,346,90.1935762,22.5037114,5200,-1.7483949661254885,-8.497735977172852,5.410876750946045,24.307692307692307
HH_023_to_029_362,HH_023_to_029,362,90.1786081,22.5030304,6000,-1.907029747962952,-9.768643379211426,7.316234588623047,34.66666666666667
HH_023_to_029_370,HH_023_to_029,370,90.1562913,22.5019768,19600,0.7676981687545776,-6.014456272125244,8.183309555053711,3.1020408163265305
HH_023_to_029_374,HH_023_to_029,374,90.1706414,22.5027642,4000,1.406333565711975,-5.031130313873291,4.696143627166748,12.4
HH_023_to_029_388,HH_023_to_029,388,90.1508104,22.5021504,6400,0.5908510088920593,-5.515807151794434,10.270451545715332,3.8461538461538463
HH_023_to_029_389,HH_023_to_029,389,90.1526745,22.5022398,4800,0.695231556892395,-7.064165115356445,5.632811069488525,18.33333333333333
HH_023_to_029_393,HH_023_to_029,393,90.1814727,22.5023988,6800,0.8379944562911987,-3.97778844833374,5.73575496673584,1.1764705882352942
HH_023_to_029_398,HH_023_to_029,398,90.1582508,22.5019021,4800,0.5556197166442871,-6.59513521194458,8.306589126586914,6.333333333333334
HH_023_to_029_402,HH_023_to_029,402,90.1981687,22.502558,4400,-0.8489997386932373,-6.751155376434326,8.67817211151123,22.181818181818183
HH_023_to_029_432,HH_023_to_029,432,90.1619613,22.5017569,4800,-1.1577625274658203,-7.683772563934326,3.657881021499634,25.0
HH_023_to_029_478,HH_023_to_029,478,90.1545898,22.4993345,25600,-0.373748242855072,-18.87372398376465,9.23316478729248,21.25
HH_023_to_029_480,HH_023_to_029,480,90.1723173,22.5009222,6000,-0.2631796300411224,-8.617557525634766,5.221220016479492,16.0
HH_023_to_029_488,HH_023_to_029,488,90.1594935,22.5004474,5200,0.2149260640144348,-7.463374614715576,10.46518898010254,16.307692307692307
HH_023_to_029_495,HH_023_to_029,495,90.2159962,22.5013723,8400,-2.4572503566741943,-11.271090507507324,6.348404407501221,48.0
HH_023_to_029_508,HH_023_to_029,508,90.2120705,22.5011304,5200,-0.1378924697637558,-5.580229759216309,5.489568710327148,13.538461538461538
HH_023_to_029_556,HH_023_to_029,556,90.1656137,22.4992639,4400,-0.1399309635162353,-4.888285160064697,4.614931583404541,5.454545454545454
HH_023_to_029_557,HH_023_to_029,557,90.1696419,22.4993708,4000,0.4819534122943878,-7.317154884338379,6.190688133239746,10.0
HH_023_to_029_562,HH_023_to_029,562,90.2147481,22.4999408,5600,0.3064645528793335,-6.793541431427002,6.125462532043457,14.285714285714285
HH_023_to_029_579,HH_023_to_029,579,90.1668833,22.4987672,6400,0.0496383644640445,-8.258684158325195,5.793235778808594,18.0
HH_023_to_029_580,HH_023_to_029,580,90.1757119,22.4989503,10000,0.0751357451081276,-6.953306674957275,5.15927267074585,11.84
HH_023_to_029_605,HH_023_to_029,605,90.1829146,22.4988315,5200,1.071892023086548,-6.806933879852295,6.204231262207031,12.615384615384617
HH_023_to_029_608,HH_023_to_029,608,90.2138264,22.4992722,5200,-3.506811618804932,-9.186506271362305,6.525031089782715,55.38461538461539
HH_023_to_029_619,HH_023_to_029,619,90.1567248,22.497447,20400,-0.0998839661478996,-11.402386665344238,6.456491947174072,16.705882352941178
HH_023_to_029_623,HH_023_to_029,623,90.1771166,22.4972125,23200,0.0551619380712509,-11.158136367797852,9.850818634033203,12.551724137931034
HH_023_to_029_624,HH_023_to_029,624,90.1808003,22.4984473,5200,0.2391054630279541,-5.212953090667725,4.4027485847473145,13.230769230769232
HH_023_to_029_626,HH_023_to_029,626,90.1883716,22.4987931,4400,0.8772768974304199,-5.019893169403076,5.440423488616943,4.363636363636364
HH_023_to_029_649,HH_023_to_029,649,90.1585708,22.4973345,13600,0.6360448598861694,-6.35993242263794,8.099908828735352,5.411764705882352
HH_023_to_029_651,HH_023_to_029,651,90.1698473,22.4978254,8400,-0.0838825404644012,-5.004787445068359,5.85321855545044,6.095238095238095
HH_023_to_029_704,HH_023_to_029,704,90.1517413,22.4953797,30000,-0.6706473231315613,-14.212960243225098,7.1062116622924805,25.068119891008173
HH_023_to_029_707,HH_023_to_029,707,90.1642214,22.4965195,6000,1.211465835571289,-3.86358380317688,7.192490100860596,3.4666666666666663
HH_023_to_029_750,HH_023_to_029,750,90.1820168,22.49637,9600,-1.1517657041549685,-6.290004730224609,6.868795871734619,17.166666666666668
HH_023_to_029_765,HH_023_to_029,765,90.1612043,22.4955101,4400,0.8608226776123047,-7.06108283996582,4.405540943145752,6.181818181818182
HH_023_to_029_779,HH_023_to_029,779,90.1757725,22.4955611,5600,0.7198376655578613,-5.208396911621094,4.31561279296875,15.428571428571429
HH_023_to_029_822,HH_023_to_029,822,90.1739825,22.4945304,11200,0.3246991634368896,-7.729775905609131,10.097511291503906,6.714285714285714
HH_023_to_029_847,HH_023_to_029,847,90.2115065,22.4951609,4800,-0.5855464935302734,-9.134039878845217,4.645012855529785,15.666666666666668
HH_023_to_029_854,HH_023_to_029,854,90.178564,22.4941959,4800,-1.8866527080535889,-8.900012016296387,5.72352933883667,33.0
HH_023_to_029_881,HH_023_to_029,881,90.2094121,22.4944868,4000,0.5954028964042664,-5.712699890136719,6.608698844909668,3.2
HH_023_to_029_883,HH_023_to_029,883,90.2162711,22.494699,4400,0.4385887086391449,-4.522261142730713,5.848119258880615,8.0
HH_023_to_029_892,HH_023_to_029,892,90.1503478,22.493323,4800,0.4424965381622314,-5.391249656677246,4.699090003967285,7.857142857142857
HH_023_to_029_900,HH_023_to_029,900,90.1970033,22.4942171,4000,-4.627696514129639,-12.340471267700195,2.5861587524414062,66.4
HH_023_to_029_902,HH_023_to_029,902,90.2059977,22.494247,4000,-0.1899926215410232,-6.237692356109619,3.586519718170166,22.8
HH_023_to_029_935,HH_023_to_029,935,90.2042145,22.4933548,6800,0.6195012331008911,-6.62746524810791,7.055863857269287,2.823529411764706
HH_023_to_029_942,HH_023_to_029,942,90.1710755,22.4929759,4400,-1.068716049194336,-5.575038909912109,4.885032653808594,6.909090909090909
HH_023_to_029_970,HH_023_to_029,970,90.1977177,22.4930461,7200,-5.619558334350586,-13.863091468811035,2.148240566253662,78.0
HH_023_to_029_972,HH_023_to_029,972,90.1522077,22.4921494,4000,-2.1115405559539795,-10.057988166809082,5.36025333404541,42.4
HH_023_to_029_982,HH_023_to_029,982,90.2163498,22.4930107,9600,-1.5974197387695312,-14.267704010009766,5.852346897125244,35.833333333333336
HH_023_to_029_996,HH_023_to_029,996,90.2121568,22.4922235,13600,0.3411398231983185,-8.505267143249512,5.437060356140137,11.882352941176473
HH_023_to_029_997,HH_023_to_029,997,90.2178163,22.492942,6400,0.7294711470603943,-4.750212669372559,4.101731300354004,5.5
HH_023_to_029_1015,HH_023_to_029,1015,90.202185,22.4925561,4000,-2.1082077026367188,-11.84831428527832,7.21250057220459,40.0
HH_023_to_029_1017,HH_023_to_029,1017,90.1509067,22.4913321,4800,-1.4618525505065918,-7.499398231506348,7.4549031257629395,26.0
HH_023_to_029_1027,HH_023_to_029,1027,90.2106839,22.4923184,7200,0.1061054915189743,-4.670900344848633,7.1817307472229,8.0
HH_023_to_029_1033,HH_023_to_029,1033,90.1531898,22.4910196,4400,-1.8257708549499512,-9.163311958312988,4.508413791656494,29.818181818181817
HH_023_to_029_1041,HH_023_to_029,1041,90.196999,22.4916767,5600,-2.0536227226257324,-11.841422080993652,4.506288051605225,38.85714285714285
HH_023_to_029_1043,HH_023_to_029,1043,90.2142411,22.4920039,4800,-0.7852652072906494,-10.262843132019045,3.47186541557312,22.666666666666664
HH_023_to_029_1063,HH_023_to_029,1063,90.1725666,22.4907131,9200,1.3732361793518066,-5.112091064453125,9.631688117980955,1.2173913043478262
HH_023_to_029_1074,HH_023_to_029,1074,90.1571648,22.4900888,7200,-0.1626777052879333,-9.576000213623049,5.456995010375977,21.333333333333336
HH_023_to_029_1076,HH_023_to_029,1076,90.1854392,22.4909629,4400,0.413699597120285,-8.224724769592285,5.590152263641357,10.545454545454543
HH_023_to_029_1096,HH_023_to_029,1096,90.1658591,22.4900389,16000,-0.0571595169603824,-13.052453994750977,6.24697732925415,19.3
HH_023_to_029_1101,HH_023_to_029,1101,90.1959828,22.4905809,9200,0.3673121333122253,-6.223291873931885,9.470128059387209,9.043478260869566
HH_023_to_029_1107,HH_023_to_029,1107,90.1689011,22.490115,4800,1.4458582401275637,-6.447890281677246,6.113753318786621,4.666666666666667
HH_023_to_029_1110,HH_023_to_029,1110,90.1743353,22.4894224,25200,0.0515287145972251,-8.571150779724121,8.35283374786377,12.444444444444445
HH_023_to_029_1114,HH_023_to_029,1114,90.208616,22.4904873,7200,1.6158357858657837,-7.081925868988037,10.043399810791016,8.222222222222223
HH_023_to_029_1120,HH_023_to_029,1120,90.1608642,22.4896781,4400,-0.1034743338823318,-4.6073503494262695,8.537041664123535,5.090909090909091
HH_023_to_029_1129,HH_023_to_029,1129,90.1518232,22.489048,13200,0.4794557690620422,-6.941840171813965,8.07582950592041,8.121212121212121
HH_023_to_029_1143,HH_023_to_029,1143,90.2138634,22.4908149,6000,-1.0742661952972412,-6.432979583740234,8.473090171813965,20.266666666666666
HH_023_to_029_1145,HH_023_to_029,1145,90.1535976,22.4889715,10000,-0.2568335235118866,-12.025924682617188,7.998111248016357,31.2
HH_023_to_029_1148,HH_023_to_029,1148,90.1722638,22.4897853,5200,0.0120936371386051,-4.223022937774658,7.743043422698975,4.615384615384616
HH_023_to_029_1161,HH_023_to_029,1161,90.1709871,22.489592,4000,1.4307467937469482,-2.8609564304351807,9.50248908996582,0.0
HH_023_to_029_1165,HH_023_to_029,1165,90.1694352,22.4892634,5200,1.340421438217163,-4.22151517868042,7.0026044845581055,2.1538461538461537
HH_023_to_029_1182,HH_023_to_029,1182,90.1766829,22.4889561,6800,-1.0840985774993896,-9.736686706542969,5.924573421478272,17.41176470588235
HH_023_to_029_1194,HH_023_to_029,1194,90.2062804,22.4891972,12000,-0.6591418981552124,-5.771852493286133,7.884219169616699,11.066666666666666
HH_023_to_029_1218,HH_023_to_029,1218,90.2023592,22.4885583,11600,-0.91867333650589,-8.844393730163574,7.43880033493042,24.82758620689655
HH_023_to_029_1253,HH_023_to_029,1253,90.1711765,22.4876036,6000,1.828374266624451,-4.520782947540283,6.676736354827881,1.0666666666666669
HH_023_to_029_1256,HH_023_to_029,1256,90.1795742,22.4876486,4000,1.8416999578475952,-4.543989181518555,7.360136985778809,8.0
HH_023_to_029_1262,HH_023_to_029,1262,90.2109602,22.4883335,6000,0.0977572351694107,-3.934895038604736,6.020341873168945,5.066666666666666
HH_023_to_029_1271,HH_023_to_029,1271,90.1775739,22.4872232,11600,-0.2418708503246307,-14.245372772216797,6.043951034545898,17.655172413793103
HH_023_to_029_1278,HH_023_to_029,1278,90.1556296,22.4867897,6400,-1.5332067012786863,-10.967090606689451,4.849588394165039,37.0
HH_023_to_029_1281,HH_023_to_029,1281,90.1695038,22.4868926,4400,1.6133509874343872,-5.444446086883545,4.668409824371338,0.7272727272727273
HH_023_to_029_1295,HH_023_to_029,1295,90.2115697,22.487646,6000,-1.2264134883880615,-5.962651252746582,3.2482268810272217,21.066666666666663
HH_023_to_029_1307,HH_023_to_029,1307,90.1600789,22.486277,8000,-2.711683988571167,-13.568347930908203,4.142385482788086,46.6
HH_023_to_029_1324,HH_023_to_029,1324,90.1952947,22.4867342,5600,2.210092544555664,-4.172897815704346,10.414756774902344,9.714285714285714
HH_023_to_029_1370,HH_023_to_029,1370,90.1751873,22.4855679,4000,0.7392774820327759,-4.444004058837891,5.181866645812988,2.8000000000000003
HH_023_to_029_1371,HH_023_to_029,1371,90.1774231,22.4857966,4800,0.8382465243339539,-4.527876377105713,7.119293689727783,5.0
HH_023_to_029_1376,HH_023_to_029,1376,90.2097673,22.4861813,10800,-0.5065488219261169,-5.530984878540039,6.9907636642456055,11.407407407407408
HH_023_to_029_1390,HH_023_to_029,1390,90.2062765,22.4855238,8400,0.7658045291900635,-7.990084648132324,8.526193618774414,12.761904761904765
HH_023_to_029_1405,HH_023_to_029,1405,90.2183989,22.4861574,4000,0.5849587321281433,-4.989842891693115,5.324963569641113,3.6
HH_023_to_029_1406,HH_023_to_029,1406,90.1508658,22.484634,6000,-1.7344533205032349,-7.693577766418457,7.648684978485107,30.933333333333334
HH_023_to_029_1413,HH_023_to_029,1413,90.2143675,22.4856889,4400,-1.5683982372283936,-6.080506324768066,3.4272572994232178,26.181818181818183
HH_023_to_029_1453,HH_023_to_029,1453,90.1706977,22.4842653,7600,-0.5764964818954468,-9.42995834350586,6.19927453994751,13.894736842105262
HH_023_to_029_1461,HH_023_to_029,1461,90.2043445,22.484749,5200,0.959087073802948,-4.009801387786865,5.92103910446167,0.9230769230769232
HH_023_to_029_1464,HH_023_to_029,1464,90.2138756,22.4846793,4400,0.9510875940322876,-5.037879943847656,7.1360039710998535,2.181818181818182
HH_023_to_029_1470,HH_023_to_029,1470,90.180585,22.4842122,7200,-3.45945405960083,-11.308788299560549,6.70659065246582,54.888888888888886
HH_023_to_029_1492,HH_023_to_029,1492,90.2177394,22.4846476,4800,1.9286963939666748,-4.197489738464356,9.177545547485352,1.0
HH_023_to_029_1501,HH_023_to_029,1501,90.2082221,22.4843024,7200,1.176644802093506,-4.48508882522583,8.067853927612305,2.2222222222222223
HH_023_to_029_1505,HH_023_to_029,1505,90.16235,22.4835009,5200,-0.850379228591919,-8.68404769897461,3.716408252716065,25.23076923076923
HH_023_to_029_1525,HH_023_to_029,1525,90.1991607,22.4835584,11200,-0.4666062593460083,-5.095277309417725,6.631941795349121,10.285714285714285
HH_023_to_029_1536,HH_023_to_029,1536,90.1976151,22.4835072,5200,-3.917623519897461,-11.38877010345459,3.6618974208831774,58.15384615384615
HH_023_to_029_1552,HH_023_to_029,1552,90.1543896,22.4824414,4400,1.7131993770599363,-4.16903829574585,6.129183292388916,1.818181818181818
HH_023_to_029_1564,HH_023_to_029,1564,90.164588,22.4822465,7200,-0.062599129974842,-4.106770038604736,7.608741760253906,3.111111111111111
HH_023_to_029_1566,HH_023_to_029,1566,90.1807522,22.4825931,4400,-0.5132891535758972,-5.785795211791992,5.463339805603027,9.454545454545457
HH_023_to_029_1570,HH_023_to_029,1570,90.208848,22.4830591,7600,0.6592407822608948,-6.322751998901367,7.18049430847168,11.157894736842106
HH_023_to_029_1582,HH_023_to_029,1582,90.2178366,22.4832953,7200,1.0655276775360107,-4.868724346160889,7.938266754150391,4.222222222222222
HH_023_to_029_1598,HH_023_to_029,1598,90.1724785,22.4821654,5200,0.631771445274353,-3.103477478027344,5.467674732208252,0.6153846153846154
HH_023_to_029_1628,HH_023_to_029,1628,90.1614775,22.4815178,4000,-0.4454201459884643,-12.505743026733398,3.4912915229797363,14.000000000000002
HH_023_to_029_1640,HH_023_to_029,1640,90.2182324,22.4821097,7600,1.9021246433258057,-9.72054958343506,9.038954734802246,8.842105263157894
HH_023_to_029_1644,HH_023_to_029,1644,90.176924,22.481525,4400,-0.7793208360671997,-4.230735778808594,6.997487545013428,13.090909090909092
HH_023_to_029_1653,HH_023_to_029,1653,90.1711812,22.4810025,4000,-2.257699966430664,-11.97625732421875,2.5054714679718018,32.4
HH_023_to_029_1659,HH_023_to_029,1659,90.1997243,22.4817565,5600,-0.2463094890117645,-6.440378189086914,5.263495445251465,12.285714285714286
HH_023_to_029_1704,HH_023_to_029,1704,90.1672148,22.4802288,4000,1.0195355415344238,-6.14919900894165,6.83582878112793,12.0
HH_023_to_029_1728,HH_023_to_029,1728,90.1568306,22.4795073,4800,-0.4410099387168884,-5.135993957519531,5.8182220458984375,10.666666666666668
HH_023_to_029_1754,HH_023_to_029,1754,90.1509674,22.4790803,6400,1.037369966506958,-6.0832109451293945,6.08708381652832,7.000000000000001
HH_023_to_029_1755,HH_023_to_029,1755,90.154537,22.4785472,12400,-2.267162799835205,-10.626651763916016,7.099530220031738,42.32258064516129
HH_023_to_029_1781,HH_023_to_029,1781,90.2074362,22.4796853,4000,0.8390192985534668,-10.091598510742188,6.557292461395264,18.4
HH_023_to_029_1785,HH_023_to_029,1785,90.1569917,22.4784922,7200,-1.359199047088623,-11.24119758605957,5.849533557891846,31.333333333333336
HH_023_to_029_1786,HH_023_to_029,1786,90.1647003,22.4790948,4400,-7.877784729003906,-17.871479034423828,4.050341606140137,77.45454545454545
HH_023_to_029_1789,HH_023_to_029,1789,90.1774182,22.4793367,6000,-1.577620029449463,-8.127440452575684,5.153493881225586,31.466666666666665
HH_023_to_029_1808,HH_023_to_029,1808,90.2175404,22.4798662,6000,1.1162378787994385,-8.201482772827148,6.261066436767578,4.0
HH_023_to_029_1816,HH_023_to_029,1816,90.2081979,22.4791452,9200,-1.0877166986465454,-6.671419620513916,5.6382317543029785,25.217391304347824
HH_023_to_029_1848,HH_023_to_029,1848,90.1555007,22.4775231,7200,-1.0313103199005127,-7.276998519897461,5.811429977416992,17.77777777777778
HH_023_to_029_1857,HH_023_to_029,1857,90.1794327,22.4779913,4400,-2.6164536476135254,-15.249747276306152,5.5139007568359375,44.72727272727273
HH_023_to_029_1866,HH_023_to_029,1866,90.1808369,22.4776375,7200,-1.4758479595184326,-9.272698402404783,5.059320449829102,27.111111111111114
HH_023_to_029_1869,HH_023_to_029,1869,90.1932339,22.4781491,5600,0.4652646481990814,-3.39236831665039,4.879674911499023,2.2857142857142856
HH_023_to_029_1887,HH_023_to_029,1887,90.1611216,22.4770617,8000,-0.3848664760589599,-12.814910888671877,6.470054626464844,17.2
HH_023_to_029_1889,HH_023_to_029,1889,90.1829699,22.4776555,5200,0.4480500221252441,-4.573781490325928,4.023301601409912,3.692307692307693
HH_023_to_029_1902,HH_023_to_029,1902,90.1744236,22.4772594,4800,-2.630305290222168,-9.480363845825195,7.744106292724609,47.66666666666667
HH_023_to_029_1904,HH_023_to_029,1904,90.1948541,22.4775177,10800,0.8913387060165405,-6.181783199310303,7.849295616149902,8.296296296296296
HH_023_to_029_1905,HH_023_to_029,1905,90.1995842,22.4772718,14000,-0.0287952832877635,-8.122499465942383,9.610577583312988,17.142857142857142
HH_023_to_029_1924,HH_023_to_029,1924,90.1717543,22.4766981,4000,-3.074507713317871,-14.257088661193848,4.867544651031494,50.4
HH_023_to_029_1925,HH_023_to_029,1925,90.1769576,22.4768254,4000,0.6564099788665771,-3.5154528617858887,7.032325267791748,2.8000000000000003
HH_023_to_029_1931,HH_023_to_029,1931,90.2126982,22.477219,6000,-0.0272706262767314,-5.315717697143555,6.1273040771484375,8.266666666666666
HH_023_to_029_1933,HH_023_to_029,1933,90.1553133,22.4761281,5200,-2.876049041748047,-16.520580291748047,4.2673420906066895,46.15384615384615
HH_023_to_029_1950,HH_023_to_029,1950,90.1755488,22.4762524,6400,-2.040562391281128,-13.254164695739746,7.026510238647461,41.25
HH_023_to_029_1952,HH_023_to_029,1952,90.2191665,22.4769095,10000,0.453334778547287,-7.844526767730713,7.210066795349121,13.44
HH_023_to_029_1976,HH_023_to_029,1976,90.2143687,22.4767364,4800,-1.195560336112976,-6.415450572967529,7.832161903381348,27.666666666666668
HH_023_to_029_1978,HH_023_to_029,1978,90.21637,22.4767223,5200,-0.2225917875766754,-6.988988876342773,6.262925148010254,9.230769230769232
HH_023_to_029_1980,HH_023_to_029,1980,90.1607959,22.4749889,7600,-0.7313910722732544,-10.883277893066406,7.908244132995605,36.63157894736842
HH_023_to_029_1986,HH_023_to_029,1986,90.1961485,22.476007,7600,1.343332290649414,-7.036196708679199,8.216630935668945,4.842105263157895
HH_023_to_029_1987,HH_023_to_029,1987,90.2026196,22.4762128,4400,-0.6380088329315186,-6.123833656311035,3.591000556945801,15.272727272727272
HH_023_to_029_1995,HH_023_to_029,1995,90.1734804,22.4754417,8800,-0.3226664662361145,-9.275919914245604,6.334664344787598,20.363636363636363
HH_023_to_029_2005,HH_023_to_029,2005,90.1508884,22.4749946,4000,-0.134140744805336,-5.881555557250977,4.954481601715088,4.4
HH_023_to_029_2014,HH_023_to_029,2014,90.217745,22.4761087,4000,0.2961313128471374,-4.616270065307617,7.527089595794678,3.2
HH_023_to_029_2020,HH_023_to_029,2020,90.211825,22.47588,4000,0.4654226303100586,-11.120553016662598,11.774128913879396,23.200000000000003
HH_023_to_029_2033,HH_023_to_029,2033,90.20006,22.4747777,16400,-0.8604708313941956,-6.824665546417236,6.076844215393066,13.365853658536588
HH_023_to_029_2035,HH_023_to_029,2035,90.2064473,22.4757267,6000,-1.6865010261535645,-10.99680519104004,3.365264415740967,33.86666666666667
HH_023_to_029_2036,HH_023_to_029,2036,90.2143436,22.4758874,6000,0.1072602719068527,-7.384755134582519,6.501669883728027,8.533333333333333
HH_023_to_029_2054,HH_023_to_029,2054,90.2051192,22.4749013,7200,0.0740909427404403,-6.62952995300293,4.415901184082031,10.888888888888888
HH_023_to_029_2058,HH_023_to_029,2058,90.190333,22.4748679,5200,0.1712013185024261,-3.802304267883301,6.602267265319824,2.769230769230769
HH_023_to_029_2068,HH_023_to_029,2068,90.1773685,22.4740222,12400,-1.5325169563293457,-12.180499076843262,6.481788635253906,34.064516129032256
HH_023_to_029_2085,HH_023_to_029,2085,90.2146402,22.4744935,8000,0.3297681212425232,-5.431997776031494,6.010245323181152,11.2
HH_023_to_029_2088,HH_023_to_029,2088,90.1540396,22.4720556,29200,1.3028671741485596,-7.706746101379394,8.183730125427246,9.917808219178085
HH_023_to_029_2096,HH_023_to_029,2096,90.165664,22.4733958,4000,-0.7577701210975647,-6.674428462982178,6.575573921203613,21.2
HH_023_to_029_2115,HH_023_to_029,2115,90.1967136,22.4734773,5600,-0.9827649593353271,-8.284601211547852,4.6642165184021,32.0
HH_023_to_029_2137,HH_023_to_029,2137,90.1750455,22.4730972,6000,-1.9853781461715696,-10.024624824523926,6.665004730224609,34.66666666666667
HH_023_to_029_2152,HH_023_to_029,2152,90.2085867,22.4736576,5200,-1.440387725830078,-8.850478172302246,8.238753318786621,37.230769230769226
HH_023_to_029_2157,HH_023_to_029,2157,90.1560216,22.4723624,4800,0.8600548505783081,-5.077356338500977,7.246541023254394,10.0
HH_023_to_029_2186,HH_023_to_029,2186,90.2035156,22.4728267,10400,1.0551341772079468,-6.8948893547058105,12.47174072265625,6.0
HH_023_to_029_2228,HH_023_to_029,2228,90.1619441,22.4713659,4400,0.5589370727539062,-7.933940410614014,5.3946614265441895,25.454545454545453
HH_023_to_029_2259,HH_023_to_029,2259,90.1886662,22.4715755,5200,0.1363331824541092,-7.310760498046875,4.746664047241211,9.230769230769232
HH_023_to_029_2271,HH_023_to_029,2271,90.2033298,22.4715033,5600,1.141042709350586,-3.4499430656433105,7.207234382629394,2.2857142857142856
HH_023_to_029_2272,HH_023_to_029,2272,90.2141327,22.4710817,14000,0.2985906600952148,-6.537703990936279,7.526965141296387,11.976047904191615
HH_023_to_029_2276,HH_023_to_029,2276,90.1593647,22.4705655,4400,0.7861800193786621,-4.140349864959717,6.611486434936523,1.8867924528301887
HH_023_to_029_2290,HH_023_to_029,2290,90.1567156,22.47039,5200,1.0170776844024658,-9.13286018371582,6.8656182289123535,19.661016949152543
HH_023_to_029_2314,HH_023_to_029,2314,90.1747377,22.4705554,4800,1.3442245721817017,-6.938590049743652,8.464029312133789,11.0
HH_023_to_029_2315,HH_023_to_029,2315,90.1769594,22.4703536,4800,-0.6923967599868774,-7.628695487976074,5.205898284912109,20.0
HH_023_to_029_2321,HH_023_to_029,2321,90.2098926,22.4706012,21600,0.4504412114620209,-8.9241943359375,7.335237979888916,10.763052208835342
VV_025_to_026_19,VV_025_to_026,19,90.1674814,22.5090991,4000,1.0359816551208496,-4.256672382354736,5.391669750213623,3.2
VV_025_to_026_87,VV_025_to_026,87,90.1923973,22.5082479,4800,-3.132713794708252,-14.221352577209473,4.436692714691162,51.0
VV_025_to_026_207,VV_025_to_026,207,90.2196199,22.5057297,4000,-7.05075216293335,-13.665271759033203,2.1029090881347656,72.39999999999999
VV_025_to_026_415,VV_025_to_026,415,90.1568177,22.4999362,4800,-2.383589744567871,-12.349124908447266,4.714677333831787,44.66666666666666
VV_025_to_026_482,VV_025_to_026,482,90.151746,22.4985678,4000,0.4822277426719665,-5.351685523986816,5.629222869873047,6.800000000000001
VV_025_to_026_566,VV_025_to_026,566,90.1815711,22.4974318,4000,-0.8735947012901306,-5.194421291351318,4.638692855834961,12.0
VV_025_to_026_708,VV_025_to_026,708,90.21585,22.4952384,5200,0.2416242510080337,-6.797384262084961,5.8178300857543945,18.461538461538463
VV_025_to_026_854,VV_025_to_026,854,90.1736014,22.4909558,4000,0.691536545753479,-4.247993469238281,6.362307548522949,7.199999999999999
VV_025_to_026_877,VV_025_to_026,877,90.2143571,22.4914985,4400,-0.2415328621864318,-10.289361953735352,4.532627582550049,12.727272727272728
VV_025_to_026_935,VV_025_to_026,935,90.160373,22.488652,4400,-0.6261577606201172,-5.312814712524414,4.561359405517578,13.454545454545457
VV_025_to_026_1053,VV_025_to_026,1053,90.1983754,22.4868634,6000,-1.178041934967041,-8.306015968322754,7.035233974456787,30.933333333333334
VV_025_to_026_1135,VV_025_to_026,1135,90.1586449,22.4841993,10400,-1.9456512928009035,-15.824577331542969,7.943752288818359,40.76923076923077
VV_025_to_026_1265,VV_025_to_026,1265,90.1589609,22.4818998,5200,-0.9208344221115112,-9.066323280334473,6.525726795196533,9.230769230769232
VV_025_to_026_1298,VV_025_to_026,1298,90.1939619,22.4816384,5200,-0.6972468495368958,-3.511831998825073,5.194888591766357,2.4615384615384617
VV_025_to_026_1354,VV_025_to_026,1354,90.1610285,22.4797227,4000,-0.8653921484947205,-13.94803237915039,8.702458381652832,34.8
VV_025_to_026_1422,VV_025_to_026,1422,90.1512561,22.4779075,4000,0.8966140747070312,-5.559307098388672,5.617129325866699,8.4
