optical_observation_key,region_id,date,longitude,latitude,window_pixels,valid_pixels,fmask_water_pixels,valid_water_pixels,fmask_water_percent,valid_water_percent,high_aerosol_pixels,optical_valid_fraction,optical_high_aerosol_fraction,optical_valid_water_fraction,optical_available,ndwi_median,mndwi_median,ndwi_gt_0.2,mndwi_gt_0.2
1786_20260626,1786,20260626,90.1647003,22.4790948,121,0,0,0,0.0,,121,0.0,1.0,0.0,False,,,0,0
207_20260626,207,20260626,90.2196199,22.5057297,121,0,14,0,11.57,,121,0.0,1.0,0.0,False,,,0,0
265_20260626,265,20260626,90.2193002,22.5057964,121,0,3,0,2.48,,121,0.0,1.0,0.0,False,,,0,0
246_20260626,246,20260626,90.1515533,22.5042809,121,0,0,0,0.0,,121,0.0,1.0,0.0,False,,,0,0
970_20260626,970,20260626,90.1977177,22.4930461,121,0,10,0,8.26,,121,0.0,1.0,0.0,False,,,0,0
188_20260626,188,20260626,90.1662475,22.5055933,121,0,0,0,0.0,,121,0.0,1.0,0.0,False,,,0,0
1786_20260914,1786,20260914,90.1647003,22.4790948,121,0,0,0,0.0,,121,0.0,1.0,0.0,False,,,0,0
207_20260914,207,20260914,90.2196199,22.5057297,121,0,0,0,0.0,,91,0.0,0.7520661157024794,0.0,False,,,0,0
265_20260914,265,20260914,90.2193002,22.5057964,121,0,0,0,0.0,,87,0.0,0.71900826446281,0.0,False,,,0,0
246_20260914,246,20260914,90.1515533,22.5042809,121,0,0,0,0.0,,107,0.0,0.8842975206611571,0.0,False,,,0,0
970_20260914,970,20260914,90.1977177,22.4930461,121,0,8,0,6.61,,121,0.0,1.0,0.0,False,,,0,0
188_20260914,188,20260914,90.1662475,22.5055933,121,0,0,0,0.0,,91,0.0,0.7520661157024794,0.0,False,,,0,0
