candidate_key,comparison,region_id,lon,lat,area_m2,nisar_change,nisar_change_strength,nisar_signal_percentile,nisar_signal_band,s1_anomaly_percentile,s1_anomaly_band,comparison_aware_k_score_std,s1_anomaly_stability,cross_radar_status,optical_status_for_fusion,rainfall_role_for_fusion
HH_023_to_029_22,HH_023_to_029,22,90.1669106,22.5087995,9200,-0.2522351145744324,0.2522351145744324,0.07692307692307693,lower_half,0.0512820512820512,lower_half,0.0446346641947437,low_sensitivity,neither_radar_measurement_upper_quartile,not_tested,environmental_context_only
HH_023_to_029_28,HH_023_to_029,28,90.1568007,22.5088386,4000,-0.3164175748825073,0.3164175748825073,0.6871794871794872,middle_half,0.7282051282051282,middle_half,0.0225765761042129,low_sensitivity,neither_radar_measurement_upper_quartile,not_tested,environmental_context_only
HH_023_to_029_30,HH_023_to_029,30,90.1686859,22.5087894,6000,-0.3832288682460785,0.3832288682460785,0.958974358974359,upper_quartile,0.1829059829059829,lower_half,0.0475932709580798,low_sensitivity,nisar_upper_quartile_s1_not_upper_quartile,not_tested,environmental_context_only
HH_023_to_029_32,HH_023_to_029,32,90.176477,22.5086731,12400,-0.3103393018245697,0.3103393018245697,0.6358974358974359,middle_half,0.7965811965811967,upper_quartile,0.0875499764580897,low_sensitivity,s1_upper_quartile_nisar_not_upper_quartile,not_tested,environmental_context_only
HH_023_to_029_45,HH_023_to_029,45,90.2043415,22.5092983,4800,-0.2655067145824432,0.2655067145824432,0.15384615384615385,lower_half,0.5589743589743589,middle_half,0.0492993112487916,low_sensitivity,neither_radar_measurement_upper_quartile,not_tested,environmental_context_only
HH_023_to_029_49,HH_023_to_029,49,90.218802,22.5097053,4000,-0.2734116017818451,0.2734116017818451,0.2153846153846154,lower_half,0.1367521367521367,lower_half,0.0339334875237493,low_sensitivity,neither_radar_measurement_upper_quartile,not_tested,environmental_context_only
HH_023_to_029_53,HH_023_to_029,53,90.1616915,22.5084431,5200,-0.3040426075458526,0.3040426075458526,0.5333333333333333,middle_half,0.917948717948718,upper_quartile,0.1030478002566305,moderate_sensitivity,s1_upper_quartile_nisar_not_upper_quartile,not_tested,environmental_context_only
HH_023_to_029_86,HH_023_to_029,86,90.186467,22.5082456,4400,-0.2946341633796692,0.2946341633796692,0.40512820512820513,lower_half,0.5111111111111112,middle_half,0.0390183843218966,low_sensitivity,neither_radar_measurement_upper_quartile,not_tested,environmental_context_only
HH_023_to_029_107,HH_023_to_029,107,90.1812771,22.5074579,6000,-0.3702467828989029,0.3702467828989029,0.9384615384615385,upper_quartile,0.0256410256410256,lower_half,0.0431387257374423,low_sensitivity,nisar_upper_quartile_s1_not_upper_quartile,not_tested,environmental_context_only
HH_023_to_029_109,HH_023_to_029,109,90.2053519,22.5077663,16000,-0.2969890981912613,0.2969890981912613,0.4512820512820513,lower_half,0.3230769230769231,lower_half,0.0157625078873312,low_sensitivity,neither_radar_measurement_upper_quartile,not_tested,environmental_context_only
HH_023_to_029_125,HH_023_to_029,125,90.1688461,22.5070504,4400,-0.295289009809494,0.295289009809494,0.41025641025641024,lower_half,0.7726495726495726,upper_quartile,0.088449909810231,low_sensitivity,s1_upper_quartile_nisar_not_upper_quartile,not_tested,environmental_context_only
HH_023_to_029_167,HH_023_to_029,167,90.164763,22.5061629,4000,-0.2980999052524566,0.2980999052524566,0.46153846153846156,lower_half,0.9811965811965812,upper_quartile,0.1259228602557717,moderate_sensitivity,s1_upper_quartile_nisar_not_upper_quartile,not_tested,environmental_context_only
HH_023_to_029_175,HH_023_to_029,175,90.1586041,22.5060001,4800,-0.2968429028987884,0.2968429028987884,0.4461538461538462,lower_half,0.1692307692307692,lower_half,0.0348857021402756,low_sensitivity,neither_radar_measurement_upper_quartile,not_tested,environmental_context_only
HH_023_to_029_185,HH_023_to_029,185,90.1550589,22.5057484,8400,-0.302141785621643,0.302141785621643,0.5128205128205128,middle_half,0.5675213675213675,middle_half,0.0524221310762156,low_sensitivity,neither_radar_measurement_upper_quartile,not_tested,environmental_context_only
HH_023_to_029_186,HH_023_to_029,186,90.1629971,22.5055812,8000,-0.2837453782558441,0.2837453782558441,0.3230769230769231,lower_half,0.5128205128205128,middle_half,0.0945730660237238,low_sensitivity,neither_radar_measurement_upper_quartile,not_tested,environmental_context_only
HH_023_to_029_188,HH_023_to_029,188,90.1662475,22.5055933,8400,-0.3361970782279968,0.3361970782279968,0.8102564102564103,upper_quartile,0.9675213675213676,upper_quartile,0.2909042899370376,high_sensitivity,dual_radar_upper_quartile_but_sensitive,tested_but_inconclusive_no_valid_pixels,environmental_context_only
HH_023_to_029_200,HH_023_to_029,200,90.1789003,22.5059797,4400,-0.2515866160392761,0.2515866160392761,0.06153846153846154,lower_half,0.2205128205128205,lower_half,0.0229484215431124,low_sensitivity,neither_radar_measurement_upper_quartile,not_tested,environmental_context_only
HH_023_to_029_217,HH_023_to_029,217,90.2132106,22.5061355,5200,-0.2964851260185241,0.2964851260185241,0.4307692307692308,lower_half,0.2119658119658119,lower_half,0.0200724531935657,low_sensitivity,neither_radar_measurement_upper_quartile,not_tested,environmental_context_only
HH_023_to_029_224,HH_023_to_029,224,90.2040889,22.5062164,5600,-0.2983033359050751,0.2983033359050751,0.4717948717948718,lower_half,0.9572649572649572,upper_quartile,0.0382459196539572,low_sensitivity,s1_upper_quartile_nisar_not_upper_quartile,not_tested,environmental_context_only
HH_023_to_029_233,HH_023_to_029,233,90.2029275,22.5055429,7200,-0.2832102179527282,0.2832102179527282,0.3128205128205128,lower_half,0.7452991452991453,middle_half,0.0248123365587956,low_sensitivity,neither_radar_measurement_upper_quartile,not_tested,environmental_context_only
HH_023_to_029_235,HH_023_to_029,235,90.2181726,22.5053217,18400,-0.346604660153389,0.346604660153389,0.8769230769230769,upper_quartile,0.2649572649572649,lower_half,0.029352108732015,low_sensitivity,nisar_upper_quartile_s1_not_upper_quartile,not_tested,environmental_context_only
HH_023_to_029_246,HH_023_to_029,246,90.1515533,22.5042809,7200,-0.3234554529190063,0.3234554529190063,0.7282051282051282,middle_half,0.9743589743589745,upper_quartile,0.1447660937059062,moderate_sensitivity,s1_upper_quartile_nisar_not_upper_quartile,tested_but_inconclusive_no_valid_pixels,environmental_context_only
HH_023_to_029_250,HH_023_to_029,250,90.1680281,22.5051553,4000,-0.3424991369247436,0.3424991369247436,0.8512820512820513,upper_quartile,0.1042735042735042,lower_half,0.0581277579816107,low_sensitivity,nisar_upper_quartile_s1_not_upper_quartile,not_tested,environmental_context_only
HH_023_to_029_265,HH_023_to_029,265,90.2193002,22.5057964,5200,-0.3435297310352325,0.3435297310352325,0.8564102564102564,upper_quartile,1.0,upper_quartile,0.2086380543038643,high_sensitivity,dual_radar_upper_quartile_but_sensitive,tested_but_inconclusive_no_valid_pixels,environmental_context_only
HH_023_to_029_294,HH_023_to_029,294,90.1781375,22.5044691,5200,-0.4015032947063446,0.4015032947063446,0.9846153846153847,upper_quartile,0.7504273504273504,upper_quartile,0.0490095062194686,low_sensitivity,dual_radar_upper_quartile_stable,not_tested,environmental_context_only
HH_023_to_029_296,HH_023_to_029,296,90.1965035,22.5039642,19600,-0.3083744049072265,0.3083744049072265,0.6102564102564103,middle_half,0.9897435897435898,upper_quartile,0.102784725088088,moderate_sensitivity,s1_upper_quartile_nisar_not_upper_quartile,not_tested,environmental_context_only
HH_023_to_029_300,HH_023_to_029,300,90.2162528,22.5049314,6400,-0.2823581099510193,0.2823581099510193,0.29743589743589743,lower_half,0.6923076923076924,middle_half,0.0897128976882116,low_sensitivity,neither_radar_measurement_upper_quartile,not_tested,environmental_context_only
HH_023_to_029_305,HH_023_to_029,305,90.1590704,22.5036905,10000,-0.3334511816501617,0.3334511816501617,0.8,upper_quartile,0.3316239316239316,lower_half,0.0638262842101341,low_sensitivity,nisar_upper_quartile_s1_not_upper_quartile,not_tested,environmental_context_only
HH_023_to_029_310,HH_023_to_029,310,90.1828304,22.5043138,4000,-0.2302963137626648,0.2302963137626648,0.020512820512820513,lower_half,0.4102564102564103,lower_half,0.0426640058260318,low_sensitivity,neither_radar_measurement_upper_quartile,not_tested,environmental_context_only
HH_023_to_029_342,HH_023_to_029,342,90.1800791,22.5030263,9200,-0.2819064557552337,0.2819064557552337,0.28205128205128205,lower_half,0.3196581196581196,lower_half,0.0219452350645347,low_sensitivity,neither_radar_measurement_upper_quartile,not_tested,environmental_context_only
HH_023_to_029_346,HH_023_to_029,346,90.1935762,22.5037114,5200,-0.3165887594223022,0.3165887594223022,0.6974358974358974,middle_half,0.5076923076923077,middle_half,0.0509176648055571,low_sensitivity,neither_radar_measurement_upper_quartile,not_tested,environmental_context_only
HH_023_to_029_362,HH_023_to_029,362,90.1786081,22.5030304,6000,-0.3053672313690185,0.3053672313690185,0.5538461538461539,middle_half,0.6341880341880342,middle_half,0.068432370241549,low_sensitivity,neither_radar_measurement_upper_quartile,not_tested,environmental_context_only
HH_023_to_029_370,HH_023_to_029,370,90.1562913,22.5019768,19600,-0.2896584272384643,0.2896584272384643,0.3641025641025641,lower_half,0.0376068376068376,lower_half,0.0498593689604339,low_sensitivity,neither_radar_measurement_upper_quartile,not_tested,environmental_context_only
HH_023_to_029_374,HH_023_to_029,374,90.1706414,22.5027642,4000,-0.2851082682609558,0.2851082682609558,0.3435897435897436,lower_half,0.6957264957264958,middle_half,0.0338688406569948,low_sensitivity,neither_radar_measurement_upper_quartile,not_tested,environmental_context_only
HH_023_to_029_388,HH_023_to_029,388,90.1508104,22.5021504,6400,-0.3044712841510772,0.3044712841510772,0.5384615384615384,middle_half,0.7487179487179487,middle_half,0.0778586846087762,low_sensitivity,neither_radar_measurement_upper_quartile,not_tested,environmental_context_only
HH_023_to_029_389,HH_023_to_029,389,90.1526745,22.5022398,4800,-0.3198132812976837,0.3198132812976837,0.7076923076923077,middle_half,0.4803418803418803,lower_half,0.0222808204180198,low_sensitivity,neither_radar_measurement_upper_quartile,not_tested,environmental_context_only
HH_023_to_029_393,HH_023_to_029,393,90.1814727,22.5023988,6800,-0.3423030972480774,0.3423030972480774,0.8461538461538461,upper_quartile,0.0683760683760683,lower_half,0.0472333922712267,low_sensitivity,nisar_upper_quartile_s1_not_upper_quartile,not_tested,environmental_context_only
HH_023_to_029_398,HH_023_to_029,398,90.1582508,22.5019021,4800,-0.3254337310791015,0.3254337310791015,0.7538461538461538,upper_quartile,0.0273504273504273,lower_half,0.0663552692470155,low_sensitivity,nisar_upper_quartile_s1_not_upper_quartile,not_tested,environmental_context_only
HH_023_to_029_402,HH_023_to_029,402,90.1981687,22.502558,4400,-0.2391814738512039,0.2391814738512039,0.02564102564102564,lower_half,0.576068376068376,middle_half,0.1188218359118569,moderate_sensitivity,neither_radar_measurement_upper_quartile,not_tested,environmental_context_only
HH_023_to_029_432,HH_023_to_029,432,90.1619613,22.5017569,4800,-0.2559250891208648,0.2559250891208648,0.11282051282051282,lower_half,0.5965811965811966,middle_half,0.0698315593618527,low_sensitivity,neither_radar_measurement_upper_quartile,not_tested,environmental_context_only
HH_023_to_029_478,HH_023_to_029,478,90.1545898,22.4993345,25600,-0.2930508255958557,0.2930508255958557,0.38974358974358975,lower_half,0.9863247863247864,upper_quartile,0.0689728736315642,low_sensitivity,s1_upper_quartile_nisar_not_upper_quartile,not_tested,environmental_context_only
HH_023_to_029_480,HH_023_to_029,480,90.1723173,22.5009222,6000,-0.3085230588912964,0.3085230588912964,0.6153846153846154,middle_half,0.3726495726495726,lower_half,0.0334129409612862,low_sensitivity,neither_radar_measurement_upper_quartile,not_tested,environmental_context_only
HH_023_to_029_488,HH_023_to_029,488,90.1594935,22.5004474,5200,-0.3373000025749206,0.3373000025749206,0.8153846153846154,upper_quartile,0.8119658119658121,upper_quartile,0.1032621539979492,moderate_sensitivity,dual_radar_upper_quartile_stable,not_tested,environmental_context_only
HH_023_to_029_495,HH_023_to_029,495,90.2159962,22.5013723,8400,-0.2847171425819397,0.2847171425819397,0.3333333333333333,lower_half,0.8102564102564102,upper_quartile,0.0531770650222772,low_sensitivity,s1_upper_quartile_nisar_not_upper_quartile,not_tested,environmental_context_only
HH_023_to_029_508,HH_023_to_029,508,90.2120705,22.5011304,5200,-0.4059928506612777,0.4059928506612777,0.9897435897435898,upper_quartile,0.1931623931623931,lower_half,0.0364438159413252,low_sensitivity,nisar_upper_quartile_s1_not_upper_quartile,not_tested,environmental_context_only
HH_023_to_029_556,HH_023_to_029,556,90.1656137,22.4992639,4400,-0.2532205581665039,0.2532205581665039,0.08717948717948718,lower_half,0.3692307692307692,lower_half,0.0428427670765378,low_sensitivity,neither_radar_measurement_upper_quartile,not_tested,environmental_context_only
HH_023_to_029_557,HH_023_to_029,557,90.1696419,22.4993708,4000,-0.3014146089553833,0.3014146089553833,0.5025641025641026,middle_half,0.0205128205128205,lower_half,0.0466027390112295,low_sensitivity,neither_radar_measurement_upper_quartile,not_tested,environmental_context_only
HH_023_to_029_562,HH_023_to_029,562,90.2147481,22.4999408,5600,-0.2591825276613235,0.2591825276613235,0.14358974358974358,lower_half,0.1418803418803419,lower_half,0.0353967445152818,low_sensitivity,neither_radar_measurement_upper_quartile,not_tested,environmental_context_only
HH_023_to_029_579,HH_023_to_029,579,90.1668833,22.4987672,6400,-0.3008946180343628,0.3008946180343628,0.49743589743589745,lower_half,0.4102564102564103,lower_half,0.0178382258201901,low_sensitivity,neither_radar_measurement_upper_quartile,not_tested,environmental_context_only
HH_023_to_029_580,HH_023_to_029,580,90.1757119,22.4989503,10000,-0.3163130581378937,0.3163130581378937,0.6820512820512821,middle_half,0.2136752136752136,lower_half,0.0489494287599302,low_sensitivity,neither_radar_measurement_upper_quartile,not_tested,environmental_context_only
HH_023_to_029_605,HH_023_to_029,605,90.1829146,22.4988315,5200,-0.2830052971839905,0.2830052971839905,0.30256410256410254,lower_half,0.2478632478632478,lower_half,0.0273527778999112,low_sensitivity,neither_radar_measurement_upper_quartile,not_tested,environmental_context_only
HH_023_to_029_608,HH_023_to_029,608,90.2138264,22.4992722,5200,-0.2401995509862899,0.2401995509862899,0.03076923076923077,lower_half,0.9145299145299144,upper_quartile,0.1493764527333142,moderate_sensitivity,s1_upper_quartile_nisar_not_upper_quartile,not_tested,environmental_context_only
HH_023_to_029_619,HH_023_to_029,619,90.1567248,22.497447,20400,-0.3576720058917999,0.3576720058917999,0.9128205128205128,upper_quartile,0.5538461538461538,middle_half,0.0521801117704032,low_sensitivity,nisar_upper_quartile_s1_not_upper_quartile,not_tested,environmental_context_only
HH_023_to_029_623,HH_023_to_029,623,90.1771166,22.4972125,23200,-0.3054782748222351,0.3054782748222351,0.5641025641025641,middle_half,0.8478632478632478,upper_quartile,0.1091486758748138,moderate_sensitivity,s1_upper_quartile_nisar_not_upper_quartile,not_tested,environmental_context_only
HH_023_to_029_624,HH_023_to_029,624,90.1808003,22.4984473,5200,-0.3324386030435562,0.3324386030435562,0.7897435897435897,upper_quartile,0.3743589743589743,lower_half,0.0586877286590675,low_sensitivity,nisar_upper_quartile_s1_not_upper_quartile,not_tested,environmental_context_only
HH_023_to_029_626,HH_023_to_029,626,90.1883716,22.4987931,4400,-0.2519055604934692,0.2519055604934692,0.06666666666666667,lower_half,0.1316239316239316,lower_half,0.0541170409804485,low_sensitivity,neither_radar_measurement_upper_quartile,not_tested,environmental_context_only
HH_023_to_029_649,HH_023_to_029,649,90.1585708,22.4973345,13600,-0.341664046049118,0.341664046049118,0.8358974358974359,upper_quartile,0.0051282051282051,lower_half,0.0600188445816737,low_sensitivity,nisar_upper_quartile_s1_not_upper_quartile,not_tested,environmental_context_only
HH_023_to_029_651,HH_023_to_029,651,90.1698473,22.4978254,8400,-0.3236526846885681,0.3236526846885681,0.7333333333333333,middle_half,0.0632478632478632,lower_half,0.0269388435114629,low_sensitivity,neither_radar_measurement_upper_quartile,not_tested,environmental_context_only
HH_023_to_029_704,HH_023_to_029,704,90.1517413,22.4953797,30000,-0.2910017967224121,0.2910017967224121,0.38461538461538464,lower_half,0.8632478632478633,upper_quartile,0.0773572116035777,low_sensitivity,s1_upper_quartile_nisar_not_upper_quartile,not_tested,environmental_context_only
HH_023_to_029_707,HH_023_to_029,707,90.1642214,22.4965195,6000,-0.2252658009529113,0.2252658009529113,0.005128205128205128,lower_half,0.0136752136752136,lower_half,0.0522485308684886,low_sensitivity,neither_radar_measurement_upper_quartile,not_tested,environmental_context_only
HH_023_to_029_750,HH_023_to_029,750,90.1820168,22.49637,9600,-0.3608317226171493,0.3608317226171493,0.9230769230769231,upper_quartile,0.5606837606837606,middle_half,0.0482908490911444,low_sensitivity,nisar_upper_quartile_s1_not_upper_quartile,not_tested,environmental_context_only
HH_023_to_029_765,HH_023_to_029,765,90.1612043,22.4955101,4400,-0.3054328262805938,0.3054328262805938,0.558974358974359,middle_half,0.6427350427350428,middle_half,0.0474448643233307,low_sensitivity,neither_radar_measurement_upper_quartile,not_tested,environmental_context_only
HH_023_to_029_779,HH_023_to_029,779,90.1757725,22.4955611,5600,-0.2715528309345245,0.2715528309345245,0.19487179487179487,lower_half,0.5008547008547009,middle_half,0.0687603909484762,low_sensitivity,neither_radar_measurement_upper_quartile,not_tested,environmental_context_only
HH_023_to_029_822,HH_023_to_029,822,90.1739825,22.4945304,11200,-0.3130942583084106,0.3130942583084106,0.6461538461538462,middle_half,0.7521367521367521,upper_quartile,0.0615774011762195,low_sensitivity,s1_upper_quartile_nisar_not_upper_quartile,not_tested,environmental_context_only
HH_023_to_029_847,HH_023_to_029,847,90.2115065,22.4951609,4800,-0.2504127621650696,0.2504127621650696,0.05641025641025641,lower_half,0.6461538461538462,middle_half,0.0572594753870575,low_sensitivity,neither_radar_measurement_upper_quartile,not_tested,environmental_context_only
HH_023_to_029_854,HH_023_to_029,854,90.178564,22.4941959,4800,-0.2770937383174896,0.2770937383174896,0.2564102564102564,lower_half,0.5863247863247864,middle_half,0.0436161566706538,low_sensitivity,neither_radar_measurement_upper_quartile,not_tested,environmental_context_only
HH_023_to_029_881,HH_023_to_029,881,90.2094121,22.4944868,4000,-0.3050742745399475,0.3050742745399475,0.5487179487179488,middle_half,0.3743589743589743,lower_half,0.032226827373268,low_sensitivity,neither_radar_measurement_upper_quartile,not_tested,environmental_context_only
HH_023_to_029_883,HH_023_to_029,883,90.2162711,22.494699,4400,-0.25358846783638,0.25358846783638,0.09230769230769231,lower_half,0.1658119658119658,lower_half,0.0164610920740788,low_sensitivity,neither_radar_measurement_upper_quartile,not_tested,environmental_context_only
HH_023_to_029_892,HH_023_to_029,892,90.1503478,22.493323,4800,-0.2799963057041168,0.2799963057041168,0.2717948717948718,lower_half,0.3196581196581197,lower_half,0.0186501438217416,low_sensitivity,neither_radar_measurement_upper_quartile,not_tested,environmental_context_only
HH_023_to_029_900,HH_023_to_029,900,90.1970033,22.4942171,4000,-0.3422118127346039,0.3422118127346039,0.841025641025641,upper_quartile,0.9487179487179488,upper_quartile,0.2538357619991677,high_sensitivity,dual_radar_upper_quartile_but_sensitive,not_tested,environmental_context_only
HH_023_to_029_902,HH_023_to_029,902,90.2059977,22.494247,4000,-0.325732946395874,0.325732946395874,0.7589743589743589,upper_quartile,0.7743589743589743,upper_quartile,0.0517699151177087,low_sensitivity,dual_radar_upper_quartile_stable,not_tested,environmental_context_only
HH_023_to_029_935,HH_023_to_029,935,90.2042145,22.4933548,6800,-0.3397912681102752,0.3397912681102752,0.8205128205128205,upper_quartile,0.4581196581196581,lower_half,0.0336949925088764,low_sensitivity,nisar_upper_quartile_s1_not_upper_quartile,not_tested,environmental_context_only
HH_023_to_029_942,HH_023_to_029,942,90.1710755,22.4929759,4400,-0.2908671498298645,0.2908671498298645,0.37948717948717947,lower_half,0.6376068376068377,middle_half,0.0374315203393687,low_sensitivity,neither_radar_measurement_upper_quartile,not_tested,environmental_context_only
HH_023_to_029_970,HH_023_to_029,970,90.1977177,22.4930461,7200,-0.2730003893375397,0.2730003893375397,0.20512820512820512,lower_half,0.9606837606837608,upper_quartile,0.2884825052589723,high_sensitivity,s1_upper_quartile_but_sensitive,tested_but_inconclusive_no_valid_pixels,environmental_context_only
HH_023_to_029_972,HH_023_to_029,972,90.1522077,22.4921494,4000,-0.3087480068206787,0.3087480068206787,0.6205128205128205,middle_half,0.7982905982905982,upper_quartile,0.0501828517665978,low_sensitivity,s1_upper_quartile_nisar_not_upper_quartile,not_tested,environmental_context_only
HH_023_to_029_982,HH_023_to_029,982,90.2163498,22.4930107,9600,-0.3484015464782715,0.3484015464782715,0.8923076923076924,upper_quartile,0.888888888888889,upper_quartile,0.0660338535242215,low_sensitivity,dual_radar_upper_quartile_stable,not_tested,environmental_context_only
HH_023_to_029_996,HH_023_to_029,996,90.2121568,22.4922235,13600,-0.2714560627937317,0.2714560627937317,0.18974358974358974,lower_half,0.2888888888888888,lower_half,0.0565985114779256,low_sensitivity,neither_radar_measurement_upper_quartile,not_tested,environmental_context_only
HH_023_to_029_997,HH_023_to_029,997,90.2178163,22.492942,6400,-0.3161132335662842,0.3161132335662842,0.676923076923077,middle_half,0.4256410256410256,lower_half,0.0548978524890148,low_sensitivity,neither_radar_measurement_upper_quartile,not_tested,environmental_context_only
HH_023_to_029_1015,HH_023_to_029,1015,90.202185,22.4925561,4000,-0.2531606554985046,0.2531606554985046,0.08205128205128205,lower_half,0.5982905982905983,middle_half,0.0803283513625369,low_sensitivity,neither_radar_measurement_upper_quartile,not_tested,environmental_context_only
HH_023_to_029_1017,HH_023_to_029,1017,90.1509067,22.4913321,4800,-0.2572436928749084,0.2572436928749084,0.12307692307692308,lower_half,0.4854700854700854,lower_half,0.0690640883447474,low_sensitivity,neither_radar_measurement_upper_quartile,not_tested,environmental_context_only
HH_023_to_029_1027,HH_023_to_029,1027,90.2106839,22.4923184,7200,-0.3059167861938476,0.3059167861938476,0.5692307692307692,middle_half,0.3059829059829059,lower_half,0.0269138426760475,low_sensitivity,neither_radar_measurement_upper_quartile,not_tested,environmental_context_only
HH_023_to_029_1033,HH_023_to_029,1033,90.1531898,22.4910196,4400,-0.2498871386051178,0.2498871386051178,0.05128205128205128,lower_half,0.5658119658119658,middle_half,0.0589112131241568,low_sensitivity,neither_radar_measurement_upper_quartile,not_tested,environmental_context_only
HH_023_to_029_1041,HH_023_to_029,1041,90.196999,22.4916767,5600,-0.3262535333633423,0.3262535333633423,0.764102564102564,upper_quartile,0.8102564102564104,upper_quartile,0.0859574240327769,low_sensitivity,dual_radar_upper_quartile_stable,not_tested,environmental_context_only
HH_023_to_029_1043,HH_023_to_029,1043,90.2142411,22.4920039,4800,-0.2674311399459839,0.2674311399459839,0.15897435897435896,lower_half,0.8358974358974359,upper_quartile,0.0634681151224523,low_sensitivity,s1_upper_quartile_nisar_not_upper_quartile,not_tested,environmental_context_only
HH_023_to_029_1063,HH_023_to_029,1063,90.1725666,22.4907131,9200,-0.3453449606895447,0.3453449606895447,0.8666666666666667,upper_quartile,0.6905982905982905,middle_half,0.0582557333151485,low_sensitivity,nisar_upper_quartile_s1_not_upper_quartile,not_tested,environmental_context_only
HH_023_to_029_1074,HH_023_to_029,1074,90.1571648,22.4900888,7200,-0.3060165047645569,0.3060165047645569,0.5743589743589743,middle_half,0.5145299145299146,middle_half,0.0438995449861734,low_sensitivity,neither_radar_measurement_upper_quartile,not_tested,environmental_context_only
HH_023_to_029_1076,HH_023_to_029,1076,90.1854392,22.4909629,4400,-0.30656398832798,0.30656398832798,0.5846153846153846,middle_half,0.2820512820512821,lower_half,0.0495031935911814,low_sensitivity,neither_radar_measurement_upper_quartile,not_tested,environmental_context_only
HH_023_to_029_1096,HH_023_to_029,1096,90.1658591,22.4900389,16000,-0.2848731279373169,0.2848731279373169,0.3384615384615385,lower_half,0.5384615384615384,middle_half,0.140432572373797,moderate_sensitivity,neither_radar_measurement_upper_quartile,not_tested,environmental_context_only
HH_023_to_029_1101,HH_023_to_029,1101,90.1959828,22.4905809,9200,-0.3464230298995971,0.3464230298995971,0.8717948717948718,upper_quartile,0.7111111111111112,middle_half,0.0406234636201316,low_sensitivity,nisar_upper_quartile_s1_not_upper_quartile,not_tested,environmental_context_only
HH_023_to_029_1107,HH_023_to_029,1107,90.1689011,22.490115,4800,-0.345087319612503,0.345087319612503,0.8615384615384616,upper_quartile,0.4854700854700854,lower_half,0.0402147065776538,low_sensitivity,nisar_upper_quartile_s1_not_upper_quartile,not_tested,environmental_context_only
HH_023_to_029_1110,HH_023_to_029,1110,90.1743353,22.4894224,25200,-0.3841556757688522,0.3841556757688522,0.9692307692307692,upper_quartile,0.629059829059829,middle_half,0.0416305181220192,low_sensitivity,nisar_upper_quartile_s1_not_upper_quartile,not_tested,environmental_context_only
HH_023_to_029_1114,HH_023_to_029,1114,90.208616,22.4904873,7200,-0.2890664339065552,0.2890664339065552,0.35384615384615387,lower_half,0.7931623931623931,upper_quartile,0.0624961864272541,low_sensitivity,s1_upper_quartile_nisar_not_upper_quartile,not_tested,environmental_context_only
HH_023_to_029_1120,HH_023_to_029,1120,90.1608642,22.4896781,4400,-0.2591625452041626,0.2591625452041626,0.13846153846153847,lower_half,0.535042735042735,middle_half,0.0529037301376398,low_sensitivity,neither_radar_measurement_upper_quartile,not_tested,environmental_context_only
HH_023_to_029_1129,HH_023_to_029,1129,90.1518232,22.489048,13200,-0.2750815749168396,0.2750815749168396,0.23076923076923078,lower_half,0.1008547008547008,lower_half,0.0520795400235516,low_sensitivity,neither_radar_measurement_upper_quartile,not_tested,environmental_context_only
HH_023_to_029_1143,HH_023_to_029,1143,90.2138634,22.4908149,6000,-0.2961072623729706,0.2961072623729706,0.4256410256410256,lower_half,0.4615384615384615,lower_half,0.1214828400814724,moderate_sensitivity,neither_radar_measurement_upper_quartile,not_tested,environmental_context_only
HH_023_to_029_1145,HH_023_to_029,1145,90.1535976,22.4889715,10000,-0.3406970947980881,0.3406970947980881,0.8256410256410256,upper_quartile,0.9094017094017094,upper_quartile,0.0793907786902684,low_sensitivity,dual_radar_upper_quartile_stable,not_tested,environmental_context_only
HH_023_to_029_1148,HH_023_to_029,1148,90.1722638,22.4897853,5200,-0.3339177370071411,0.3339177370071411,0.8051282051282052,upper_quartile,0.1589743589743589,lower_half,0.082062073197507,low_sensitivity,nisar_upper_quartile_s1_not_upper_quartile,not_tested,environmental_context_only
HH_023_to_029_1161,HH_023_to_029,1161,90.1709871,22.489592,4000,-0.2539352774620056,0.2539352774620056,0.10256410256410256,lower_half,0.8512820512820513,upper_quartile,0.0937989831278031,low_sensitivity,s1_upper_quartile_nisar_not_upper_quartile,not_tested,environmental_context_only
HH_023_to_029_1165,HH_023_to_029,1165,90.1694352,22.4892634,5200,-0.3471525609493255,0.3471525609493255,0.882051282051282,upper_quartile,0.041025641025641,lower_half,0.0305137265788675,low_sensitivity,nisar_upper_quartile_s1_not_upper_quartile,not_tested,environmental_context_only
HH_023_to_029_1182,HH_023_to_029,1182,90.1766829,22.4889561,6800,-0.3138910830020904,0.3138910830020904,0.6512820512820513,middle_half,0.47008547008547,lower_half,0.0463676828478184,low_sensitivity,neither_radar_measurement_upper_quartile,not_tested,environmental_context_only
HH_023_to_029_1194,HH_023_to_029,1194,90.2062804,22.4891972,12000,-0.2786022126674652,0.2786022126674652,0.26153846153846155,lower_half,0.6854700854700854,middle_half,0.0256217209160579,low_sensitivity,neither_radar_measurement_upper_quartile,not_tested,environmental_context_only
HH_023_to_029_1218,HH_023_to_029,1218,90.2023592,22.4885583,11600,-0.3189540505409241,0.3189540505409241,0.7025641025641025,middle_half,0.7623931623931623,upper_quartile,0.0405223558368986,low_sensitivity,s1_upper_quartile_nisar_not_upper_quartile,not_tested,environmental_context_only
HH_023_to_029_1253,HH_023_to_029,1253,90.1711765,22.4876036,6000,-0.2700901329517364,0.2700901329517364,0.1794871794871795,lower_half,0.2888888888888889,lower_half,0.0472511060711027,low_sensitivity,neither_radar_measurement_upper_quartile,not_tested,environmental_context_only
HH_023_to_029_1256,HH_023_to_029,1256,90.1795742,22.4876486,4000,-0.3142308294773102,0.3142308294773102,0.6564102564102564,middle_half,0.4136752136752137,lower_half,0.0441930965534098,low_sensitivity,neither_radar_measurement_upper_quartile,not_tested,environmental_context_only
HH_023_to_029_1262,HH_023_to_029,1262,90.2109602,22.4883335,6000,-0.2765531241893768,0.2765531241893768,0.24615384615384617,lower_half,0.1435897435897435,lower_half,0.0407935139326983,low_sensitivity,neither_radar_measurement_upper_quartile,not_tested,environmental_context_only
HH_023_to_029_1271,HH_023_to_029,1271,90.1775739,22.4872232,11600,-0.2840907871723175,0.2840907871723175,0.3282051282051282,lower_half,0.7589743589743589,upper_quartile,0.1624685203460469,moderate_sensitivity,s1_upper_quartile_nisar_not_upper_quartile,not_tested,environmental_context_only
HH_023_to_029_1278,HH_023_to_029,1278,90.1556296,22.4867897,6400,-0.3694283962249756,0.3694283962249756,0.9333333333333333,upper_quartile,0.6974358974358975,middle_half,0.0614606259586924,low_sensitivity,nisar_upper_quartile_s1_not_upper_quartile,not_tested,environmental_context_only
HH_023_to_029_1281,HH_023_to_029,1281,90.1695038,22.4868926,4400,-0.2967115640640259,0.2967115640640259,0.441025641025641,lower_half,0.7743589743589744,upper_quartile,0.024396588744826,low_sensitivity,s1_upper_quartile_nisar_not_upper_quartile,not_tested,environmental_context_only
HH_023_to_029_1295,HH_023_to_029,1295,90.2115697,22.487646,6000,-0.2999933362007141,0.2999933362007141,0.49230769230769234,lower_half,0.6786324786324786,middle_half,0.1384686507862583,moderate_sensitivity,neither_radar_measurement_upper_quartile,not_tested,environmental_context_only
HH_023_to_029_1307,HH_023_to_029,1307,90.1600789,22.486277,8000,-0.3080906271934509,0.3080906271934509,0.6051282051282051,middle_half,0.8769230769230769,upper_quartile,0.1152321696898285,moderate_sensitivity,s1_upper_quartile_nisar_not_upper_quartile,not_tested,environmental_context_only
HH_023_to_029_1324,HH_023_to_029,1324,90.1952947,22.4867342,5600,-0.2748667895793915,0.2748667895793915,0.2205128205128205,lower_half,0.8871794871794871,upper_quartile,0.096550504743977,low_sensitivity,s1_upper_quartile_nisar_not_upper_quartile,not_tested,environmental_context_only
HH_023_to_029_1370,HH_023_to_029,1370,90.1751873,22.4855679,4000,-0.3240084648132324,0.3240084648132324,0.7384615384615385,middle_half,0.0837606837606837,lower_half,0.0472290085266354,low_sensitivity,neither_radar_measurement_upper_quartile,not_tested,environmental_context_only
HH_023_to_029_1371,HH_023_to_029,1371,90.1774231,22.4857966,4800,-0.293969064950943,0.293969064950943,0.4,lower_half,0.0717948717948718,lower_half,0.0198888947750752,low_sensitivity,neither_radar_measurement_upper_quartile,not_tested,environmental_context_only
HH_023_to_029_1376,HH_023_to_029,1376,90.2097673,22.4861813,10800,-0.2709776759147644,0.2709776759147644,0.18461538461538463,lower_half,0.3623931623931624,lower_half,0.0488747318512862,low_sensitivity,neither_radar_measurement_upper_quartile,not_tested,environmental_context_only
HH_023_to_029_1390,HH_023_to_029,1390,90.2062765,22.4855238,8400,-0.279090940952301,0.279090940952301,0.26666666666666666,lower_half,0.4547008547008547,lower_half,0.0366546662510567,low_sensitivity,neither_radar_measurement_upper_quartile,not_tested,environmental_context_only
HH_023_to_029_1405,HH_023_to_029,1405,90.2183989,22.4861574,4000,-0.3673387765884399,0.3673387765884399,0.9282051282051282,upper_quartile,0.0923076923076923,lower_half,0.0493762661551689,low_sensitivity,nisar_upper_quartile_s1_not_upper_quartile,not_tested,environmental_context_only
HH_023_to_029_1406,HH_023_to_029,1406,90.1508658,22.484634,6000,-0.2884148061275482,0.2884148061275482,0.3487179487179487,lower_half,0.5846153846153846,middle_half,0.0578597264362412,low_sensitivity,neither_radar_measurement_upper_quartile,not_tested,environmental_context_only
HH_023_to_029_1413,HH_023_to_029,1413,90.2143675,22.4856889,4400,-0.2685208469629287,0.2685208469629287,0.16923076923076924,lower_half,0.7675213675213675,upper_quartile,0.1071489704711802,moderate_sensitivity,s1_upper_quartile_nisar_not_upper_quartile,not_tested,environmental_context_only
HH_023_to_029_1453,HH_023_to_029,1453,90.1706977,22.4842653,7600,-0.2761589586734772,0.2761589586734772,0.2358974358974359,lower_half,0.4683760683760683,lower_half,0.0436111367392143,low_sensitivity,neither_radar_measurement_upper_quartile,not_tested,environmental_context_only
HH_023_to_029_1461,HH_023_to_029,1461,90.2043445,22.484749,5200,-0.3854358494281769,0.3854358494281769,0.9743589743589743,upper_quartile,0.1384615384615384,lower_half,0.0406682702656514,low_sensitivity,nisar_upper_quartile_s1_not_upper_quartile,not_tested,environmental_context_only
HH_023_to_029_1464,HH_023_to_029,1464,90.2138756,22.4846793,4400,-0.2407720386981964,0.2407720386981964,0.035897435897435895,lower_half,0.1162393162393162,lower_half,0.0290907436207997,low_sensitivity,neither_radar_measurement_upper_quartile,not_tested,environmental_context_only
HH_023_to_029_1470,HH_023_to_029,1470,90.180585,22.4842122,7200,-0.3047427088022232,0.3047427088022232,0.5435897435897435,middle_half,0.8991452991452991,upper_quartile,0.1211286674813297,moderate_sensitivity,s1_upper_quartile_nisar_not_upper_quartile,not_tested,environmental_context_only
HH_023_to_029_1492,HH_023_to_029,1492,90.2177394,22.4846476,4800,-0.3039441108703613,0.3039441108703613,0.5282051282051282,middle_half,0.7572649572649572,upper_quartile,0.0937833117709043,low_sensitivity,s1_upper_quartile_nisar_not_upper_quartile,not_tested,environmental_context_only
HH_023_to_029_1501,HH_023_to_029,1501,90.2082221,22.4843024,7200,-0.3036876320838928,0.3036876320838928,0.5230769230769231,middle_half,0.3623931623931624,lower_half,0.0404161051240806,low_sensitivity,neither_radar_measurement_upper_quartile,not_tested,environmental_context_only
HH_023_to_029_1505,HH_023_to_029,1505,90.16235,22.4835009,5200,-0.2282865941524505,0.2282865941524505,0.015384615384615385,lower_half,0.6478632478632478,middle_half,0.0828780364425666,low_sensitivity,neither_radar_measurement_upper_quartile,not_tested,environmental_context_only
HH_023_to_029_1525,HH_023_to_029,1525,90.1991607,22.4835584,11200,-0.2821903228759765,0.2821903228759765,0.28717948717948716,lower_half,0.2547008547008547,lower_half,0.0477332249030509,low_sensitivity,neither_radar_measurement_upper_quartile,not_tested,environmental_context_only
HH_023_to_029_1536,HH_023_to_029,1536,90.1976151,22.4835072,5200,-0.2585837543010711,0.2585837543010711,0.13333333333333333,lower_half,0.9452991452991452,upper_quartile,0.1404638820797464,moderate_sensitivity,s1_upper_quartile_nisar_not_upper_quartile,not_tested,environmental_context_only
HH_023_to_029_1552,HH_023_to_029,1552,90.1543896,22.4824414,4400,-0.3503817915916443,0.3503817915916443,0.8974358974358975,upper_quartile,0.3846153846153846,lower_half,0.0452139079474842,low_sensitivity,nisar_upper_quartile_s1_not_upper_quartile,not_tested,environmental_context_only
HH_023_to_029_1564,HH_023_to_029,1564,90.164588,22.4822465,7200,-0.3014426231384277,0.3014426231384277,0.5076923076923077,middle_half,0.2017094017094017,lower_half,0.0828584023651659,low_sensitivity,neither_radar_measurement_upper_quartile,not_tested,environmental_context_only
HH_023_to_029_1566,HH_023_to_029,1566,90.1807522,22.4825931,4400,-0.2960646599531173,0.2960646599531173,0.4153846153846154,lower_half,0.1487179487179487,lower_half,0.034279419260657,low_sensitivity,neither_radar_measurement_upper_quartile,not_tested,environmental_context_only
HH_023_to_029_1570,HH_023_to_029,1570,90.208848,22.4830591,7600,-0.272273302078247,0.272273302078247,0.2,lower_half,0.1555555555555555,lower_half,0.038091489405175,low_sensitivity,neither_radar_measurement_upper_quartile,not_tested,environmental_context_only
HH_023_to_029_1582,HH_023_to_029,1582,90.2178366,22.4832953,7200,-0.4150965809822082,0.4150965809822082,0.9948717948717949,upper_quartile,0.2102564102564102,lower_half,0.0373741870944119,low_sensitivity,nisar_upper_quartile_s1_not_upper_quartile,not_tested,environmental_context_only
HH_023_to_029_1598,HH_023_to_029,1598,90.1724785,22.4821654,5200,-0.2261496186256408,0.2261496186256408,0.010256410256410256,lower_half,0.2803418803418803,lower_half,0.0461791576448708,low_sensitivity,neither_radar_measurement_upper_quartile,not_tested,environmental_context_only
HH_023_to_029_1628,HH_023_to_029,1628,90.1614775,22.4815178,4000,-0.3165184259414673,0.3165184259414673,0.6923076923076923,middle_half,0.9333333333333332,upper_quartile,0.091448388869657,low_sensitivity,s1_upper_quartile_nisar_not_upper_quartile,not_tested,environmental_context_only
HH_023_to_029_1640,HH_023_to_029,1640,90.2182324,22.4821097,7600,-0.3769729435443878,0.3769729435443878,0.9487179487179487,upper_quartile,0.8752136752136752,upper_quartile,0.0717428126948687,low_sensitivity,dual_radar_upper_quartile_stable,not_tested,environmental_context_only
HH_023_to_029_1644,HH_023_to_029,1644,90.176924,22.481525,4400,-0.311462715268135,0.311462715268135,0.6410256410256411,middle_half,0.5658119658119658,middle_half,0.0632572201483243,low_sensitivity,neither_radar_measurement_upper_quartile,not_tested,environmental_context_only
HH_023_to_029_1653,HH_023_to_029,1653,90.1711812,22.4810025,4000,-0.2763198018074035,0.2763198018074035,0.24102564102564103,lower_half,0.9264957264957264,upper_quartile,0.105194374664926,moderate_sensitivity,s1_upper_quartile_nisar_not_upper_quartile,not_tested,environmental_context_only
HH_023_to_029_1659,HH_023_to_029,1659,90.1997243,22.4817565,5600,-0.2833179831504822,0.2833179831504822,0.31794871794871793,lower_half,0.1555555555555555,lower_half,0.0511613420785455,low_sensitivity,neither_radar_measurement_upper_quartile,not_tested,environmental_context_only
HH_023_to_029_1704,HH_023_to_029,1704,90.1672148,22.4802288,4000,-0.3324407041072845,0.3324407041072845,0.7948717948717948,upper_quartile,0.2683760683760683,lower_half,0.0383324962866543,low_sensitivity,nisar_upper_quartile_s1_not_upper_quartile,not_tested,environmental_context_only
HH_023_to_029_1728,HH_023_to_029,1728,90.1568306,22.4795073,4800,-0.347707986831665,0.347707986831665,0.8871794871794871,upper_quartile,0.1196581196581196,lower_half,0.0283334261152233,low_sensitivity,nisar_upper_quartile_s1_not_upper_quartile,not_tested,environmental_context_only
HH_023_to_029_1754,HH_023_to_029,1754,90.1509674,22.4790803,6400,-0.2674428224563598,0.2674428224563598,0.1641025641025641,lower_half,0.2769230769230769,lower_half,0.0307363998674961,low_sensitivity,neither_radar_measurement_upper_quartile,not_tested,environmental_context_only
HH_023_to_029_1755,HH_023_to_029,1755,90.154537,22.4785472,12400,-0.2973753809928894,0.2973753809928894,0.4564102564102564,lower_half,0.5811965811965812,middle_half,0.0670932324646343,low_sensitivity,neither_radar_measurement_upper_quartile,not_tested,environmental_context_only
HH_023_to_029_1781,HH_023_to_029,1781,90.2074362,22.4796853,4000,-0.2748739421367645,0.2748739421367645,0.22564102564102564,lower_half,0.717948717948718,middle_half,0.0549854737715758,low_sensitivity,neither_radar_measurement_upper_quartile,not_tested,environmental_context_only
HH_023_to_029_1785,HH_023_to_029,1785,90.1569917,22.4784922,7200,-0.3149886131286621,0.3149886131286621,0.6615384615384615,middle_half,0.652991452991453,middle_half,0.0506790355192531,low_sensitivity,neither_radar_measurement_upper_quartile,not_tested,environmental_context_only
HH_023_to_029_1786,HH_023_to_029,1786,90.1647003,22.4790948,4400,-0.3076928555965423,0.3076928555965423,0.6,middle_half,0.9914529914529916,upper_quartile,0.2460454282778559,high_sensitivity,s1_upper_quartile_but_sensitive,tested_but_inconclusive_no_valid_pixels,environmental_context_only
HH_023_to_029_1789,HH_023_to_029,1789,90.1774182,22.4793367,6000,-0.3156636953353882,0.3156636953353882,0.6717948717948717,middle_half,0.4512820512820513,lower_half,0.0595423105557247,low_sensitivity,neither_radar_measurement_upper_quartile,not_tested,environmental_context_only
HH_023_to_029_1808,HH_023_to_029,1808,90.2175404,22.4798662,6000,-0.320504367351532,0.320504367351532,0.717948717948718,middle_half,0.6102564102564102,middle_half,0.0328161242123673,low_sensitivity,neither_radar_measurement_upper_quartile,not_tested,environmental_context_only
HH_023_to_029_1816,HH_023_to_029,1816,90.2081979,22.4791452,9200,-0.296068012714386,0.296068012714386,0.4205128205128205,lower_half,0.6307692307692307,middle_half,0.0546484105614437,low_sensitivity,neither_radar_measurement_upper_quartile,not_tested,environmental_context_only
HH_023_to_029_1848,HH_023_to_029,1848,90.1555007,22.4775231,7200,-0.2896097898483276,0.2896097898483276,0.358974358974359,lower_half,0.3829059829059829,lower_half,0.0537753437321532,low_sensitivity,neither_radar_measurement_upper_quartile,not_tested,environmental_context_only
HH_023_to_029_1857,HH_023_to_029,1857,90.1794327,22.4779913,4400,-0.2443916052579879,0.2443916052579879,0.046153846153846156,lower_half,0.8769230769230769,upper_quartile,0.1054688760377244,moderate_sensitivity,s1_upper_quartile_nisar_not_upper_quartile,not_tested,environmental_context_only
HH_023_to_029_1866,HH_023_to_029,1866,90.1808369,22.4776375,7200,-0.2409877181053161,0.2409877181053161,0.041025641025641026,lower_half,0.4068376068376069,lower_half,0.0604814424361526,low_sensitivity,neither_radar_measurement_upper_quartile,not_tested,environmental_context_only
HH_023_to_029_1869,HH_023_to_029,1869,90.1932339,22.4781491,5600,-0.331367552280426,0.331367552280426,0.7743589743589744,upper_quartile,0.4307692307692307,lower_half,0.0407044217890866,low_sensitivity,nisar_upper_quartile_s1_not_upper_quartile,not_tested,environmental_context_only
HH_023_to_029_1887,HH_023_to_029,1887,90.1611216,22.4770617,8000,-0.324087917804718,0.324087917804718,0.7435897435897436,middle_half,0.4854700854700854,lower_half,0.112598003430601,moderate_sensitivity,neither_radar_measurement_upper_quartile,not_tested,environmental_context_only
HH_023_to_029_1889,HH_023_to_029,1889,90.1829699,22.4776555,5200,-0.2536462545394897,0.2536462545394897,0.09743589743589744,lower_half,0.429059829059829,lower_half,0.0670246184589975,low_sensitivity,neither_radar_measurement_upper_quartile,not_tested,environmental_context_only
HH_023_to_029_1902,HH_023_to_029,1902,90.1744236,22.4772594,4800,-0.4943587481975555,0.4943587481975555,1.0,upper_quartile,0.8803418803418803,upper_quartile,0.0443324410959063,low_sensitivity,dual_radar_upper_quartile_stable,not_tested,environmental_context_only
HH_023_to_029_1904,HH_023_to_029,1904,90.1948541,22.4775177,10800,-0.3795285224914551,0.3795285224914551,0.9538461538461539,upper_quartile,0.1606837606837606,lower_half,0.0265252745321455,low_sensitivity,nisar_upper_quartile_s1_not_upper_quartile,not_tested,environmental_context_only
HH_023_to_029_1905,HH_023_to_029,1905,90.1995842,22.4772718,14000,-0.3023928701877594,0.3023928701877594,0.517948717948718,middle_half,0.7829059829059829,upper_quartile,0.0412146800067993,low_sensitivity,s1_upper_quartile_nisar_not_upper_quartile,not_tested,environmental_context_only
HH_023_to_029_1924,HH_023_to_029,1924,90.1717543,22.4766981,4000,-0.2575832009315491,0.2575832009315491,0.1282051282051282,lower_half,0.864957264957265,upper_quartile,0.1613342034277964,moderate_sensitivity,s1_upper_quartile_nisar_not_upper_quartile,not_tested,environmental_context_only
HH_023_to_029_1925,HH_023_to_029,1925,90.1769576,22.4768254,4000,-0.3525944948196411,0.3525944948196411,0.9025641025641026,upper_quartile,0.1333333333333333,lower_half,0.0296502720129142,low_sensitivity,nisar_upper_quartile_s1_not_upper_quartile,not_tested,environmental_context_only
HH_023_to_029_1931,HH_023_to_029,1931,90.2126982,22.477219,6000,-0.2694980800151825,0.2694980800151825,0.17435897435897435,lower_half,0.0837606837606837,lower_half,0.0407223700447394,low_sensitivity,neither_radar_measurement_upper_quartile,not_tested,environmental_context_only
HH_023_to_029_1933,HH_023_to_029,1933,90.1553133,22.4761281,5200,-0.3066991418600082,0.3066991418600082,0.5897435897435898,middle_half,0.9196581196581196,upper_quartile,0.2195761294670682,high_sensitivity,s1_upper_quartile_but_sensitive,not_tested,environmental_context_only
HH_023_to_029_1950,HH_023_to_029,1950,90.1755488,22.4762524,6400,-0.2934696674346924,0.2934696674346924,0.39487179487179486,lower_half,0.7777777777777777,upper_quartile,0.0893963780912901,low_sensitivity,s1_upper_quartile_nisar_not_upper_quartile,not_tested,environmental_context_only
HH_023_to_029_1952,HH_023_to_029,1952,90.2191665,22.4769095,10000,-0.3535164296627044,0.3535164296627044,0.9076923076923077,upper_quartile,0.1931623931623931,lower_half,0.0443792228524605,low_sensitivity,nisar_upper_quartile_s1_not_upper_quartile,not_tested,environmental_context_only
HH_023_to_029_1976,HH_023_to_029,1976,90.2143687,22.4767364,4800,-0.3321784734725952,0.3321784734725952,0.7846153846153846,upper_quartile,0.5076923076923077,middle_half,0.0462718344970631,low_sensitivity,nisar_upper_quartile_s1_not_upper_quartile,not_tested,environmental_context_only
HH_023_to_029_1978,HH_023_to_029,1978,90.21637,22.4767223,5200,-0.282289981842041,0.282289981842041,0.2923076923076923,lower_half,0.0547008547008547,lower_half,0.0478869594839191,low_sensitivity,neither_radar_measurement_upper_quartile,not_tested,environmental_context_only
HH_023_to_029_1980,HH_023_to_029,1980,90.1607959,22.4749889,7600,-0.3316811323165893,0.3316811323165893,0.7794871794871795,upper_quartile,0.8478632478632478,upper_quartile,0.0758852719503105,low_sensitivity,dual_radar_upper_quartile_stable,not_tested,environmental_context_only
HH_023_to_029_1986,HH_023_to_029,1986,90.1961485,22.476007,7600,-0.3413038253784179,0.3413038253784179,0.8307692307692308,upper_quartile,0.3538461538461538,lower_half,0.0333714647756066,low_sensitivity,nisar_upper_quartile_s1_not_upper_quartile,not_tested,environmental_context_only
HH_023_to_029_1987,HH_023_to_029,1987,90.2026196,22.4762128,4400,-0.2520305216312408,0.2520305216312408,0.07179487179487179,lower_half,0.7145299145299145,middle_half,0.0689715053623177,low_sensitivity,neither_radar_measurement_upper_quartile,not_tested,environmental_context_only
HH_023_to_029_1995,HH_023_to_029,1995,90.1734804,22.4754417,8800,-0.3888077139854431,0.3888077139854431,0.9794871794871794,upper_quartile,0.482051282051282,lower_half,0.0358310106538755,low_sensitivity,nisar_upper_quartile_s1_not_upper_quartile,not_tested,environmental_context_only
HH_023_to_029_2005,HH_023_to_029,2005,90.1508884,22.4749946,4000,-0.2571148872375488,0.2571148872375488,0.11794871794871795,lower_half,0.3948717948717948,lower_half,0.0273445548223867,low_sensitivity,neither_radar_measurement_upper_quartile,not_tested,environmental_context_only
HH_023_to_029_2014,HH_023_to_029,2014,90.217745,22.4761087,4000,-0.2903203070163727,0.2903203070163727,0.37435897435897436,lower_half,0.147008547008547,lower_half,0.0487787924320233,low_sensitivity,neither_radar_measurement_upper_quartile,not_tested,environmental_context_only
HH_023_to_029_2020,HH_023_to_029,2020,90.211825,22.47588,4000,-0.273408979177475,0.273408979177475,0.21025641025641026,lower_half,0.9504273504273504,upper_quartile,0.084492449866774,low_sensitivity,s1_upper_quartile_nisar_not_upper_quartile,not_tested,environmental_context_only
HH_023_to_029_2033,HH_023_to_029,2033,90.20006,22.4747777,16400,-0.3247841894626617,0.3247841894626617,0.7487179487179487,middle_half,0.2547008547008547,lower_half,0.0549753430678796,low_sensitivity,neither_radar_measurement_upper_quartile,not_tested,environmental_context_only
HH_023_to_029_2035,HH_023_to_029,2035,90.2064473,22.4757267,6000,-0.3833246082067489,0.3833246082067489,0.9641025641025641,upper_quartile,0.8495726495726497,upper_quartile,0.0670054683658181,low_sensitivity,dual_radar_upper_quartile_stable,not_tested,environmental_context_only
HH_023_to_029_2036,HH_023_to_029,2036,90.2143436,22.4758874,6000,-0.3100422024726867,0.3100422024726867,0.6307692307692307,middle_half,0.0495726495726495,lower_half,0.0391772549515619,low_sensitivity,neither_radar_measurement_upper_quartile,not_tested,environmental_context_only
HH_023_to_029_2054,HH_023_to_029,2054,90.2051192,22.4749013,7200,-0.2897905707359314,0.2897905707359314,0.36923076923076925,lower_half,0.3299145299145299,lower_half,0.0413173063549777,low_sensitivity,neither_radar_measurement_upper_quartile,not_tested,environmental_context_only
HH_023_to_029_2058,HH_023_to_029,2058,90.190333,22.4748679,5200,-0.2769293189048767,0.2769293189048767,0.2512820512820513,lower_half,0.3179487179487179,lower_half,0.0433173683370628,low_sensitivity,neither_radar_measurement_upper_quartile,not_tested,environmental_context_only
HH_023_to_029_2068,HH_023_to_029,2068,90.1773685,22.4740222,12400,-0.280931681394577,0.280931681394577,0.27692307692307694,lower_half,0.7059829059829058,middle_half,0.0494525318951248,low_sensitivity,neither_radar_measurement_upper_quartile,not_tested,environmental_context_only
HH_023_to_029_2085,HH_023_to_029,2085,90.2146402,22.4744935,8000,-0.2981613278388977,0.2981613278388977,0.4666666666666667,lower_half,0.1948717948717948,lower_half,0.0336158367694065,low_sensitivity,neither_radar_measurement_upper_quartile,not_tested,environmental_context_only
HH_023_to_029_2088,HH_023_to_029,2088,90.1540396,22.4720556,29200,-0.283055692911148,0.283055692911148,0.3076923076923077,lower_half,0.2854700854700855,lower_half,0.0545941541536179,low_sensitivity,neither_radar_measurement_upper_quartile,not_tested,environmental_context_only
HH_023_to_029_2096,HH_023_to_029,2096,90.165664,22.4733958,4000,-0.2541077435016632,0.2541077435016632,0.1076923076923077,lower_half,0.5282051282051282,middle_half,0.0524275396551689,low_sensitivity,neither_radar_measurement_upper_quartile,not_tested,environmental_context_only
HH_023_to_029_2115,HH_023_to_029,2115,90.1967136,22.4734773,5600,-0.320566713809967,0.320566713809967,0.7230769230769231,middle_half,0.6239316239316239,middle_half,0.0575942491599126,low_sensitivity,neither_radar_measurement_upper_quartile,not_tested,environmental_context_only
HH_023_to_029_2137,HH_023_to_029,2137,90.1750455,22.4730972,6000,-0.3068270683288574,0.3068270683288574,0.5948717948717949,middle_half,0.6017094017094018,middle_half,0.0611502702045772,low_sensitivity,neither_radar_measurement_upper_quartile,not_tested,environmental_context_only
HH_023_to_029_2152,HH_023_to_029,2152,90.2085867,22.4736576,5200,-0.3605815470218658,0.3605815470218658,0.9179487179487179,upper_quartile,0.8153846153846155,upper_quartile,0.0686054669643853,low_sensitivity,dual_radar_upper_quartile_stable,not_tested,environmental_context_only
HH_023_to_029_2157,HH_023_to_029,2157,90.1560216,22.4723624,4800,-0.3274633288383484,0.3274633288383484,0.7692307692307693,upper_quartile,0.2786324786324787,lower_half,0.0268468157266388,low_sensitivity,nisar_upper_quartile_s1_not_upper_quartile,not_tested,environmental_context_only
HH_023_to_029_2186,HH_023_to_029,2186,90.2035156,22.4728267,10400,-0.3152260780334472,0.3152260780334472,0.6666666666666666,middle_half,0.9452991452991452,upper_quartile,0.0651121815184005,low_sensitivity,s1_upper_quartile_nisar_not_upper_quartile,not_tested,environmental_context_only
HH_023_to_029_2228,HH_023_to_029,2228,90.1619441,22.4713659,4400,-0.2966825067996979,0.2966825067996979,0.4358974358974359,lower_half,0.6888888888888888,middle_half,0.056925572979103,low_sensitivity,neither_radar_measurement_upper_quartile,not_tested,environmental_context_only
HH_023_to_029_2259,HH_023_to_029,2259,90.1886662,22.4715755,5200,-0.2998859584331512,0.2998859584331512,0.48717948717948717,lower_half,0.2871794871794872,lower_half,0.051143622289901,low_sensitivity,neither_radar_measurement_upper_quartile,not_tested,environmental_context_only
HH_023_to_029_2271,HH_023_to_029,2271,90.2033298,22.4715033,5600,-0.2645540833473205,0.2645540833473205,0.14871794871794872,lower_half,0.0564102564102564,lower_half,0.056774707362082,low_sensitivity,neither_radar_measurement_upper_quartile,not_tested,environmental_context_only
HH_023_to_029_2272,HH_023_to_029,2272,90.2141327,22.4710817,14000,-0.2996209263801574,0.2996209263801574,0.48205128205128206,lower_half,0.2769230769230769,lower_half,0.0364875369030138,low_sensitivity,neither_radar_measurement_upper_quartile,not_tested,environmental_context_only
HH_023_to_029_2276,HH_023_to_029,2276,90.1593647,22.4705655,4400,-0.3716465830802917,0.3716465830802917,0.9435897435897436,upper_quartile,0.1726495726495726,lower_half,0.0148928825991132,low_sensitivity,nisar_upper_quartile_s1_not_upper_quartile,not_tested,environmental_context_only
HH_023_to_029_2290,HH_023_to_029,2290,90.1567156,22.47039,5200,-0.2983624041080475,0.2983624041080475,0.47692307692307695,lower_half,0.6649572649572649,middle_half,0.0634339538980762,low_sensitivity,neither_radar_measurement_upper_quartile,not_tested,environmental_context_only
HH_023_to_029_2314,HH_023_to_029,2314,90.1747377,22.4705554,4800,-0.3198432624340057,0.3198432624340057,0.7128205128205128,middle_half,0.3504273504273504,lower_half,0.049825858912802,low_sensitivity,neither_radar_measurement_upper_quartile,not_tested,environmental_context_only
HH_023_to_029_2315,HH_023_to_029,2315,90.1769594,22.4703536,4800,-0.3064141869544983,0.3064141869544983,0.5794871794871795,middle_half,0.4991452991452991,lower_half,0.040835502804249,low_sensitivity,neither_radar_measurement_upper_quartile,not_tested,environmental_context_only
HH_023_to_029_2321,HH_023_to_029,2321,90.2098926,22.4706012,21600,-0.3096171617507934,0.3096171617507934,0.6256410256410256,middle_half,0.4495726495726496,lower_half,0.0587917089825331,low_sensitivity,neither_radar_measurement_upper_quartile,not_tested,environmental_context_only
VV_025_to_026_19,VV_025_to_026,19,90.1674814,22.5090991,4000,-0.2822217941284179,0.2822217941284179,0.75,upper_quartile,0.2708333333333333,lower_half,0.2166500623169003,high_sensitivity,nisar_upper_quartile_s1_not_upper_quartile,not_tested,environmental_context_only
VV_025_to_026_87,VV_025_to_026,87,90.1923973,22.5082479,4800,-0.2958926409482956,0.2958926409482956,0.875,upper_quartile,0.9375,upper_quartile,0.3214650611207685,high_sensitivity,dual_radar_upper_quartile_but_sensitive,not_tested,environmental_context_only
VV_025_to_026_207,VV_025_to_026,207,90.2196199,22.5057297,4000,-0.2420695722103119,0.2420695722103119,0.25,lower_half,1.0,upper_quartile,0.483501767724606,high_sensitivity,s1_upper_quartile_but_sensitive,tested_but_inconclusive_no_valid_pixels,environmental_context_only
VV_025_to_026_415,VV_025_to_026,415,90.1568177,22.4999362,4800,-0.2897845208644867,0.2897845208644867,0.8125,upper_quartile,0.75,upper_quartile,0.2593376794628973,high_sensitivity,dual_radar_upper_quartile_but_sensitive,not_tested,environmental_context_only
VV_025_to_026_482,VV_025_to_026,482,90.151746,22.4985678,4000,-0.2349853515625,0.2349853515625,0.0625,lower_half,0.0625,lower_half,0.1555256019597407,moderate_sensitivity,neither_radar_measurement_upper_quartile,not_tested,environmental_context_only
VV_025_to_026_566,VV_025_to_026,566,90.1815711,22.4974318,4000,-0.2733476385474205,0.2733476385474205,0.625,middle_half,0.375,lower_half,0.1658152158770285,moderate_sensitivity,neither_radar_measurement_upper_quartile,not_tested,environmental_context_only
VV_025_to_026_708,VV_025_to_026,708,90.21585,22.4952384,5200,-0.2798433005809784,0.2798433005809784,0.6875,middle_half,0.3958333333333333,lower_half,0.0795871411179687,low_sensitivity,neither_radar_measurement_upper_quartile,not_tested,environmental_context_only
VV_025_to_026_854,VV_025_to_026,854,90.1736014,22.4909558,4000,-0.2667614817619324,0.2667614817619324,0.5625,middle_half,0.2291666666666666,lower_half,0.1939894314290788,moderate_sensitivity,neither_radar_measurement_upper_quartile,not_tested,environmental_context_only
VV_025_to_026_877,VV_025_to_026,877,90.2143571,22.4914985,4400,-0.3075792193412781,0.3075792193412781,0.9375,upper_quartile,0.625,middle_half,0.1106559556690662,moderate_sensitivity,nisar_upper_quartile_s1_not_upper_quartile,not_tested,environmental_context_only
VV_025_to_026_935,VV_025_to_026,935,90.160373,22.488652,4400,-0.3450766652822494,0.3450766652822494,1.0,upper_quartile,0.2916666666666667,lower_half,0.1451745465300696,moderate_sensitivity,nisar_upper_quartile_s1_not_upper_quartile,not_tested,environmental_context_only
VV_025_to_026_1053,VV_025_to_026,1053,90.1983754,22.4868634,6000,-0.243357315659523,0.243357315659523,0.375,lower_half,0.6875,middle_half,0.1140523231662303,moderate_sensitivity,neither_radar_measurement_upper_quartile,not_tested,environmental_context_only
VV_025_to_026_1135,VV_025_to_026,1135,90.1586449,22.4841993,10400,-0.2630579769611358,0.2630579769611358,0.5,middle_half,0.8333333333333334,upper_quartile,0.3654306250600271,high_sensitivity,s1_upper_quartile_but_sensitive,not_tested,environmental_context_only
VV_025_to_026_1265,VV_025_to_026,1265,90.1589609,22.4818998,5200,-0.2609648108482361,0.2609648108482361,0.4375,lower_half,0.5625,middle_half,0.0832010906640562,low_sensitivity,neither_radar_measurement_upper_quartile,not_tested,environmental_context_only
VV_025_to_026_1298,VV_025_to_026,1298,90.1939619,22.4816384,5200,-0.2354483604431152,0.2354483604431152,0.125,lower_half,0.5,middle_half,0.1192034979697583,moderate_sensitivity,neither_radar_measurement_upper_quartile,not_tested,environmental_context_only
VV_025_to_026_1354,VV_025_to_026,1354,90.1610285,22.4797227,4000,-0.242864653468132,0.242864653468132,0.3125,lower_half,0.8541666666666666,upper_quartile,0.2926262764344962,high_sensitivity,s1_upper_quartile_but_sensitive,not_tested,environmental_context_only
VV_025_to_026_1422,VV_025_to_026,1422,90.1512561,22.4779075,4000,-0.2384259551763534,0.2384259551763534,0.1875,lower_half,0.125,lower_half,0.1885539544723615,moderate_sensitivity,neither_radar_measurement_upper_quartile,not_tested,environmental_context_only
