candidate_key,comparison,region_id,lon,lat,area_m2,knn_k5_mean_distance,knn_k10_mean_distance,knn_k20_mean_distance,knn_k5_mean_distance_percentile,knn_k10_mean_distance_percentile,knn_k20_mean_distance_percentile,knn_stability_percentile,knn_k_score_std
HH_023_to_029_22,HH_023_to_029,22,90.1669106,22.5087995,9200,0.31390965312744445,0.4042068567372388,0.49634239567262667,0.07582938388625593,0.0947867298578199,0.061611374407582936,0.07740916271721958,0.07447911569114882
HH_023_to_029_28,HH_023_to_029,28,90.1568007,22.5088386,4000,0.6810202627084119,0.7178486103137114,0.8009235581015822,0.7582938388625592,0.6255924170616114,0.5402843601895735,0.641390205371248,0.05014930417533905
HH_023_to_029_30,HH_023_to_029,30,90.1686859,22.5087894,6000,0.3708802035897192,0.45496372075379854,0.6007379707588001,0.1990521327014218,0.21800947867298578,0.2985781990521327,0.2385466034755134,0.0949589168191277
HH_023_to_029_32,HH_023_to_029,32,90.176477,22.5086731,12400,0.7280658994927918,0.928087327528092,1.1395220408358067,0.8199052132701422,0.8293838862559242,0.8246445497630331,0.8246445497630331,0.167997806174062
HH_023_to_029_45,HH_023_to_029,45,90.2043415,22.5092983,4800,0.550557638267278,0.6533452687910202,0.8391909050974125,0.5497630331753555,0.5260663507109005,0.5924170616113744,0.5560821484992101,0.11944922689106063
HH_023_to_029_49,HH_023_to_029,49,90.218802,22.5097053,4000,0.34718281085098074,0.41390304039900094,0.4986773469974211,0.14218009478672985,0.11848341232227488,0.07582938388625593,0.11216429699842023,0.06199360771026548
HH_023_to_029_53,HH_023_to_029,53,90.1616915,22.5084431,5200,1.0283821382513818,1.2002296619980433,1.4355148833719842,0.919431279620853,0.9052132701421801,0.9004739336492891,0.9083728278041073,0.16688245329648488
HH_023_to_029_86,HH_023_to_029,86,90.186467,22.5082456,4400,0.525321418604849,0.6102794509114645,0.7271589401874152,0.5213270142180095,0.4786729857819905,0.46919431279620855,0.4897314375987362,0.0827426179220921
HH_023_to_029_107,HH_023_to_029,107,90.1812771,22.5074579,6000,0.2895855965852361,0.372910695921466,0.46351496494815925,0.04265402843601896,0.037914691943127965,0.014218009478672985,0.0315955766192733,0.07102709258083567
HH_023_to_029_109,HH_023_to_029,109,90.2053519,22.5077663,16000,0.42939734043206956,0.46933114176620333,0.5593188403868302,0.32701421800947866,0.24170616113744076,0.22274881516587677,0.26382306477093204,0.054336493305375155
HH_023_to_029_125,HH_023_to_029,125,90.1688461,22.5070504,4400,0.7132661697530993,0.8757788182847486,1.1086105135146131,0.8009478672985783,0.8009478672985783,0.8151658767772512,0.8056872037914692,0.16224744797876756
HH_023_to_029_167,HH_023_to_029,167,90.164763,22.5061629,4000,2.054289758377062,2.2673646351140593,2.6780604889527835,0.990521327014218,0.990521327014218,0.981042654028436,0.9873617693522907,0.2588783308771763
HH_023_to_029_175,HH_023_to_029,175,90.1586041,22.5060001,4800,0.3667482901465577,0.4450765217963883,0.5486466140091877,0.1895734597156398,0.2037914691943128,0.1990521327014218,0.19747235387045814,0.07449763314539412
HH_023_to_029_185,HH_023_to_029,185,90.1550589,22.5057484,8400,0.5537073734350546,0.6700346739597133,0.7901843226047777,0.5639810426540285,0.5592417061611374,0.5308056872037915,0.5513428120063192,0.09654551396765411
HH_023_to_029_186,HH_023_to_029,186,90.1629971,22.5055812,8000,0.5226165140992036,0.723315128189506,0.9924178542786188,0.5118483412322274,0.6445497630331753,0.7251184834123223,0.627172195892575,0.19247207881800957
HH_023_to_029_188,HH_023_to_029,188,90.1662475,22.5055933,8400,1.5258609785995034,2.0426728078366763,2.7090269905792317,0.966824644549763,0.966824644549763,0.985781990521327,0.9731437598736177,0.4843098383383635
HH_023_to_029_200,HH_023_to_029,200,90.1789003,22.5059797,4400,0.38713348523789887,0.42137964429945135,0.5045046808454061,0.23222748815165878,0.14218009478672985,0.0995260663507109,0.1579778830963665,0.04928214536903378
HH_023_to_029_217,HH_023_to_029,217,90.2132106,22.5061355,5200,0.37579462872974806,0.42600479201174873,0.5462919714503072,0.20853080568720378,0.16113744075829384,0.1943127962085308,0.18799368088467613,0.071538187089803
HH_023_to_029_224,HH_023_to_029,224,90.2040889,22.5062164,5600,1.4243223003004633,1.4938660079684545,1.639218119841204,0.9620853080568721,0.943127962085308,0.933649289099526,0.9462875197472354,0.08953197874264807
HH_023_to_029_233,HH_023_to_029,233,90.2029275,22.5055429,7200,0.6671366157287745,0.7228995086937646,0.8506945842631124,0.7440758293838863,0.6350710900473934,0.6161137440758294,0.6650868878357029,0.07683648539019096
HH_023_to_029_235,HH_023_to_029,235,90.2181726,22.5053217,18400,0.4088783763739528,0.47473238122916434,0.5702992947466811,0.26540284360189575,0.25118483412322273,0.2559241706161137,0.2575039494470774,0.06627090680853498
HH_023_to_029_246,HH_023_to_029,246,90.1515533,22.5042809,7200,1.9033613725765846,2.1159736296739227,2.4907733615134786,0.976303317535545,0.9715639810426541,0.966824644549763,0.971563981042654,0.24283777291796754
HH_023_to_029_250,HH_023_to_029,250,90.1680281,22.5051553,4000,0.34354616121361703,0.44082609391895045,0.5625652285431855,0.13270142180094788,0.18009478672985782,0.23222748815165878,0.18167456556082148,0.0895998227057558
HH_023_to_029_265,HH_023_to_029,265,90.2193002,22.5057964,5200,2.495440181404609,2.898003204645086,3.2271324219214,1.0,1.0,0.995260663507109,0.9984202211690363,0.2992131466544866
HH_023_to_029_294,HH_023_to_029,294,90.1781375,22.5044691,5200,0.7000273207052744,0.7969847088423677,0.9645030128281109,0.7772511848341233,0.7298578199052133,0.7156398104265402,0.740916271721959,0.10924514177272254
HH_023_to_029_296,HH_023_to_029,296,90.1965035,22.5039642,19600,2.053833119831411,2.256444367910743,2.569576154434886,0.985781990521327,0.985781990521327,0.9715639810426541,0.9810426540284359,0.212156575125822
HH_023_to_029_300,HH_023_to_029,300,90.2162528,22.5049314,6400,0.6395680548648824,0.8372190239498117,1.0717977387899889,0.6966824644549763,0.7630331753554502,0.7867298578199052,0.7488151658767772,0.17667156556172503
HH_023_to_029_305,HH_023_to_029,305,90.1590704,22.5036905,10000,0.4375412344280253,0.5499049177125805,0.6735642670701625,0.3459715639810427,0.3981042654028436,0.4075829383886256,0.38388625592417064,0.09639277516863763
HH_023_to_029_310,HH_023_to_029,310,90.1828304,22.5043138,4000,0.4576774680377783,0.5523076222525192,0.6631118128043781,0.4028436018957346,0.41232227488151657,0.3886255924170616,0.40126382306477093,0.08395481902669139
HH_023_to_029_342,HH_023_to_029,342,90.1800791,22.5030263,9200,0.4283142894858113,0.48225501333682896,0.6100060870039867,0.3175355450236967,0.26066350710900477,0.3127962085308057,0.296998420221169,0.07618825208220095
HH_023_to_029_346,HH_023_to_029,346,90.1935762,22.5037114,5200,0.5246453665888696,0.6269159428830458,0.8175265821717581,0.5165876777251185,0.4976303317535545,0.5639810426540285,0.5260663507109005,0.12136771171705381
HH_023_to_029_362,HH_023_to_029,362,90.1786081,22.5030304,6000,0.5891648670706502,0.713749596041353,0.8904320187098328,0.6113744075829384,0.6208530805687204,0.6587677725118484,0.6303317535545023,0.1236032765789596
HH_023_to_029_370,HH_023_to_029,370,90.1562913,22.5019768,19600,0.3035581273244151,0.42110272326772585,0.5625185504050323,0.05687203791469194,0.13744075829383887,0.22748815165876776,0.1406003159557662,0.10586976744120682
HH_023_to_029_374,HH_023_to_029,374,90.1706414,22.5027642,4000,0.635737845695738,0.6912733735185277,0.8034579000127595,0.6919431279620853,0.5876777251184834,0.5497630331753555,0.6097946287519748,0.06976116354740931
HH_023_to_029_388,HH_023_to_029,388,90.1508104,22.5021504,6400,0.6733807986280342,0.85774495198135,1.0405608155843598,0.7535545023696683,0.7867298578199052,0.7630331753554502,0.7677725118483413,0.14990105843472096
HH_023_to_029_389,HH_023_to_029,389,90.1526745,22.5022398,4800,0.4617128032883552,0.528243546566224,0.6379415210748014,0.41232227488151657,0.36492890995260663,0.35545023696682465,0.377567140600316,0.0726609679608317
HH_023_to_029_393,HH_023_to_029,393,90.1814727,22.5023988,6800,0.2915155057656545,0.38203966936903777,0.49864736428528855,0.04739336492890995,0.05687203791469194,0.07109004739336493,0.0584518167456556,0.0847844230475617
HH_023_to_029_398,HH_023_to_029,398,90.1582508,22.5019021,4800,0.27307377606862543,0.4187024795040492,0.5658006284426229,0.014218009478672985,0.12796208530805686,0.24170616113744076,0.12796208530805686,0.11950573895388433
HH_023_to_029_402,HH_023_to_029,402,90.1981687,22.502558,4400,0.5885440811576284,0.7727781765689511,0.9630331946625711,0.6066350710900474,0.7156398104265402,0.7109004739336493,0.6777251184834124,0.15289112682470415
HH_023_to_029_432,HH_023_to_029,432,90.1619613,22.5017569,4800,0.5905637650739118,0.7225635868464538,0.9133434018600817,0.6161137440758294,0.6303317535545023,0.6729857819905213,0.6398104265402843,0.132500559616608
HH_023_to_029_478,HH_023_to_029,478,90.1545898,22.4993345,25600,1.9517351680324873,2.1404870970003045,2.425501954671817,0.981042654028436,0.976303317535545,0.9620853080568721,0.9731437598736177,0.19474077582067353
HH_023_to_029_480,HH_023_to_029,480,90.1723173,22.5009222,6000,0.43124422507275295,0.5213660068025151,0.6241795291507757,0.33649289099526064,0.3412322274881517,0.32701421800947866,0.334913112164297,0.07882229484344463
HH_023_to_029_488,HH_023_to_029,488,90.1594935,22.5004474,5200,0.7799222265727422,0.9534765771450482,1.1525634135886214,0.8436018957345972,0.8388625592417062,0.8293838862559242,0.8372827804107424,0.15224911432265226
HH_023_to_029_495,HH_023_to_029,495,90.2159962,22.5013723,8400,0.7284562475272293,0.8493932527258868,1.0511696988919577,0.8293838862559242,0.7772511848341233,0.7772511848341233,0.7946287519747236,0.133117936493073
HH_023_to_029_508,HH_023_to_029,508,90.2120705,22.5011304,5200,0.37174627223341944,0.4355921763121616,0.5236437620607661,0.2037914691943128,0.17535545023696683,0.12796208530805686,0.16903633491311218,0.062273793878613794
HH_023_to_029_556,HH_023_to_029,556,90.1656137,22.4992639,4400,0.4487633814997626,0.522674038111152,0.5904932136521522,0.3744075829383886,0.3459715639810427,0.2890995260663507,0.33649289099526064,0.05787877278677898
HH_023_to_029_557,HH_023_to_029,557,90.1696419,22.4993708,4000,0.28511378075749017,0.3760321146871074,0.48844158358913264,0.03317535545023697,0.04265402843601896,0.037914691943127965,0.037914691943127965,0.08316264355514176
HH_023_to_029_562,HH_023_to_029,562,90.2147481,22.4999408,5600,0.3339995023970569,0.3949965834876325,0.4887220958210786,0.11374407582938388,0.07109004739336493,0.04265402843601896,0.07582938388625592,0.06363454379815375
HH_023_to_029_579,HH_023_to_029,579,90.1668833,22.4987672,6400,0.4558447454692606,0.49520692563675806,0.585750206206023,0.3886255924170616,0.2843601895734597,0.2843601895734597,0.3191153238546604,0.05438841340356488
HH_023_to_029_580,HH_023_to_029,580,90.1757119,22.4989503,10000,0.38594306137256507,0.4650268964983403,0.542694516337842,0.22748815165876776,0.22274881516587677,0.1848341232227488,0.21169036334913113,0.06399438411425509
HH_023_to_029_605,HH_023_to_029,605,90.1829146,22.4988315,5200,0.3935606507512975,0.4665815402128253,0.5801188284413504,0.23696682464454977,0.22748815165876776,0.26540284360189575,0.24328593996840442,0.07675843766798773
HH_023_to_029_608,HH_023_to_029,608,90.2138264,22.4992722,5200,1.0242412695959442,1.3175879765326264,1.5933135883432104,0.9146919431279621,0.9241706161137441,0.9241706161137441,0.9210110584518167,0.23235992373980371
HH_023_to_029_619,HH_023_to_029,619,90.1567248,22.497447,20400,0.5602139301589867,0.6619688093003246,0.8326018519402693,0.5687203791469194,0.5355450236966824,0.5829383886255924,0.5624012638230648,0.11238073708106919
HH_023_to_029_623,HH_023_to_029,623,90.1771166,22.4972125,23200,0.8127554885830784,1.0129715557252559,1.286877859133893,0.8578199052132701,0.8767772511848341,0.8767772511848341,0.8704581358609794,0.1943373809886042
HH_023_to_029_624,HH_023_to_029,624,90.1808003,22.4984473,5200,0.4442926232306581,0.5424376064613674,0.6395281206415345,0.36018957345971564,0.3933649289099526,0.36492890995260663,0.37282780410742494,0.0797049455641087
HH_023_to_029_626,HH_023_to_029,626,90.1883716,22.4987931,4400,0.2632996963275897,0.3631687764208206,0.4942328755944504,0.009478672985781991,0.004739336492890996,0.052132701421800945,0.02211690363349131,0.09456436052714061
HH_023_to_029_649,HH_023_to_029,649,90.1585708,22.4973345,13600,0.2380754368530722,0.392664662178838,0.5301796574733892,0.004739336492890996,0.06635071090047394,0.14218009478672985,0.07109004739336493,0.1193189368512828
HH_023_to_029_651,HH_023_to_029,651,90.1698473,22.4978254,8400,0.30928502701885024,0.36783089608624553,0.4852117140644288,0.07109004739336493,0.023696682464454975,0.03317535545023697,0.042654028436018954,0.07314830781738103
HH_023_to_029_704,HH_023_to_029,704,90.1517413,22.4953797,30000,0.840226918377023,0.9827549649322244,1.2008990811893754,0.8720379146919431,0.8483412322274881,0.8578199052132701,0.8593996840442338,0.14831854178692377
HH_023_to_029_707,HH_023_to_029,707,90.1642214,22.4965195,6000,0.27931441963604625,0.3771609864497385,0.5034713251052698,0.018957345971563982,0.052132701421800945,0.0947867298578199,0.05529225908372828,0.09175727071284916
HH_023_to_029_750,HH_023_to_029,750,90.1820168,22.49637,9600,0.5658112950388834,0.649938076666789,0.7745416932366795,0.5781990521327014,0.5213270142180095,0.5118483412322274,0.5371248025276462,0.08574623787093853
HH_023_to_029_765,HH_023_to_029,765,90.1612043,22.4955101,4400,0.6159912409459205,0.6937460361714515,0.7714220452894682,0.6635071090047393,0.5971563981042654,0.5071090047393365,0.5892575039494471,0.06345436287596228
HH_023_to_029_779,HH_023_to_029,779,90.1757725,22.4955611,5600,0.5194554189129794,0.6590887285022786,0.7682914313456041,0.5023696682464455,0.5308056872037915,0.4976303317535545,0.5102685624012638,0.10183977204877498
HH_023_to_029_822,HH_023_to_029,822,90.1739825,22.4945304,11200,0.6815922528655951,0.8303164014860339,0.9968149874564084,0.7630331753554502,0.7535545023696683,0.7345971563981043,0.7503949447077409,0.12875731863381112
HH_023_to_029_847,HH_023_to_029,847,90.2115065,22.4951609,4800,0.551448013962488,0.667813410398592,0.778815297202782,0.5592417061611374,0.5497630331753555,0.5165876777251185,0.5418641390205372,0.0928309131042348
HH_023_to_029_854,HH_023_to_029,854,90.178564,22.4941959,4800,0.5767239387934124,0.6692278367456346,0.8472071932057629,0.5971563981042654,0.5545023696682464,0.6113744075829384,0.5876777251184834,0.1122471545691386
HH_023_to_029_881,HH_023_to_029,881,90.2094121,22.4944868,4000,0.44049582967570655,0.503098672790456,0.5583520753356422,0.35071090047393366,0.3080568720379147,0.21800947867298578,0.2922590837282781,0.04814578451597171
HH_023_to_029_883,HH_023_to_029,883,90.2162711,22.494699,4400,0.33141669894250275,0.3715222602014821,0.46027042620858316,0.10426540284360189,0.02843601895734597,0.009478672985781991,0.04739336492890994,0.05383924223905743
HH_023_to_029_892,HH_023_to_029,892,90.1503478,22.493323,4800,0.42587239038773655,0.4674605217823949,0.5388232743676724,0.3127962085308057,0.23696682464454977,0.17535545023696683,0.24170616113744078,0.04664299080521201
HH_023_to_029_900,HH_023_to_029,900,90.1970033,22.4942171,4000,1.3211431180353568,1.7035521714566542,2.10887688357625,0.943127962085308,0.957345971563981,0.957345971563981,0.9526066350710901,0.3216363183898929
HH_023_to_029_902,HH_023_to_029,902,90.2059977,22.494247,4000,0.7172280101584256,0.7869567265256494,0.9502882800314767,0.8151658767772512,0.7251184834123223,0.7061611374407583,0.7488151658767772,0.09767086432967217
HH_023_to_029_935,HH_023_to_029,935,90.2042145,22.4933548,6800,0.5057135869925191,0.5610272487780512,0.6157990178446218,0.46919431279620855,0.4218009478672986,0.3175355450236967,0.40284360189573465,0.04494237044717384
HH_023_to_029_942,HH_023_to_029,942,90.1710755,22.4929759,4400,0.5164754015264048,0.6112092945428439,0.7418823285050153,0.4928909952606635,0.4881516587677725,0.4834123222748815,0.48815165876777256,0.09241105935551076
HH_023_to_029_970,HH_023_to_029,970,90.1977177,22.4930461,7200,1.372194046622899,1.937092537140145,2.6158307304247583,0.95260663507109,0.9620853080568721,0.976303317535545,0.9636650868878357,0.5084210897922234
HH_023_to_029_972,HH_023_to_029,972,90.1522077,22.4921494,4000,0.7156620996899941,0.8162083063030557,0.9976561064943053,0.8104265402843602,0.7488151658767772,0.7440758293838863,0.7677725118483413,0.11669212280949195
HH_023_to_029_982,HH_023_to_029,982,90.2163498,22.4930107,9600,0.8839489605081358,1.0095937718219286,1.1863340629936139,0.8909952606635071,0.8720379146919431,0.8483412322274881,0.8704581358609795,0.12403426916187486
HH_023_to_029_996,HH_023_to_029,996,90.2121568,22.4922235,13600,0.42291926737668933,0.5266064885492057,0.6266681433352999,0.2938388625592417,0.36018957345971564,0.33649289099526064,0.330173775671406,0.08318451982551071
HH_023_to_029_997,HH_023_to_029,997,90.2178163,22.492942,6400,0.48953619775273705,0.575228548899488,0.699770004205987,0.45023696682464454,0.43601895734597157,0.44549763033175355,0.44391785150078983,0.08631467398790268
HH_023_to_029_1015,HH_023_to_029,1015,90.202185,22.4925561,4000,0.5732380299332483,0.7625343465839468,1.009536718352845,0.5924170616113744,0.7061611374407583,0.7535545023696683,0.684044233807267,0.1786367551683343
HH_023_to_029_1017,HH_023_to_029,1017,90.1509067,22.4913321,4800,0.47624644573488595,0.6110862310344217,0.8276454491034185,0.44075829383886256,0.4834123222748815,0.5734597156398105,0.49921011058451814,0.14474534043495463
HH_023_to_029_1027,HH_023_to_029,1027,90.2106839,22.4923184,7200,0.4283523557237211,0.48083952368991867,0.5648408865937455,0.3222748815165877,0.2559241706161137,0.23696682464454977,0.2717219589257504,0.05621412518207093
HH_023_to_029_1033,HH_023_to_029,1033,90.1531898,22.4910196,4400,0.5619710837634033,0.691402337325116,0.8802327937052293,0.5734597156398105,0.5924170616113744,0.6492890995260664,0.6050552922590837,0.13068193221642863
HH_023_to_029_1041,HH_023_to_029,1041,90.196999,22.4916767,5600,0.6422162148166357,0.8483033035247237,1.0436890744611207,0.7203791469194313,0.7725118483412322,0.7677725118483413,0.7535545023696683,0.16392001594534716
HH_023_to_029_1043,HH_023_to_029,1043,90.2142411,22.4920039,4800,0.7795738781356717,0.8935023754095802,1.0747872953545776,0.8388625592417062,0.8104265402843602,0.7914691943127962,0.8135860979462876,0.12156154654998563
HH_023_to_029_1063,HH_023_to_029,1063,90.1725666,22.4907131,9200,0.6322869241844021,0.7569276490710746,0.917093308576462,0.6872037914691943,0.7014218009478673,0.6824644549763034,0.6903633491311217,0.11657283149056483
HH_023_to_029_1074,HH_023_to_029,1074,90.1571648,22.4900888,7200,0.5391112427229934,0.6082831517570505,0.7225309517219592,0.5308056872037915,0.47393364928909953,0.46445497630331756,0.4897314375987363,0.07563075685746948
HH_023_to_029_1076,HH_023_to_029,1076,90.1854392,22.4909629,4400,0.42394782787751123,0.4973031201076677,0.5918319953587738,0.2985781990521327,0.2890995260663507,0.2938388625592417,0.2938388625592417,0.06871988297533002
HH_023_to_029_1096,HH_023_to_029,1096,90.1658591,22.4900389,16000,0.5503790128022252,0.8149872138455461,1.0479347681036377,0.5450236966824644,0.7440758293838863,0.7725118483412322,0.6872037914691943,0.20326331929237015
HH_023_to_029_1101,HH_023_to_029,1101,90.1959828,22.4905809,9200,0.6652097078200754,0.728683519140052,0.8229247711033818,0.7345971563981043,0.6540284360189573,0.5687203791469194,0.6524486571879936,0.06479401505416749
HH_023_to_029_1107,HH_023_to_029,1107,90.1689011,22.490115,4800,0.5070922406192416,0.5767939847511887,0.6684583774351117,0.47393364928909953,0.44075829383886256,0.3981042654028436,0.4375987361769352,0.06608052674328158
HH_023_to_029_1110,HH_023_to_029,1110,90.1743353,22.4894224,25200,0.5982709289744822,0.6845245068762232,0.7955533160182242,0.6398104265402843,0.5639810426540285,0.5355450236966824,0.5797788309636651,0.08075161945264243
HH_023_to_029_1114,HH_023_to_029,1114,90.208616,22.4904873,7200,0.7281941755402515,0.8446972148167164,0.9998001612990205,0.8246445497630331,0.7677725118483413,0.7488151658767772,0.7804107424960506,0.1112553088212167
HH_023_to_029_1120,HH_023_to_029,1120,90.1608642,22.4896781,4400,0.5514379325128299,0.646240074764779,0.7822605185415987,0.5545023696682464,0.5165876777251185,0.5213270142180095,0.5308056872037915,0.09473241468110184
HH_023_to_029_1129,HH_023_to_029,1129,90.1518232,22.489048,13200,0.33206875263248065,0.4297851291551896,0.5541732864832754,0.10900473933649289,0.16587677725118483,0.20853080568720378,0.16113744075829384,0.09089146634022315
HH_023_to_029_1143,HH_023_to_029,1143,90.2138634,22.4908149,6000,0.5167200884449973,0.7339237456976323,0.934119357458363,0.4976303317535545,0.6587677725118484,0.6919431279620853,0.6161137440758294,0.17044968676515837
HH_023_to_029_1145,HH_023_to_029,1145,90.1535976,22.4889715,10000,0.906841903678093,1.047629502159904,1.1805134494124438,0.9004739336492891,0.8909952606635071,0.8436018957345972,0.8783570300157978,0.11174147060082745
HH_023_to_029_1148,HH_023_to_029,1148,90.1722638,22.4897853,5200,0.3620893136770199,0.5054562615939746,0.6334828074882664,0.1848341232227488,0.3175355450236967,0.3412322274881517,0.2812006319115324,0.11085491353402281
HH_023_to_029_1161,HH_023_to_029,1161,90.1709871,22.489592,4000,0.8302778597749011,0.9999089900324073,1.1792933179707428,0.8672985781990521,0.8672985781990521,0.8341232227488151,0.8562401263823064,0.14250350776266707
HH_023_to_029_1165,HH_023_to_029,1165,90.1694352,22.4892634,5200,0.3067391746311087,0.37250950421564466,0.49685898298868364,0.061611374407582936,0.03317535545023697,0.06635071090047394,0.053712480252764615,0.07883461637765338
HH_023_to_029_1182,HH_023_to_029,1182,90.1766829,22.4889561,6800,0.49391889797931804,0.5924066084179784,0.7285326158798483,0.4597156398104265,0.4549763033175355,0.47393364928909953,0.4628751974723539,0.09619061841645939
HH_023_to_029_1194,HH_023_to_029,1194,90.2062804,22.4891972,12000,0.6463161706197724,0.6907692297753897,0.787997157375429,0.7298578199052133,0.5829383886255924,0.5260663507109005,0.612954186413902,0.05916347069466637
HH_023_to_029_1218,HH_023_to_029,1218,90.2023592,22.4885583,11600,0.6406330053690756,0.7392696912186333,0.8420391571215016,0.7061611374407583,0.6682464454976303,0.5971563981042654,0.6571879936808847,0.08222948706115529
HH_023_to_029_1253,HH_023_to_029,1253,90.1711765,22.4876036,6000,0.4243233074937763,0.5057836629644584,0.645970432802432,0.3033175355450237,0.3222748815165877,0.3744075829383886,0.3333333333333333,0.09153965024852821
HH_023_to_029_1256,HH_023_to_029,1256,90.1795742,22.4876486,4000,0.4647730164723901,0.5508719320292135,0.6917800186968256,0.41706161137440756,0.4075829383886256,0.43601895734597157,0.4202211690363349,0.09357129854781157
HH_023_to_029_1262,HH_023_to_029,1262,90.2109602,22.4883335,6000,0.343427887691908,0.4240393452791736,0.5224150444813069,0.12796208530805686,0.15639810426540285,0.12322274881516587,0.1358609794628752,0.07319106471224249
HH_023_to_029_1271,HH_023_to_029,1271,90.1775739,22.4872232,11600,0.7055040510163753,1.0367019402310893,1.2588882843450195,0.7819905213270142,0.8862559241706162,0.8625592417061612,0.8436018957345972,0.22737461087321836
HH_023_to_029_1278,HH_023_to_029,1278,90.1556296,22.4867897,6400,0.6454010358197342,0.7514344869306945,0.9420704787978375,0.7251184834123223,0.6966824644549763,0.6966824644549763,0.7061611374407583,0.12274541518779061
HH_023_to_029_1281,HH_023_to_029,1281,90.1695038,22.4868926,4400,0.6823018359391562,0.7398046393844042,0.8433537389367182,0.7677725118483413,0.6729857819905213,0.6018957345971564,0.6808846761453397,0.06663891412455136
HH_023_to_029_1295,HH_023_to_029,1295,90.2115697,22.487646,6000,0.6163493742340108,0.8618548168471147,1.0901017965382223,0.6682464454976303,0.7914691943127962,0.8009478672985783,0.7535545023696683,0.19345139031402891
HH_023_to_029_1307,HH_023_to_029,1307,90.1600789,22.486277,8000,0.6401231234378615,0.9174683440874272,1.2674599597927954,0.7014218009478673,0.8151658767772512,0.8672985781990521,0.7946287519747236,0.2566809538727076
HH_023_to_029_1324,HH_023_to_029,1324,90.1952947,22.4867342,5600,0.8668729453219071,1.131162632044982,1.3831283266776602,0.8815165876777251,0.8957345971563981,0.8957345971563981,0.8909952606635071,0.21078039350067201
HH_023_to_029_1370,HH_023_to_029,1370,90.1751873,22.4855679,4000,0.2836914540747782,0.37633705607425244,0.500910719745876,0.023696682464454975,0.04739336492890995,0.08530805687203792,0.05213270142180095,0.0889981364530908
HH_023_to_029_1371,HH_023_to_029,1371,90.1774231,22.4857966,4800,0.3182033156058565,0.3650998803567044,0.47041291911985583,0.08530805687203792,0.009478672985781991,0.018957345971563982,0.037914691943127965,0.06364649533935984
HH_023_to_029_1376,HH_023_to_029,1376,90.2097673,22.4861813,10800,0.448658561368359,0.537590287258461,0.6373013624236263,0.3696682464454976,0.3791469194312796,0.35071090047393366,0.3665086887835703,0.07705499967221296
HH_023_to_029_1390,HH_023_to_029,1390,90.2062765,22.4855238,8400,0.4938974844056057,0.577129172984655,0.6953941270141858,0.4549763033175355,0.44549763033175355,0.44075829383886256,0.4470774091627172,0.08267406574270147
HH_023_to_029_1405,HH_023_to_029,1405,90.2183989,22.4861574,4000,0.28793298721459165,0.36533452871175254,0.47102706443494774,0.037914691943127965,0.014218009478672985,0.023696682464454975,0.025276461295418644,0.0750446917560976
HH_023_to_029_1406,HH_023_to_029,1406,90.1508658,22.484634,6000,0.5351825956674026,0.6645983757461005,0.9056602333128542,0.5260663507109005,0.5402843601895735,0.6682464454976303,0.5781990521327014,0.15351906986222563
HH_023_to_029_1413,HH_023_to_029,1413,90.2143675,22.4856889,4400,0.7106684320966627,0.9206932453513424,1.1392312286049207,0.7914691943127962,0.8199052132701422,0.8199052132701422,0.8104265402843601,0.17497153510029465
HH_023_to_029_1453,HH_023_to_029,1453,90.1706977,22.4842653,7600,0.47354367205663994,0.5580872250418025,0.6714122576300245,0.43601895734597157,0.41706161137440756,0.4028436018957346,0.4186413902053712,0.08106386543905326
HH_023_to_029_1461,HH_023_to_029,1461,90.2043445,22.484749,5200,0.3300845147360995,0.40215997877731297,0.5119189273210807,0.0995260663507109,0.08530805687203792,0.10426540284360189,0.09636650868878356,0.07476307236293929
HH_023_to_029_1464,HH_023_to_029,1464,90.2138756,22.4846793,4400,0.34549505931293584,0.4025418288870231,0.5003238402947989,0.13744075829383887,0.09004739336492891,0.08056872037914692,0.10268562401263824,0.06393365232290871
HH_023_to_029_1470,HH_023_to_029,1470,90.180585,22.4842122,7200,0.9464105724869277,1.176589847520002,1.4458908933943182,0.9052132701421801,0.9004739336492891,0.9052132701421801,0.9036334913112164,0.20412037378237327
HH_023_to_029_1492,HH_023_to_029,1492,90.2177394,22.4846476,4800,0.7107523741439165,0.8755710727209756,1.0181174529271144,0.7962085308056872,0.7962085308056872,0.7582938388625592,0.7835703001579778,0.1255910318657392
HH_023_to_029_1501,HH_023_to_029,1501,90.2082221,22.4843024,7200,0.44956804540269213,0.5144749046764061,0.6187473081263839,0.3791469194312796,0.33175355450236965,0.3222748815165877,0.344391785150079,0.06968760246648736
HH_023_to_029_1505,HH_023_to_029,1505,90.16235,22.4835009,5200,0.6209262768383839,0.7491163576936908,0.9029296501000375,0.6777251184834123,0.6872037914691943,0.6635071090047393,0.6761453396524487,0.11528569742721868
HH_023_to_029_1525,HH_023_to_029,1525,90.1991607,22.4835584,11200,0.39955535097828687,0.5022517155672538,0.6020737975773744,0.24644549763033174,0.3033175355450237,0.3033175355450237,0.2843601895734597,0.08268058523252317
HH_023_to_029_1536,HH_023_to_029,1536,90.1976151,22.4835072,5200,1.1828426705363952,1.4329645361492844,1.7210060791773567,0.9383886255924171,0.9383886255924171,0.943127962085308,0.9399684044233808,0.2198860140486236
HH_023_to_029_1552,HH_023_to_029,1552,90.1543896,22.4824414,4400,0.45073708619519054,0.5394550686504684,0.6482494736737358,0.38388625592417064,0.3886255924170616,0.3791469194312796,0.38388625592417064,0.08077282696466727
HH_023_to_029_1564,HH_023_to_029,1564,90.164588,22.4822465,7200,0.38404205028484917,0.5261367130445422,0.6572267711824054,0.22274881516587677,0.35545023696682465,0.38388625592417064,0.320695102685624,0.11155735358960973
HH_023_to_029_1566,HH_023_to_029,1566,90.1807522,22.4825931,4400,0.3548705034003888,0.421694802744658,0.5198112844410632,0.16587677725118483,0.14691943127962084,0.11848341232227488,0.14375987361769352,0.06773952745106411
HH_023_to_029_1570,HH_023_to_029,1570,90.208848,22.4830591,7600,0.35334958686019474,0.4422035992174272,0.5380281492363944,0.16113744075829384,0.1895734597156398,0.16587677725118483,0.17219589257503945,0.07541260674129627
HH_023_to_029_1582,HH_023_to_029,1582,90.2178366,22.4832953,7200,0.38396150833049547,0.4426638503700806,0.545144195037046,0.21800947867298578,0.1943127962085308,0.1895734597156398,0.20063191153238547,0.06660667675735961
HH_023_to_029_1598,HH_023_to_029,1598,90.1724785,22.4821654,5200,0.39770127751218975,0.4901046369852306,0.626230115034265,0.24170616113744076,0.27488151658767773,0.33175355450236965,0.28278041074249605,0.09386394183732891
HH_023_to_029_1628,HH_023_to_029,1628,90.1614775,22.4815178,4000,1.1378641848899114,1.3158937891746612,1.4793825002296708,0.9241706161137441,0.919431279620853,0.9146919431279621,0.919431279620853,0.13946638717177234
HH_023_to_029_1640,HH_023_to_029,1640,90.2182324,22.4821097,7600,0.8592659537967222,1.0314600059107673,1.1895727443461768,0.8767772511848341,0.8815165876777251,0.8530805687203792,0.8704581358609794,0.13488802167480332
HH_023_to_029_1644,HH_023_to_029,1644,90.176924,22.481525,4400,0.5679755765331628,0.6850642561838504,0.8094509605592453,0.5829383886255924,0.5734597156398105,0.5592417061611374,0.5718799368088467,0.09859691916431898
HH_023_to_029_1653,HH_023_to_029,1653,90.1711812,22.4810025,4000,1.169219237814293,1.3370622117740563,1.5700321299912778,0.933649289099526,0.9289099526066351,0.919431279620853,0.9273301737756713,0.16434963449814882
HH_023_to_029_1659,HH_023_to_029,1659,90.1997243,22.4817565,5600,0.35593107934178286,0.44561163112616287,0.5322023449451974,0.17061611374407584,0.20853080568720378,0.15165876777251186,0.1769352290679305,0.07196612796268217
HH_023_to_029_1704,HH_023_to_029,1704,90.1672148,22.4802288,4000,0.40849745251330366,0.49043253178858964,0.5690873177105703,0.26066350710900477,0.2796208530805687,0.25118483412322273,0.2638230647709321,0.06556509688711948
HH_023_to_029_1728,HH_023_to_029,1728,90.1568306,22.4795073,4800,0.33979500143367186,0.4187640632723963,0.5312003731557547,0.11848341232227488,0.13270142180094788,0.14691943127962084,0.13270142180094788,0.07853806779160141
HH_023_to_029_1754,HH_023_to_029,1754,90.1509674,22.4790803,6400,0.38363996968547925,0.4415854967929847,0.5389874684072333,0.2132701421800948,0.1848341232227488,0.18009478672985782,0.19273301737756712,0.06409859900116983
HH_023_to_029_1755,HH_023_to_029,1755,90.154537,22.4785472,12400,0.5471803366325536,0.7435416652770972,0.985911646282499,0.5402843601895735,0.6824644549763034,0.7203791469194313,0.6477093206951027,0.17943929371076558
HH_023_to_029_1781,HH_023_to_029,1781,90.2074362,22.4796853,4000,0.6695300533745081,0.7656807744253225,0.8801798202237819,0.7488151658767772,0.7109004739336493,0.6445497630331753,0.7014218009478673,0.08610608245453373
HH_023_to_029_1785,HH_023_to_029,1785,90.1569917,22.4784922,7200,0.6118546182067763,0.7386828279671416,0.8806956858481426,0.6540284360189573,0.6635071090047393,0.6540284360189573,0.6571879936808847,0.10981224696175149
HH_023_to_029_1786,HH_023_to_029,1786,90.1647003,22.4790948,4400,2.081639750285326,2.6011988380819977,3.3300337849420196,0.995260663507109,0.995260663507109,1.0,0.9968404423380726,0.5120362065369747
HH_023_to_029_1789,HH_023_to_029,1789,90.1774182,22.4793367,6000,0.4576643625027235,0.6427446135994456,0.8453096916801408,0.3981042654028436,0.5071090047393365,0.6066350710900474,0.5039494470774092,0.1583091951554622
HH_023_to_029_1808,HH_023_to_029,1808,90.2175404,22.4798662,6000,0.5944601349750681,0.6648417928381939,0.769672114911564,0.6208530805687204,0.5450236966824644,0.5023696682464455,0.5560821484992101,0.07198936040434155
HH_023_to_029_1816,HH_023_to_029,1816,90.2081979,22.4791452,9200,0.5981995003682127,0.7067299532661923,0.8286174386668377,0.6350710900473934,0.6161137440758294,0.5781990521327014,0.6097946287519748,0.09412039842275428
HH_023_to_029_1848,HH_023_to_029,1848,90.1555007,22.4775231,7200,0.44382837396633407,0.569272300615345,0.6741192918930206,0.35545023696682465,0.4265402843601896,0.41232227488151657,0.39810426540284355,0.09414113352516072
HH_023_to_029_1857,HH_023_to_029,1857,90.1794327,22.4779913,4400,0.8059552272083254,0.9974805512307651,1.3132805386584805,0.8530805687203792,0.8578199052132701,0.8815165876777251,0.8641390205371248,0.20917577760747927
HH_023_to_029_1866,HH_023_to_029,1866,90.1808369,22.4776375,7200,0.4576864544957865,0.5993855632125119,0.7648897247650996,0.4075829383886256,0.46919431279620855,0.4928909952606635,0.45655608214849924,0.1255406592686653
HH_023_to_029_1869,HH_023_to_029,1869,90.1932339,22.4781491,5600,0.4699802070940075,0.5372382269725671,0.6386434639363415,0.4265402843601896,0.3696682464454976,0.36018957345971564,0.38546603475513425,0.06932528601561955
HH_023_to_029_1887,HH_023_to_029,1887,90.1611216,22.4770617,8000,0.5114712449446094,0.7511596332913674,0.9938882920727599,0.4786729857819905,0.6919431279620853,0.7298578199052133,0.6334913112164297,0.19694723846810797
HH_023_to_029_1889,HH_023_to_029,1889,90.1829699,22.4776555,5200,0.489169035794221,0.6112901999125215,0.7435303008581622,0.44549763033175355,0.4928909952606635,0.4881516587677725,0.4755134281200632,0.10386993800403072
HH_023_to_029_1902,HH_023_to_029,1902,90.1744236,22.4772594,4800,0.8745527774889789,0.9984032371217202,1.2750393864034617,0.8862559241706162,0.8625592417061612,0.8720379146919431,0.8736176935229069,0.1674169841910024
HH_023_to_029_1904,HH_023_to_029,1904,90.1948541,22.4775177,10800,0.35778122754826824,0.41052173407791875,0.502058416221717,0.17535545023696683,0.11374407582938388,0.09004739336492891,0.1263823064770932,0.05960651752060972
HH_023_to_029_1905,HH_023_to_029,1905,90.1995842,22.4772718,14000,0.7155674037453338,0.8099920872900398,0.9971979956955664,0.8056872037914692,0.7393364928909952,0.7393364928909952,0.7614533965244865,0.11703649161536221
HH_023_to_029_1924,HH_023_to_029,1924,90.1717543,22.4766981,4000,0.5972121849895179,0.9411905059368244,1.3183962539763567,0.6303317535545023,0.8341232227488151,0.8862559241706162,0.7835703001579778,0.29452630952018244
HH_023_to_029_1925,HH_023_to_029,1925,90.1769576,22.4768254,4000,0.34299373682926004,0.41778363940130453,0.5335739336903933,0.12322274881516587,0.12322274881516587,0.15639810426540285,0.13428120063191154,0.07840190843334675
HH_023_to_029_1931,HH_023_to_029,1931,90.2126982,22.477219,6000,0.3295101153526042,0.395710783743166,0.47845428587222927,0.0947867298578199,0.08056872037914692,0.02843601895734597,0.06793048973143759,0.060931091836706607
HH_023_to_029_1933,HH_023_to_029,1933,90.1553133,22.4761281,5200,0.8989471962767098,1.2893301981854053,1.6588424850599814,0.8957345971563981,0.9146919431279621,0.9383886255924171,0.9162717219589257,0.3102649527680666
HH_023_to_029_1950,HH_023_to_029,1950,90.1755488,22.4762524,6400,0.7104847506289367,0.8823774706277302,1.101614924172356,0.7867298578199052,0.8056872037914692,0.8056872037914692,0.7993680884676145,0.160067687377497
HH_023_to_029_1952,HH_023_to_029,1952,90.2191665,22.4769095,10000,0.366947731834809,0.4669446397841163,0.5850089244482588,0.1943127962085308,0.23222748815165878,0.27488151658767773,0.23380726698262244,0.08912490650559408
HH_023_to_029_1976,HH_023_to_029,1976,90.2143687,22.4767364,4800,0.5147522386938266,0.6339482381432124,0.9139037197395427,0.4834123222748815,0.5023696682464455,0.6777251184834123,0.5545023696682464,0.16730034959834625
HH_023_to_029_1978,HH_023_to_029,1978,90.21637,22.4767223,5200,0.3220863379863518,0.4062908393108172,0.5140626635106169,0.09004739336492891,0.0995260663507109,0.11374407582938388,0.10110584518167458,0.07857061487495257
HH_023_to_029_1980,HH_023_to_029,1980,90.1607959,22.4749889,7600,0.8203938913596414,0.9244742761184883,1.1018248904655947,0.8625592417061612,0.8246445497630331,0.8104265402843602,0.8325434439178515,0.1161844195706028
HH_023_to_029_1986,HH_023_to_029,1986,90.1961485,22.476007,7600,0.43362988691053844,0.5237826945682313,0.6768090201756072,0.3412322274881517,0.35071090047393366,0.41706161137440756,0.3696682464454977,0.10037744097655146
HH_023_to_029_1987,HH_023_to_029,1987,90.2026196,22.4762128,4400,0.6023684622489465,0.7271339109154998,0.8621778045191284,0.6445497630331753,0.6492890995260664,0.6350710900473934,0.6429699842022117,0.10609438392899612
HH_023_to_029_1995,HH_023_to_029,1995,90.1734804,22.4754417,8800,0.5151529430774885,0.5883862035406758,0.6894354170289472,0.4881516587677725,0.45023696682464454,0.4265402843601896,0.4549763033175355,0.07145195332942127
HH_023_to_029_2005,HH_023_to_029,2005,90.1508884,22.4749946,4000,0.457388143902093,0.5053853277282161,0.5783392860492395,0.3933649289099526,0.3127962085308057,0.26066350710900477,0.32227488151658773,0.04972724323373512
HH_023_to_029_2014,HH_023_to_029,2014,90.217745,22.4761087,4000,0.352687944023743,0.44329583214901047,0.5380886397014144,0.15639810426540285,0.1990521327014218,0.17061611374407584,0.17535545023696683,0.07569594419778866
HH_023_to_029_2020,HH_023_to_029,2020,90.211825,22.47588,4000,1.3765622338285741,1.5704195419976856,1.8756744527185745,0.957345971563981,0.95260663507109,0.95260663507109,0.9541864139020536,0.20544645787895724
HH_023_to_029_2033,HH_023_to_029,2033,90.20006,22.4747777,16400,0.4092916608182618,0.49815391354109656,0.6035105287385868,0.27014218009478674,0.2985781990521327,0.3080568720379147,0.2922590837282781,0.0793847767249991
HH_023_to_029_2035,HH_023_to_029,2035,90.2064473,22.4757267,6000,0.8006427678390804,0.9587266622154555,1.1800456580757863,0.8483412322274881,0.8436018957345972,0.8388625592417062,0.8436018957345972,0.15560604412346798
HH_023_to_029_2036,HH_023_to_029,2036,90.2143436,22.4758874,6000,0.3075700057810722,0.41007330154854743,0.5370941241691163,0.06635071090047394,0.10900473933649289,0.16113744075829384,0.11216429699842023,0.09388085590210689
HH_023_to_029_2054,HH_023_to_029,2054,90.2051192,22.4749013,7200,0.4310189529802118,0.512611489120759,0.6349191923697906,0.33175355450236965,0.32701421800947866,0.3459715639810427,0.33491311216429703,0.08379327992879405
HH_023_to_029_2058,HH_023_to_029,2058,90.190333,22.4748679,5200,0.4173623690243152,0.4877591813215756,0.5681807338959926,0.2796208530805687,0.26540284360189575,0.24644549763033174,0.26382306477093204,0.06161666124124204
HH_023_to_029_2068,HH_023_to_029,2068,90.1773685,22.4740222,12400,0.642081051033041,0.7742114570494396,0.9453390751488289,0.7156398104265402,0.7203791469194313,0.7014218009478673,0.712480252764613,0.12414531586502457
HH_023_to_029_2085,HH_023_to_029,2085,90.2146402,22.4744935,8000,0.35200611798296577,0.406809892825267,0.49538627717446077,0.15165876777251186,0.10426540284360189,0.05687203791469194,0.10426540284360188,0.059073494386343475
HH_023_to_029_2088,HH_023_to_029,2088,90.1540396,22.4720556,29200,0.4219280693467734,0.5383656405108629,0.6899870250340365,0.2890995260663507,0.38388625592417064,0.4312796208530806,0.36808846761453395,0.10974837682801843
HH_023_to_029_2096,HH_023_to_029,2096,90.165664,22.4733958,4000,0.5397407297474682,0.645896616568659,0.7365664675664554,0.5355450236966824,0.5118483412322274,0.4786729857819905,0.5086887835703001,0.0804366315491371
HH_023_to_029_2115,HH_023_to_029,2115,90.1967136,22.4734773,5600,0.5964155417856064,0.7040146208010392,0.8764397532397858,0.6255924170616114,0.6113744075829384,0.6398104265402843,0.6255924170616113,0.11533600531684403
HH_023_to_029_2137,HH_023_to_029,2137,90.1750455,22.4730972,6000,0.5884227024043097,0.7002255494781393,0.8566210864048014,0.6018957345971564,0.6018957345971564,0.6208530805687204,0.608214849921011,0.1099948553164941
HH_023_to_029_2152,HH_023_to_029,2152,90.2085867,22.4736576,5200,0.7411709288404988,0.8561895245782262,1.0609369569850968,0.8341232227488151,0.7819905213270142,0.7819905213270142,0.7993680884676145,0.13224602543830388
HH_023_to_029_2157,HH_023_to_029,2157,90.1560216,22.4723624,4800,0.41866221213397353,0.47288490017045637,0.5498318774704893,0.2843601895734597,0.24644549763033174,0.2037914691943128,0.24486571879936805,0.05381699268819085
HH_023_to_029_2186,HH_023_to_029,2186,90.2035156,22.4728267,10400,1.3272768072518442,1.5109312043680152,1.8345511603649498,0.9478672985781991,0.9478672985781991,0.9478672985781991,0.9478672985781991,0.20970510586320495
HH_023_to_029_2228,HH_023_to_029,2228,90.1619441,22.4713659,4400,0.6073018621852192,0.7231696180017094,0.8574407666952494,0.6492890995260664,0.6398104265402843,0.6255924170616114,0.6382306477093207,0.10221086578404172
HH_023_to_029_2259,HH_023_to_029,2259,90.1886662,22.4715755,5200,0.424715414936653,0.518078186955959,0.6445356399513555,0.3080568720379147,0.33649289099526064,0.3696682464454976,0.33807266982622436,0.09007961043354083
HH_023_to_029_2271,HH_023_to_029,2271,90.2033298,22.4715033,5600,0.3156620348973283,0.422539895270538,0.555279740123192,0.08056872037914692,0.15165876777251186,0.2132701421800948,0.14849921011058453,0.09801325766739184
HH_023_to_029_2272,HH_023_to_029,2272,90.2141327,22.4710817,14000,0.40696261238777776,0.48819228259654956,0.5836897897245988,0.2559241706161137,0.27014218009478674,0.27014218009478674,0.26540284360189575,0.07222690203590493
HH_023_to_029_2276,HH_023_to_029,2276,90.1593647,22.4705655,4400,0.35922151414403636,0.38819252074469335,0.4918347342416746,0.18009478672985782,0.061611374407582936,0.04739336492890995,0.09636650868878356,0.05692811625850212
HH_023_to_029_2290,HH_023_to_029,2290,90.1567156,22.47039,5200,0.6241316441390422,0.742799339429471,0.8602146316364774,0.6824644549763034,0.6777251184834123,0.6303317535545023,0.6635071090047394,0.09638092811300196
HH_023_to_029_2314,HH_023_to_029,2314,90.1747377,22.4705554,4800,0.44598108172826245,0.5502185127840747,0.7125153863352691,0.36492890995260663,0.4028436018957346,0.4597156398104265,0.40916271721958924,0.10966932759180523
HH_023_to_029_2315,HH_023_to_029,2315,90.1769594,22.4703536,4800,0.5213613495546308,0.5945612771402535,0.6888398592458004,0.5071090047393365,0.4597156398104265,0.4218009478672986,0.4628751974723539,0.06855308701270858
HH_023_to_029_2321,HH_023_to_029,2321,90.2098926,22.4706012,21600,0.4964340584974657,0.5977382981474597,0.7001009525640864,0.46445497630331756,0.46445497630331756,0.45023696682464454,0.4597156398104265,0.08314703557822885
VV_025_to_026_19,VV_025_to_026,19,90.1674814,22.5090991,4000,0.28431919252794746,0.39508244239196266,0.5254503886095677,0.02843601895734597,0.07582938388625593,0.13270142180094788,0.07898894154818326,0.09854979150166085
VV_025_to_026_87,VV_025_to_026,87,90.1923973,22.5082479,4800,0.6148035675118323,0.9862390897477524,1.37567466672373,0.6587677725118484,0.8530805687203792,0.8909952606635071,0.8009478672985781,0.31065329824763466
VV_025_to_026_207,VV_025_to_026,207,90.2196199,22.5057297,4000,1.5555206352896132,2.2308035403767414,2.933207766681636,0.9715639810426541,0.981042654028436,0.990521327014218,0.9810426540284362,0.5624747432391045
VV_025_to_026_415,VV_025_to_026,415,90.1568177,22.4999362,4800,0.6669287706143341,0.8313363307819026,1.0854904176581568,0.7393364928909952,0.7582938388625592,0.7962085308056872,0.764612954186414,0.17218142824493549
VV_025_to_026_482,VV_025_to_026,482,90.151746,22.4985678,4000,0.2993150594402828,0.36679422872647083,0.45227445620509793,0.052132701421800945,0.018957345971563982,0.004739336492890996,0.025276461295418644,0.06258938908651458
VV_025_to_026_566,VV_025_to_026,566,90.1815711,22.4974318,4000,0.4647808332898696,0.5725874877502279,0.7027788251450809,0.4218009478672986,0.4312796208530806,0.4549763033175355,0.43601895734597157,0.09730542020172521
VV_025_to_026_708,VV_025_to_026,708,90.21585,22.4952384,5200,0.41562106238310015,0.4980920325381044,0.5850703705994647,0.27488151658767773,0.2938388625592417,0.2796208530805687,0.28278041074249605,0.06918554783673984
VV_025_to_026_854,VV_025_to_026,854,90.1736014,22.4909558,4000,0.4030730515494132,0.45196724457645454,0.5139117475841947,0.25118483412322273,0.2132701421800948,0.10900473933649289,0.1911532385466035,0.04535413750981416
VV_025_to_026_877,VV_025_to_026,877,90.2143571,22.4914985,4400,0.6926921884521301,0.8058448940587717,0.9323572190971339,0.7725118483412322,0.7345971563981043,0.6872037914691943,0.7314375987361769,0.0978934965986483
VV_025_to_026_935,VV_025_to_026,935,90.160373,22.488652,4400,0.4700393035300995,0.5373030863977478,0.6642396499882015,0.4312796208530806,0.3744075829383886,0.3933649289099526,0.39968404423380727,0.0805198955581554
VV_025_to_026_1053,VV_025_to_026,1053,90.1983754,22.4868634,6000,0.5718908857310417,0.684576745647071,0.8384144440156376,0.5876777251184834,0.5687203791469194,0.5876777251184834,0.5813586097946287,0.10923926216492524
VV_025_to_026_1135,VV_025_to_026,1135,90.1586449,22.4841993,10400,1.1618394740975948,1.3496436769589302,1.6229598555172964,0.9289099526066351,0.933649289099526,0.9289099526066351,0.9304897314375987,0.18932751112960647
VV_025_to_026_1265,VV_025_to_026,1265,90.1589609,22.4818998,5200,0.616726900671674,0.6861503117691202,0.8074252901997481,0.6729857819905213,0.5781990521327014,0.5545023696682464,0.6018957345971564,0.07880574300163333
VV_025_to_026_1298,VV_025_to_026,1298,90.1939619,22.4816384,5200,0.6407130938022874,0.7020231289009304,0.802457535070858,0.7109004739336493,0.6066350710900474,0.5450236966824644,0.6208530805687204,0.06667271191573301
VV_025_to_026_1354,VV_025_to_026,1354,90.1610285,22.4797227,4000,1.0135625956863952,1.2092439205236354,1.448198515796089,0.909952606635071,0.909952606635071,0.909952606635071,0.909952606635071,0.17773227761048038
VV_025_to_026_1422,VV_025_to_026,1422,90.1512561,22.4779075,4000,0.34842536194711626,0.43183008483053636,0.5264222607556599,0.14691943127962084,0.17061611374407584,0.13744075829383887,0.15165876777251186,0.0727147574284986
