candidate_key,comparison,region_id,comparison_population_size,comparison_aware_anomaly_percentile,comparison_aware_k_score_std,anomaly_stability_band,anomaly_evidence_status,optical_evidence_status,rainfall_context_status,evidence_limitation
HH_023_to_029_22,HH_023_to_029,22,195,0.0512820512820512,0.0446346641947437,low_k_sensitivity,available,not_tested,partial_missing_GUNW_023_14day,optical verification not performed; 14-day rainfall unavailable for GUNW_023.
HH_023_to_029_28,HH_023_to_029,28,195,0.7282051282051282,0.0225765761042129,low_k_sensitivity,available,not_tested,partial_missing_GUNW_023_14day,optical verification not performed; 14-day rainfall unavailable for GUNW_023.
HH_023_to_029_30,HH_023_to_029,30,195,0.1829059829059829,0.0475932709580798,low_k_sensitivity,available,not_tested,partial_missing_GUNW_023_14day,optical verification not performed; 14-day rainfall unavailable for GUNW_023.
HH_023_to_029_32,HH_023_to_029,32,195,0.7965811965811967,0.0875499764580897,low_k_sensitivity,available,not_tested,partial_missing_GUNW_023_14day,optical verification not performed; 14-day rainfall unavailable for GUNW_023.
HH_023_to_029_45,HH_023_to_029,45,195,0.5589743589743589,0.0492993112487916,low_k_sensitivity,available,not_tested,partial_missing_GUNW_023_14day,optical verification not performed; 14-day rainfall unavailable for GUNW_023.
HH_023_to_029_49,HH_023_to_029,49,195,0.1367521367521367,0.0339334875237493,low_k_sensitivity,available,not_tested,partial_missing_GUNW_023_14day,optical verification not performed; 14-day rainfall unavailable for GUNW_023.
HH_023_to_029_53,HH_023_to_029,53,195,0.917948717948718,0.1030478002566305,moderate_k_sensitivity,available,not_tested,partial_missing_GUNW_023_14day,moderate sensitivity to kNN neighbourhood size; optical verification not performed; 14-day rainfall unavailable for GUNW_023.
HH_023_to_029_86,HH_023_to_029,86,195,0.5111111111111112,0.0390183843218966,low_k_sensitivity,available,not_tested,partial_missing_GUNW_023_14day,optical verification not performed; 14-day rainfall unavailable for GUNW_023.
HH_023_to_029_107,HH_023_to_029,107,195,0.0256410256410256,0.0431387257374423,low_k_sensitivity,available,not_tested,partial_missing_GUNW_023_14day,optical verification not performed; 14-day rainfall unavailable for GUNW_023.
HH_023_to_029_109,HH_023_to_029,109,195,0.3230769230769231,0.0157625078873312,low_k_sensitivity,available,not_tested,partial_missing_GUNW_023_14day,optical verification not performed; 14-day rainfall unavailable for GUNW_023.
HH_023_to_029_125,HH_023_to_029,125,195,0.7726495726495726,0.088449909810231,low_k_sensitivity,available,not_tested,partial_missing_GUNW_023_14day,optical verification not performed; 14-day rainfall unavailable for GUNW_023.
HH_023_to_029_167,HH_023_to_029,167,195,0.9811965811965812,0.1259228602557717,moderate_k_sensitivity,available,not_tested,partial_missing_GUNW_023_14day,moderate sensitivity to kNN neighbourhood size; optical verification not performed; 14-day rainfall unavailable for GUNW_023.
HH_023_to_029_175,HH_023_to_029,175,195,0.1692307692307692,0.0348857021402756,low_k_sensitivity,available,not_tested,partial_missing_GUNW_023_14day,optical verification not performed; 14-day rainfall unavailable for GUNW_023.
HH_023_to_029_185,HH_023_to_029,185,195,0.5675213675213675,0.0524221310762156,low_k_sensitivity,available,not_tested,partial_missing_GUNW_023_14day,optical verification not performed; 14-day rainfall unavailable for GUNW_023.
HH_023_to_029_186,HH_023_to_029,186,195,0.5128205128205128,0.0945730660237238,low_k_sensitivity,available,not_tested,partial_missing_GUNW_023_14day,optical verification not performed; 14-day rainfall unavailable for GUNW_023.
HH_023_to_029_188,HH_023_to_029,188,195,0.9675213675213676,0.2909042899370376,high_k_sensitivity,available,tested_but_inconclusive_no_valid_pixels,partial_missing_GUNW_023_14day,kNN anomaly position is sensitive to neighbourhood size; optical verification attempted but no valid pixels available; 14-day rainfall unavailable for GUNW_023.
HH_023_to_029_200,HH_023_to_029,200,195,0.2205128205128205,0.0229484215431124,low_k_sensitivity,available,not_tested,partial_missing_GUNW_023_14day,optical verification not performed; 14-day rainfall unavailable for GUNW_023.
HH_023_to_029_217,HH_023_to_029,217,195,0.2119658119658119,0.0200724531935657,low_k_sensitivity,available,not_tested,partial_missing_GUNW_023_14day,optical verification not performed; 14-day rainfall unavailable for GUNW_023.
HH_023_to_029_224,HH_023_to_029,224,195,0.9572649572649572,0.0382459196539572,low_k_sensitivity,available,not_tested,partial_missing_GUNW_023_14day,optical verification not performed; 14-day rainfall unavailable for GUNW_023.
HH_023_to_029_233,HH_023_to_029,233,195,0.7452991452991453,0.0248123365587956,low_k_sensitivity,available,not_tested,partial_missing_GUNW_023_14day,optical verification not performed; 14-day rainfall unavailable for GUNW_023.
HH_023_to_029_235,HH_023_to_029,235,195,0.2649572649572649,0.029352108732015,low_k_sensitivity,available,not_tested,partial_missing_GUNW_023_14day,optical verification not performed; 14-day rainfall unavailable for GUNW_023.
HH_023_to_029_246,HH_023_to_029,246,195,0.9743589743589745,0.1447660937059062,moderate_k_sensitivity,available,tested_but_inconclusive_no_valid_pixels,partial_missing_GUNW_023_14day,moderate sensitivity to kNN neighbourhood size; optical verification attempted but no valid pixels available; 14-day rainfall unavailable for GUNW_023.
HH_023_to_029_250,HH_023_to_029,250,195,0.1042735042735042,0.0581277579816107,low_k_sensitivity,available,not_tested,partial_missing_GUNW_023_14day,optical verification not performed; 14-day rainfall unavailable for GUNW_023.
HH_023_to_029_265,HH_023_to_029,265,195,1.0,0.2086380543038643,high_k_sensitivity,available,tested_but_inconclusive_no_valid_pixels,partial_missing_GUNW_023_14day,kNN anomaly position is sensitive to neighbourhood size; optical verification attempted but no valid pixels available; 14-day rainfall unavailable for GUNW_023.
HH_023_to_029_294,HH_023_to_029,294,195,0.7504273504273504,0.0490095062194686,low_k_sensitivity,available,not_tested,partial_missing_GUNW_023_14day,optical verification not performed; 14-day rainfall unavailable for GUNW_023.
HH_023_to_029_296,HH_023_to_029,296,195,0.9897435897435898,0.102784725088088,moderate_k_sensitivity,available,not_tested,partial_missing_GUNW_023_14day,moderate sensitivity to kNN neighbourhood size; optical verification not performed; 14-day rainfall unavailable for GUNW_023.
HH_023_to_029_300,HH_023_to_029,300,195,0.6923076923076924,0.0897128976882116,low_k_sensitivity,available,not_tested,partial_missing_GUNW_023_14day,optical verification not performed; 14-day rainfall unavailable for GUNW_023.
HH_023_to_029_305,HH_023_to_029,305,195,0.3316239316239316,0.0638262842101341,low_k_sensitivity,available,not_tested,partial_missing_GUNW_023_14day,optical verification not performed; 14-day rainfall unavailable for GUNW_023.
HH_023_to_029_310,HH_023_to_029,310,195,0.4102564102564103,0.0426640058260318,low_k_sensitivity,available,not_tested,partial_missing_GUNW_023_14day,optical verification not performed; 14-day rainfall unavailable for GUNW_023.
HH_023_to_029_342,HH_023_to_029,342,195,0.3196581196581196,0.0219452350645347,low_k_sensitivity,available,not_tested,partial_missing_GUNW_023_14day,optical verification not performed; 14-day rainfall unavailable for GUNW_023.
HH_023_to_029_346,HH_023_to_029,346,195,0.5076923076923077,0.0509176648055571,low_k_sensitivity,available,not_tested,partial_missing_GUNW_023_14day,optical verification not performed; 14-day rainfall unavailable for GUNW_023.
HH_023_to_029_362,HH_023_to_029,362,195,0.6341880341880342,0.068432370241549,low_k_sensitivity,available,not_tested,partial_missing_GUNW_023_14day,optical verification not performed; 14-day rainfall unavailable for GUNW_023.
HH_023_to_029_370,HH_023_to_029,370,195,0.0376068376068376,0.0498593689604339,low_k_sensitivity,available,not_tested,partial_missing_GUNW_023_14day,optical verification not performed; 14-day rainfall unavailable for GUNW_023.
HH_023_to_029_374,HH_023_to_029,374,195,0.6957264957264958,0.0338688406569948,low_k_sensitivity,available,not_tested,partial_missing_GUNW_023_14day,optical verification not performed; 14-day rainfall unavailable for GUNW_023.
HH_023_to_029_388,HH_023_to_029,388,195,0.7487179487179487,0.0778586846087762,low_k_sensitivity,available,not_tested,partial_missing_GUNW_023_14day,optical verification not performed; 14-day rainfall unavailable for GUNW_023.
HH_023_to_029_389,HH_023_to_029,389,195,0.4803418803418803,0.0222808204180198,low_k_sensitivity,available,not_tested,partial_missing_GUNW_023_14day,optical verification not performed; 14-day rainfall unavailable for GUNW_023.
HH_023_to_029_393,HH_023_to_029,393,195,0.0683760683760683,0.0472333922712267,low_k_sensitivity,available,not_tested,partial_missing_GUNW_023_14day,optical verification not performed; 14-day rainfall unavailable for GUNW_023.
HH_023_to_029_398,HH_023_to_029,398,195,0.0273504273504273,0.0663552692470155,low_k_sensitivity,available,not_tested,partial_missing_GUNW_023_14day,optical verification not performed; 14-day rainfall unavailable for GUNW_023.
HH_023_to_029_402,HH_023_to_029,402,195,0.576068376068376,0.1188218359118569,moderate_k_sensitivity,available,not_tested,partial_missing_GUNW_023_14day,moderate sensitivity to kNN neighbourhood size; optical verification not performed; 14-day rainfall unavailable for GUNW_023.
HH_023_to_029_432,HH_023_to_029,432,195,0.5965811965811966,0.0698315593618527,low_k_sensitivity,available,not_tested,partial_missing_GUNW_023_14day,optical verification not performed; 14-day rainfall unavailable for GUNW_023.
HH_023_to_029_478,HH_023_to_029,478,195,0.9863247863247864,0.0689728736315642,low_k_sensitivity,available,not_tested,partial_missing_GUNW_023_14day,optical verification not performed; 14-day rainfall unavailable for GUNW_023.
HH_023_to_029_480,HH_023_to_029,480,195,0.3726495726495726,0.0334129409612862,low_k_sensitivity,available,not_tested,partial_missing_GUNW_023_14day,optical verification not performed; 14-day rainfall unavailable for GUNW_023.
HH_023_to_029_488,HH_023_to_029,488,195,0.8119658119658121,0.1032621539979492,moderate_k_sensitivity,available,not_tested,partial_missing_GUNW_023_14day,moderate sensitivity to kNN neighbourhood size; optical verification not performed; 14-day rainfall unavailable for GUNW_023.
HH_023_to_029_495,HH_023_to_029,495,195,0.8102564102564102,0.0531770650222772,low_k_sensitivity,available,not_tested,partial_missing_GUNW_023_14day,optical verification not performed; 14-day rainfall unavailable for GUNW_023.
HH_023_to_029_508,HH_023_to_029,508,195,0.1931623931623931,0.0364438159413252,low_k_sensitivity,available,not_tested,partial_missing_GUNW_023_14day,optical verification not performed; 14-day rainfall unavailable for GUNW_023.
HH_023_to_029_556,HH_023_to_029,556,195,0.3692307692307692,0.0428427670765378,low_k_sensitivity,available,not_tested,partial_missing_GUNW_023_14day,optical verification not performed; 14-day rainfall unavailable for GUNW_023.
HH_023_to_029_557,HH_023_to_029,557,195,0.0205128205128205,0.0466027390112295,low_k_sensitivity,available,not_tested,partial_missing_GUNW_023_14day,optical verification not performed; 14-day rainfall unavailable for GUNW_023.
HH_023_to_029_562,HH_023_to_029,562,195,0.1418803418803419,0.0353967445152818,low_k_sensitivity,available,not_tested,partial_missing_GUNW_023_14day,optical verification not performed; 14-day rainfall unavailable for GUNW_023.
HH_023_to_029_579,HH_023_to_029,579,195,0.4102564102564103,0.0178382258201901,low_k_sensitivity,available,not_tested,partial_missing_GUNW_023_14day,optical verification not performed; 14-day rainfall unavailable for GUNW_023.
HH_023_to_029_580,HH_023_to_029,580,195,0.2136752136752136,0.0489494287599302,low_k_sensitivity,available,not_tested,partial_missing_GUNW_023_14day,optical verification not performed; 14-day rainfall unavailable for GUNW_023.
HH_023_to_029_605,HH_023_to_029,605,195,0.2478632478632478,0.0273527778999112,low_k_sensitivity,available,not_tested,partial_missing_GUNW_023_14day,optical verification not performed; 14-day rainfall unavailable for GUNW_023.
HH_023_to_029_608,HH_023_to_029,608,195,0.9145299145299144,0.1493764527333142,moderate_k_sensitivity,available,not_tested,partial_missing_GUNW_023_14day,moderate sensitivity to kNN neighbourhood size; optical verification not performed; 14-day rainfall unavailable for GUNW_023.
HH_023_to_029_619,HH_023_to_029,619,195,0.5538461538461538,0.0521801117704032,low_k_sensitivity,available,not_tested,partial_missing_GUNW_023_14day,optical verification not performed; 14-day rainfall unavailable for GUNW_023.
HH_023_to_029_623,HH_023_to_029,623,195,0.8478632478632478,0.1091486758748138,moderate_k_sensitivity,available,not_tested,partial_missing_GUNW_023_14day,moderate sensitivity to kNN neighbourhood size; optical verification not performed; 14-day rainfall unavailable for GUNW_023.
HH_023_to_029_624,HH_023_to_029,624,195,0.3743589743589743,0.0586877286590675,low_k_sensitivity,available,not_tested,partial_missing_GUNW_023_14day,optical verification not performed; 14-day rainfall unavailable for GUNW_023.
HH_023_to_029_626,HH_023_to_029,626,195,0.1316239316239316,0.0541170409804485,low_k_sensitivity,available,not_tested,partial_missing_GUNW_023_14day,optical verification not performed; 14-day rainfall unavailable for GUNW_023.
HH_023_to_029_649,HH_023_to_029,649,195,0.0051282051282051,0.0600188445816737,low_k_sensitivity,available,not_tested,partial_missing_GUNW_023_14day,optical verification not performed; 14-day rainfall unavailable for GUNW_023.
HH_023_to_029_651,HH_023_to_029,651,195,0.0632478632478632,0.0269388435114629,low_k_sensitivity,available,not_tested,partial_missing_GUNW_023_14day,optical verification not performed; 14-day rainfall unavailable for GUNW_023.
HH_023_to_029_704,HH_023_to_029,704,195,0.8632478632478633,0.0773572116035777,low_k_sensitivity,available,not_tested,partial_missing_GUNW_023_14day,optical verification not performed; 14-day rainfall unavailable for GUNW_023.
HH_023_to_029_707,HH_023_to_029,707,195,0.0136752136752136,0.0522485308684886,low_k_sensitivity,available,not_tested,partial_missing_GUNW_023_14day,optical verification not performed; 14-day rainfall unavailable for GUNW_023.
HH_023_to_029_750,HH_023_to_029,750,195,0.5606837606837606,0.0482908490911444,low_k_sensitivity,available,not_tested,partial_missing_GUNW_023_14day,optical verification not performed; 14-day rainfall unavailable for GUNW_023.
HH_023_to_029_765,HH_023_to_029,765,195,0.6427350427350428,0.0474448643233307,low_k_sensitivity,available,not_tested,partial_missing_GUNW_023_14day,optical verification not performed; 14-day rainfall unavailable for GUNW_023.
HH_023_to_029_779,HH_023_to_029,779,195,0.5008547008547009,0.0687603909484762,low_k_sensitivity,available,not_tested,partial_missing_GUNW_023_14day,optical verification not performed; 14-day rainfall unavailable for GUNW_023.
HH_023_to_029_822,HH_023_to_029,822,195,0.7521367521367521,0.0615774011762195,low_k_sensitivity,available,not_tested,partial_missing_GUNW_023_14day,optical verification not performed; 14-day rainfall unavailable for GUNW_023.
HH_023_to_029_847,HH_023_to_029,847,195,0.6461538461538462,0.0572594753870575,low_k_sensitivity,available,not_tested,partial_missing_GUNW_023_14day,optical verification not performed; 14-day rainfall unavailable for GUNW_023.
HH_023_to_029_854,HH_023_to_029,854,195,0.5863247863247864,0.0436161566706538,low_k_sensitivity,available,not_tested,partial_missing_GUNW_023_14day,optical verification not performed; 14-day rainfall unavailable for GUNW_023.
HH_023_to_029_881,HH_023_to_029,881,195,0.3743589743589743,0.032226827373268,low_k_sensitivity,available,not_tested,partial_missing_GUNW_023_14day,optical verification not performed; 14-day rainfall unavailable for GUNW_023.
HH_023_to_029_883,HH_023_to_029,883,195,0.1658119658119658,0.0164610920740788,low_k_sensitivity,available,not_tested,partial_missing_GUNW_023_14day,optical verification not performed; 14-day rainfall unavailable for GUNW_023.
HH_023_to_029_892,HH_023_to_029,892,195,0.3196581196581197,0.0186501438217416,low_k_sensitivity,available,not_tested,partial_missing_GUNW_023_14day,optical verification not performed; 14-day rainfall unavailable for GUNW_023.
HH_023_to_029_900,HH_023_to_029,900,195,0.9487179487179488,0.2538357619991677,high_k_sensitivity,available,not_tested,partial_missing_GUNW_023_14day,kNN anomaly position is sensitive to neighbourhood size; optical verification not performed; 14-day rainfall unavailable for GUNW_023.
HH_023_to_029_902,HH_023_to_029,902,195,0.7743589743589743,0.0517699151177087,low_k_sensitivity,available,not_tested,partial_missing_GUNW_023_14day,optical verification not performed; 14-day rainfall unavailable for GUNW_023.
HH_023_to_029_935,HH_023_to_029,935,195,0.4581196581196581,0.0336949925088764,low_k_sensitivity,available,not_tested,partial_missing_GUNW_023_14day,optical verification not performed; 14-day rainfall unavailable for GUNW_023.
HH_023_to_029_942,HH_023_to_029,942,195,0.6376068376068377,0.0374315203393687,low_k_sensitivity,available,not_tested,partial_missing_GUNW_023_14day,optical verification not performed; 14-day rainfall unavailable for GUNW_023.
HH_023_to_029_970,HH_023_to_029,970,195,0.9606837606837608,0.2884825052589723,high_k_sensitivity,available,tested_but_inconclusive_no_valid_pixels,partial_missing_GUNW_023_14day,kNN anomaly position is sensitive to neighbourhood size; optical verification attempted but no valid pixels available; 14-day rainfall unavailable for GUNW_023.
HH_023_to_029_972,HH_023_to_029,972,195,0.7982905982905982,0.0501828517665978,low_k_sensitivity,available,not_tested,partial_missing_GUNW_023_14day,optical verification not performed; 14-day rainfall unavailable for GUNW_023.
HH_023_to_029_982,HH_023_to_029,982,195,0.888888888888889,0.0660338535242215,low_k_sensitivity,available,not_tested,partial_missing_GUNW_023_14day,optical verification not performed; 14-day rainfall unavailable for GUNW_023.
HH_023_to_029_996,HH_023_to_029,996,195,0.2888888888888888,0.0565985114779256,low_k_sensitivity,available,not_tested,partial_missing_GUNW_023_14day,optical verification not performed; 14-day rainfall unavailable for GUNW_023.
HH_023_to_029_997,HH_023_to_029,997,195,0.4256410256410256,0.0548978524890148,low_k_sensitivity,available,not_tested,partial_missing_GUNW_023_14day,optical verification not performed; 14-day rainfall unavailable for GUNW_023.
HH_023_to_029_1015,HH_023_to_029,1015,195,0.5982905982905983,0.0803283513625369,low_k_sensitivity,available,not_tested,partial_missing_GUNW_023_14day,optical verification not performed; 14-day rainfall unavailable for GUNW_023.
HH_023_to_029_1017,HH_023_to_029,1017,195,0.4854700854700854,0.0690640883447474,low_k_sensitivity,available,not_tested,partial_missing_GUNW_023_14day,optical verification not performed; 14-day rainfall unavailable for GUNW_023.
HH_023_to_029_1027,HH_023_to_029,1027,195,0.3059829059829059,0.0269138426760475,low_k_sensitivity,available,not_tested,partial_missing_GUNW_023_14day,optical verification not performed; 14-day rainfall unavailable for GUNW_023.
HH_023_to_029_1033,HH_023_to_029,1033,195,0.5658119658119658,0.0589112131241568,low_k_sensitivity,available,not_tested,partial_missing_GUNW_023_14day,optical verification not performed; 14-day rainfall unavailable for GUNW_023.
HH_023_to_029_1041,HH_023_to_029,1041,195,0.8102564102564104,0.0859574240327769,low_k_sensitivity,available,not_tested,partial_missing_GUNW_023_14day,optical verification not performed; 14-day rainfall unavailable for GUNW_023.
HH_023_to_029_1043,HH_023_to_029,1043,195,0.8358974358974359,0.0634681151224523,low_k_sensitivity,available,not_tested,partial_missing_GUNW_023_14day,optical verification not performed; 14-day rainfall unavailable for GUNW_023.
HH_023_to_029_1063,HH_023_to_029,1063,195,0.6905982905982905,0.0582557333151485,low_k_sensitivity,available,not_tested,partial_missing_GUNW_023_14day,optical verification not performed; 14-day rainfall unavailable for GUNW_023.
HH_023_to_029_1074,HH_023_to_029,1074,195,0.5145299145299146,0.0438995449861734,low_k_sensitivity,available,not_tested,partial_missing_GUNW_023_14day,optical verification not performed; 14-day rainfall unavailable for GUNW_023.
HH_023_to_029_1076,HH_023_to_029,1076,195,0.2820512820512821,0.0495031935911814,low_k_sensitivity,available,not_tested,partial_missing_GUNW_023_14day,optical verification not performed; 14-day rainfall unavailable for GUNW_023.
HH_023_to_029_1096,HH_023_to_029,1096,195,0.5384615384615384,0.140432572373797,moderate_k_sensitivity,available,not_tested,partial_missing_GUNW_023_14day,moderate sensitivity to kNN neighbourhood size; optical verification not performed; 14-day rainfall unavailable for GUNW_023.
HH_023_to_029_1101,HH_023_to_029,1101,195,0.7111111111111112,0.0406234636201316,low_k_sensitivity,available,not_tested,partial_missing_GUNW_023_14day,optical verification not performed; 14-day rainfall unavailable for GUNW_023.
HH_023_to_029_1107,HH_023_to_029,1107,195,0.4854700854700854,0.0402147065776538,low_k_sensitivity,available,not_tested,partial_missing_GUNW_023_14day,optical verification not performed; 14-day rainfall unavailable for GUNW_023.
HH_023_to_029_1110,HH_023_to_029,1110,195,0.629059829059829,0.0416305181220192,low_k_sensitivity,available,not_tested,partial_missing_GUNW_023_14day,optical verification not performed; 14-day rainfall unavailable for GUNW_023.
HH_023_to_029_1114,HH_023_to_029,1114,195,0.7931623931623931,0.0624961864272541,low_k_sensitivity,available,not_tested,partial_missing_GUNW_023_14day,optical verification not performed; 14-day rainfall unavailable for GUNW_023.
HH_023_to_029_1120,HH_023_to_029,1120,195,0.535042735042735,0.0529037301376398,low_k_sensitivity,available,not_tested,partial_missing_GUNW_023_14day,optical verification not performed; 14-day rainfall unavailable for GUNW_023.
HH_023_to_029_1129,HH_023_to_029,1129,195,0.1008547008547008,0.0520795400235516,low_k_sensitivity,available,not_tested,partial_missing_GUNW_023_14day,optical verification not performed; 14-day rainfall unavailable for GUNW_023.
HH_023_to_029_1143,HH_023_to_029,1143,195,0.4615384615384615,0.1214828400814724,moderate_k_sensitivity,available,not_tested,partial_missing_GUNW_023_14day,moderate sensitivity to kNN neighbourhood size; optical verification not performed; 14-day rainfall unavailable for GUNW_023.
HH_023_to_029_1145,HH_023_to_029,1145,195,0.9094017094017094,0.0793907786902684,low_k_sensitivity,available,not_tested,partial_missing_GUNW_023_14day,optical verification not performed; 14-day rainfall unavailable for GUNW_023.
HH_023_to_029_1148,HH_023_to_029,1148,195,0.1589743589743589,0.082062073197507,low_k_sensitivity,available,not_tested,partial_missing_GUNW_023_14day,optical verification not performed; 14-day rainfall unavailable for GUNW_023.
HH_023_to_029_1161,HH_023_to_029,1161,195,0.8512820512820513,0.0937989831278031,low_k_sensitivity,available,not_tested,partial_missing_GUNW_023_14day,optical verification not performed; 14-day rainfall unavailable for GUNW_023.
HH_023_to_029_1165,HH_023_to_029,1165,195,0.041025641025641,0.0305137265788675,low_k_sensitivity,available,not_tested,partial_missing_GUNW_023_14day,optical verification not performed; 14-day rainfall unavailable for GUNW_023.
HH_023_to_029_1182,HH_023_to_029,1182,195,0.47008547008547,0.0463676828478184,low_k_sensitivity,available,not_tested,partial_missing_GUNW_023_14day,optical verification not performed; 14-day rainfall unavailable for GUNW_023.
HH_023_to_029_1194,HH_023_to_029,1194,195,0.6854700854700854,0.0256217209160579,low_k_sensitivity,available,not_tested,partial_missing_GUNW_023_14day,optical verification not performed; 14-day rainfall unavailable for GUNW_023.
HH_023_to_029_1218,HH_023_to_029,1218,195,0.7623931623931623,0.0405223558368986,low_k_sensitivity,available,not_tested,partial_missing_GUNW_023_14day,optical verification not performed; 14-day rainfall unavailable for GUNW_023.
HH_023_to_029_1253,HH_023_to_029,1253,195,0.2888888888888889,0.0472511060711027,low_k_sensitivity,available,not_tested,partial_missing_GUNW_023_14day,optical verification not performed; 14-day rainfall unavailable for GUNW_023.
HH_023_to_029_1256,HH_023_to_029,1256,195,0.4136752136752137,0.0441930965534098,low_k_sensitivity,available,not_tested,partial_missing_GUNW_023_14day,optical verification not performed; 14-day rainfall unavailable for GUNW_023.
HH_023_to_029_1262,HH_023_to_029,1262,195,0.1435897435897435,0.0407935139326983,low_k_sensitivity,available,not_tested,partial_missing_GUNW_023_14day,optical verification not performed; 14-day rainfall unavailable for GUNW_023.
HH_023_to_029_1271,HH_023_to_029,1271,195,0.7589743589743589,0.1624685203460469,moderate_k_sensitivity,available,not_tested,partial_missing_GUNW_023_14day,moderate sensitivity to kNN neighbourhood size; optical verification not performed; 14-day rainfall unavailable for GUNW_023.
HH_023_to_029_1278,HH_023_to_029,1278,195,0.6974358974358975,0.0614606259586924,low_k_sensitivity,available,not_tested,partial_missing_GUNW_023_14day,optical verification not performed; 14-day rainfall unavailable for GUNW_023.
HH_023_to_029_1281,HH_023_to_029,1281,195,0.7743589743589744,0.024396588744826,low_k_sensitivity,available,not_tested,partial_missing_GUNW_023_14day,optical verification not performed; 14-day rainfall unavailable for GUNW_023.
HH_023_to_029_1295,HH_023_to_029,1295,195,0.6786324786324786,0.1384686507862583,moderate_k_sensitivity,available,not_tested,partial_missing_GUNW_023_14day,moderate sensitivity to kNN neighbourhood size; optical verification not performed; 14-day rainfall unavailable for GUNW_023.
HH_023_to_029_1307,HH_023_to_029,1307,195,0.8769230769230769,0.1152321696898285,moderate_k_sensitivity,available,not_tested,partial_missing_GUNW_023_14day,moderate sensitivity to kNN neighbourhood size; optical verification not performed; 14-day rainfall unavailable for GUNW_023.
HH_023_to_029_1324,HH_023_to_029,1324,195,0.8871794871794871,0.096550504743977,low_k_sensitivity,available,not_tested,partial_missing_GUNW_023_14day,optical verification not performed; 14-day rainfall unavailable for GUNW_023.
HH_023_to_029_1370,HH_023_to_029,1370,195,0.0837606837606837,0.0472290085266354,low_k_sensitivity,available,not_tested,partial_missing_GUNW_023_14day,optical verification not performed; 14-day rainfall unavailable for GUNW_023.
HH_023_to_029_1371,HH_023_to_029,1371,195,0.0717948717948718,0.0198888947750752,low_k_sensitivity,available,not_tested,partial_missing_GUNW_023_14day,optical verification not performed; 14-day rainfall unavailable for GUNW_023.
HH_023_to_029_1376,HH_023_to_029,1376,195,0.3623931623931624,0.0488747318512862,low_k_sensitivity,available,not_tested,partial_missing_GUNW_023_14day,optical verification not performed; 14-day rainfall unavailable for GUNW_023.
HH_023_to_029_1390,HH_023_to_029,1390,195,0.4547008547008547,0.0366546662510567,low_k_sensitivity,available,not_tested,partial_missing_GUNW_023_14day,optical verification not performed; 14-day rainfall unavailable for GUNW_023.
HH_023_to_029_1405,HH_023_to_029,1405,195,0.0923076923076923,0.0493762661551689,low_k_sensitivity,available,not_tested,partial_missing_GUNW_023_14day,optical verification not performed; 14-day rainfall unavailable for GUNW_023.
HH_023_to_029_1406,HH_023_to_029,1406,195,0.5846153846153846,0.0578597264362412,low_k_sensitivity,available,not_tested,partial_missing_GUNW_023_14day,optical verification not performed; 14-day rainfall unavailable for GUNW_023.
HH_023_to_029_1413,HH_023_to_029,1413,195,0.7675213675213675,0.1071489704711802,moderate_k_sensitivity,available,not_tested,partial_missing_GUNW_023_14day,moderate sensitivity to kNN neighbourhood size; optical verification not performed; 14-day rainfall unavailable for GUNW_023.
HH_023_to_029_1453,HH_023_to_029,1453,195,0.4683760683760683,0.0436111367392143,low_k_sensitivity,available,not_tested,partial_missing_GUNW_023_14day,optical verification not performed; 14-day rainfall unavailable for GUNW_023.
HH_023_to_029_1461,HH_023_to_029,1461,195,0.1384615384615384,0.0406682702656514,low_k_sensitivity,available,not_tested,partial_missing_GUNW_023_14day,optical verification not performed; 14-day rainfall unavailable for GUNW_023.
HH_023_to_029_1464,HH_023_to_029,1464,195,0.1162393162393162,0.0290907436207997,low_k_sensitivity,available,not_tested,partial_missing_GUNW_023_14day,optical verification not performed; 14-day rainfall unavailable for GUNW_023.
HH_023_to_029_1470,HH_023_to_029,1470,195,0.8991452991452991,0.1211286674813297,moderate_k_sensitivity,available,not_tested,partial_missing_GUNW_023_14day,moderate sensitivity to kNN neighbourhood size; optical verification not performed; 14-day rainfall unavailable for GUNW_023.
HH_023_to_029_1492,HH_023_to_029,1492,195,0.7572649572649572,0.0937833117709043,low_k_sensitivity,available,not_tested,partial_missing_GUNW_023_14day,optical verification not performed; 14-day rainfall unavailable for GUNW_023.
HH_023_to_029_1501,HH_023_to_029,1501,195,0.3623931623931624,0.0404161051240806,low_k_sensitivity,available,not_tested,partial_missing_GUNW_023_14day,optical verification not performed; 14-day rainfall unavailable for GUNW_023.
HH_023_to_029_1505,HH_023_to_029,1505,195,0.6478632478632478,0.0828780364425666,low_k_sensitivity,available,not_tested,partial_missing_GUNW_023_14day,optical verification not performed; 14-day rainfall unavailable for GUNW_023.
HH_023_to_029_1525,HH_023_to_029,1525,195,0.2547008547008547,0.0477332249030509,low_k_sensitivity,available,not_tested,partial_missing_GUNW_023_14day,optical verification not performed; 14-day rainfall unavailable for GUNW_023.
HH_023_to_029_1536,HH_023_to_029,1536,195,0.9452991452991452,0.1404638820797464,moderate_k_sensitivity,available,not_tested,partial_missing_GUNW_023_14day,moderate sensitivity to kNN neighbourhood size; optical verification not performed; 14-day rainfall unavailable for GUNW_023.
HH_023_to_029_1552,HH_023_to_029,1552,195,0.3846153846153846,0.0452139079474842,low_k_sensitivity,available,not_tested,partial_missing_GUNW_023_14day,optical verification not performed; 14-day rainfall unavailable for GUNW_023.
HH_023_to_029_1564,HH_023_to_029,1564,195,0.2017094017094017,0.0828584023651659,low_k_sensitivity,available,not_tested,partial_missing_GUNW_023_14day,optical verification not performed; 14-day rainfall unavailable for GUNW_023.
HH_023_to_029_1566,HH_023_to_029,1566,195,0.1487179487179487,0.034279419260657,low_k_sensitivity,available,not_tested,partial_missing_GUNW_023_14day,optical verification not performed; 14-day rainfall unavailable for GUNW_023.
HH_023_to_029_1570,HH_023_to_029,1570,195,0.1555555555555555,0.038091489405175,low_k_sensitivity,available,not_tested,partial_missing_GUNW_023_14day,optical verification not performed; 14-day rainfall unavailable for GUNW_023.
HH_023_to_029_1582,HH_023_to_029,1582,195,0.2102564102564102,0.0373741870944119,low_k_sensitivity,available,not_tested,partial_missing_GUNW_023_14day,optical verification not performed; 14-day rainfall unavailable for GUNW_023.
HH_023_to_029_1598,HH_023_to_029,1598,195,0.2803418803418803,0.0461791576448708,low_k_sensitivity,available,not_tested,partial_missing_GUNW_023_14day,optical verification not performed; 14-day rainfall unavailable for GUNW_023.
HH_023_to_029_1628,HH_023_to_029,1628,195,0.9333333333333332,0.091448388869657,low_k_sensitivity,available,not_tested,partial_missing_GUNW_023_14day,optical verification not performed; 14-day rainfall unavailable for GUNW_023.
HH_023_to_029_1640,HH_023_to_029,1640,195,0.8752136752136752,0.0717428126948687,low_k_sensitivity,available,not_tested,partial_missing_GUNW_023_14day,optical verification not performed; 14-day rainfall unavailable for GUNW_023.
HH_023_to_029_1644,HH_023_to_029,1644,195,0.5658119658119658,0.0632572201483243,low_k_sensitivity,available,not_tested,partial_missing_GUNW_023_14day,optical verification not performed; 14-day rainfall unavailable for GUNW_023.
HH_023_to_029_1653,HH_023_to_029,1653,195,0.9264957264957264,0.105194374664926,moderate_k_sensitivity,available,not_tested,partial_missing_GUNW_023_14day,moderate sensitivity to kNN neighbourhood size; optical verification not performed; 14-day rainfall unavailable for GUNW_023.
HH_023_to_029_1659,HH_023_to_029,1659,195,0.1555555555555555,0.0511613420785455,low_k_sensitivity,available,not_tested,partial_missing_GUNW_023_14day,optical verification not performed; 14-day rainfall unavailable for GUNW_023.
HH_023_to_029_1704,HH_023_to_029,1704,195,0.2683760683760683,0.0383324962866543,low_k_sensitivity,available,not_tested,partial_missing_GUNW_023_14day,optical verification not performed; 14-day rainfall unavailable for GUNW_023.
HH_023_to_029_1728,HH_023_to_029,1728,195,0.1196581196581196,0.0283334261152233,low_k_sensitivity,available,not_tested,partial_missing_GUNW_023_14day,optical verification not performed; 14-day rainfall unavailable for GUNW_023.
HH_023_to_029_1754,HH_023_to_029,1754,195,0.2769230769230769,0.0307363998674961,low_k_sensitivity,available,not_tested,partial_missing_GUNW_023_14day,optical verification not performed; 14-day rainfall unavailable for GUNW_023.
HH_023_to_029_1755,HH_023_to_029,1755,195,0.5811965811965812,0.0670932324646343,low_k_sensitivity,available,not_tested,partial_missing_GUNW_023_14day,optical verification not performed; 14-day rainfall unavailable for GUNW_023.
HH_023_to_029_1781,HH_023_to_029,1781,195,0.717948717948718,0.0549854737715758,low_k_sensitivity,available,not_tested,partial_missing_GUNW_023_14day,optical verification not performed; 14-day rainfall unavailable for GUNW_023.
HH_023_to_029_1785,HH_023_to_029,1785,195,0.652991452991453,0.0506790355192531,low_k_sensitivity,available,not_tested,partial_missing_GUNW_023_14day,optical verification not performed; 14-day rainfall unavailable for GUNW_023.
HH_023_to_029_1786,HH_023_to_029,1786,195,0.9914529914529916,0.2460454282778559,high_k_sensitivity,available,tested_but_inconclusive_no_valid_pixels,partial_missing_GUNW_023_14day,kNN anomaly position is sensitive to neighbourhood size; optical verification attempted but no valid pixels available; 14-day rainfall unavailable for GUNW_023.
HH_023_to_029_1789,HH_023_to_029,1789,195,0.4512820512820513,0.0595423105557247,low_k_sensitivity,available,not_tested,partial_missing_GUNW_023_14day,optical verification not performed; 14-day rainfall unavailable for GUNW_023.
HH_023_to_029_1808,HH_023_to_029,1808,195,0.6102564102564102,0.0328161242123673,low_k_sensitivity,available,not_tested,partial_missing_GUNW_023_14day,optical verification not performed; 14-day rainfall unavailable for GUNW_023.
HH_023_to_029_1816,HH_023_to_029,1816,195,0.6307692307692307,0.0546484105614437,low_k_sensitivity,available,not_tested,partial_missing_GUNW_023_14day,optical verification not performed; 14-day rainfall unavailable for GUNW_023.
HH_023_to_029_1848,HH_023_to_029,1848,195,0.3829059829059829,0.0537753437321532,low_k_sensitivity,available,not_tested,partial_missing_GUNW_023_14day,optical verification not performed; 14-day rainfall unavailable for GUNW_023.
HH_023_to_029_1857,HH_023_to_029,1857,195,0.8769230769230769,0.1054688760377244,moderate_k_sensitivity,available,not_tested,partial_missing_GUNW_023_14day,moderate sensitivity to kNN neighbourhood size; optical verification not performed; 14-day rainfall unavailable for GUNW_023.
HH_023_to_029_1866,HH_023_to_029,1866,195,0.4068376068376069,0.0604814424361526,low_k_sensitivity,available,not_tested,partial_missing_GUNW_023_14day,optical verification not performed; 14-day rainfall unavailable for GUNW_023.
HH_023_to_029_1869,HH_023_to_029,1869,195,0.4307692307692307,0.0407044217890866,low_k_sensitivity,available,not_tested,partial_missing_GUNW_023_14day,optical verification not performed; 14-day rainfall unavailable for GUNW_023.
HH_023_to_029_1887,HH_023_to_029,1887,195,0.4854700854700854,0.112598003430601,moderate_k_sensitivity,available,not_tested,partial_missing_GUNW_023_14day,moderate sensitivity to kNN neighbourhood size; optical verification not performed; 14-day rainfall unavailable for GUNW_023.
HH_023_to_029_1889,HH_023_to_029,1889,195,0.429059829059829,0.0670246184589975,low_k_sensitivity,available,not_tested,partial_missing_GUNW_023_14day,optical verification not performed; 14-day rainfall unavailable for GUNW_023.
HH_023_to_029_1902,HH_023_to_029,1902,195,0.8803418803418803,0.0443324410959063,low_k_sensitivity,available,not_tested,partial_missing_GUNW_023_14day,optical verification not performed; 14-day rainfall unavailable for GUNW_023.
HH_023_to_029_1904,HH_023_to_029,1904,195,0.1606837606837606,0.0265252745321455,low_k_sensitivity,available,not_tested,partial_missing_GUNW_023_14day,optical verification not performed; 14-day rainfall unavailable for GUNW_023.
HH_023_to_029_1905,HH_023_to_029,1905,195,0.7829059829059829,0.0412146800067993,low_k_sensitivity,available,not_tested,partial_missing_GUNW_023_14day,optical verification not performed; 14-day rainfall unavailable for GUNW_023.
HH_023_to_029_1924,HH_023_to_029,1924,195,0.864957264957265,0.1613342034277964,moderate_k_sensitivity,available,not_tested,partial_missing_GUNW_023_14day,moderate sensitivity to kNN neighbourhood size; optical verification not performed; 14-day rainfall unavailable for GUNW_023.
HH_023_to_029_1925,HH_023_to_029,1925,195,0.1333333333333333,0.0296502720129142,low_k_sensitivity,available,not_tested,partial_missing_GUNW_023_14day,optical verification not performed; 14-day rainfall unavailable for GUNW_023.
HH_023_to_029_1931,HH_023_to_029,1931,195,0.0837606837606837,0.0407223700447394,low_k_sensitivity,available,not_tested,partial_missing_GUNW_023_14day,optical verification not performed; 14-day rainfall unavailable for GUNW_023.
HH_023_to_029_1933,HH_023_to_029,1933,195,0.9196581196581196,0.2195761294670682,high_k_sensitivity,available,not_tested,partial_missing_GUNW_023_14day,kNN anomaly position is sensitive to neighbourhood size; optical verification not performed; 14-day rainfall unavailable for GUNW_023.
HH_023_to_029_1950,HH_023_to_029,1950,195,0.7777777777777777,0.0893963780912901,low_k_sensitivity,available,not_tested,partial_missing_GUNW_023_14day,optical verification not performed; 14-day rainfall unavailable for GUNW_023.
HH_023_to_029_1952,HH_023_to_029,1952,195,0.1931623931623931,0.0443792228524605,low_k_sensitivity,available,not_tested,partial_missing_GUNW_023_14day,optical verification not performed; 14-day rainfall unavailable for GUNW_023.
HH_023_to_029_1976,HH_023_to_029,1976,195,0.5076923076923077,0.0462718344970631,low_k_sensitivity,available,not_tested,partial_missing_GUNW_023_14day,optical verification not performed; 14-day rainfall unavailable for GUNW_023.
HH_023_to_029_1978,HH_023_to_029,1978,195,0.0547008547008547,0.0478869594839191,low_k_sensitivity,available,not_tested,partial_missing_GUNW_023_14day,optical verification not performed; 14-day rainfall unavailable for GUNW_023.
HH_023_to_029_1980,HH_023_to_029,1980,195,0.8478632478632478,0.0758852719503105,low_k_sensitivity,available,not_tested,partial_missing_GUNW_023_14day,optical verification not performed; 14-day rainfall unavailable for GUNW_023.
HH_023_to_029_1986,HH_023_to_029,1986,195,0.3538461538461538,0.0333714647756066,low_k_sensitivity,available,not_tested,partial_missing_GUNW_023_14day,optical verification not performed; 14-day rainfall unavailable for GUNW_023.
HH_023_to_029_1987,HH_023_to_029,1987,195,0.7145299145299145,0.0689715053623177,low_k_sensitivity,available,not_tested,partial_missing_GUNW_023_14day,optical verification not performed; 14-day rainfall unavailable for GUNW_023.
HH_023_to_029_1995,HH_023_to_029,1995,195,0.482051282051282,0.0358310106538755,low_k_sensitivity,available,not_tested,partial_missing_GUNW_023_14day,optical verification not performed; 14-day rainfall unavailable for GUNW_023.
HH_023_to_029_2005,HH_023_to_029,2005,195,0.3948717948717948,0.0273445548223867,low_k_sensitivity,available,not_tested,partial_missing_GUNW_023_14day,optical verification not performed; 14-day rainfall unavailable for GUNW_023.
HH_023_to_029_2014,HH_023_to_029,2014,195,0.147008547008547,0.0487787924320233,low_k_sensitivity,available,not_tested,partial_missing_GUNW_023_14day,optical verification not performed; 14-day rainfall unavailable for GUNW_023.
HH_023_to_029_2020,HH_023_to_029,2020,195,0.9504273504273504,0.084492449866774,low_k_sensitivity,available,not_tested,partial_missing_GUNW_023_14day,optical verification not performed; 14-day rainfall unavailable for GUNW_023.
HH_023_to_029_2033,HH_023_to_029,2033,195,0.2547008547008547,0.0549753430678796,low_k_sensitivity,available,not_tested,partial_missing_GUNW_023_14day,optical verification not performed; 14-day rainfall unavailable for GUNW_023.
HH_023_to_029_2035,HH_023_to_029,2035,195,0.8495726495726497,0.0670054683658181,low_k_sensitivity,available,not_tested,partial_missing_GUNW_023_14day,optical verification not performed; 14-day rainfall unavailable for GUNW_023.
HH_023_to_029_2036,HH_023_to_029,2036,195,0.0495726495726495,0.0391772549515619,low_k_sensitivity,available,not_tested,partial_missing_GUNW_023_14day,optical verification not performed; 14-day rainfall unavailable for GUNW_023.
HH_023_to_029_2054,HH_023_to_029,2054,195,0.3299145299145299,0.0413173063549777,low_k_sensitivity,available,not_tested,partial_missing_GUNW_023_14day,optical verification not performed; 14-day rainfall unavailable for GUNW_023.
HH_023_to_029_2058,HH_023_to_029,2058,195,0.3179487179487179,0.0433173683370628,low_k_sensitivity,available,not_tested,partial_missing_GUNW_023_14day,optical verification not performed; 14-day rainfall unavailable for GUNW_023.
HH_023_to_029_2068,HH_023_to_029,2068,195,0.7059829059829058,0.0494525318951248,low_k_sensitivity,available,not_tested,partial_missing_GUNW_023_14day,optical verification not performed; 14-day rainfall unavailable for GUNW_023.
HH_023_to_029_2085,HH_023_to_029,2085,195,0.1948717948717948,0.0336158367694065,low_k_sensitivity,available,not_tested,partial_missing_GUNW_023_14day,optical verification not performed; 14-day rainfall unavailable for GUNW_023.
HH_023_to_029_2088,HH_023_to_029,2088,195,0.2854700854700855,0.0545941541536179,low_k_sensitivity,available,not_tested,partial_missing_GUNW_023_14day,optical verification not performed; 14-day rainfall unavailable for GUNW_023.
HH_023_to_029_2096,HH_023_to_029,2096,195,0.5282051282051282,0.0524275396551689,low_k_sensitivity,available,not_tested,partial_missing_GUNW_023_14day,optical verification not performed; 14-day rainfall unavailable for GUNW_023.
HH_023_to_029_2115,HH_023_to_029,2115,195,0.6239316239316239,0.0575942491599126,low_k_sensitivity,available,not_tested,partial_missing_GUNW_023_14day,optical verification not performed; 14-day rainfall unavailable for GUNW_023.
HH_023_to_029_2137,HH_023_to_029,2137,195,0.6017094017094018,0.0611502702045772,low_k_sensitivity,available,not_tested,partial_missing_GUNW_023_14day,optical verification not performed; 14-day rainfall unavailable for GUNW_023.
HH_023_to_029_2152,HH_023_to_029,2152,195,0.8153846153846155,0.0686054669643853,low_k_sensitivity,available,not_tested,partial_missing_GUNW_023_14day,optical verification not performed; 14-day rainfall unavailable for GUNW_023.
HH_023_to_029_2157,HH_023_to_029,2157,195,0.2786324786324787,0.0268468157266388,low_k_sensitivity,available,not_tested,partial_missing_GUNW_023_14day,optical verification not performed; 14-day rainfall unavailable for GUNW_023.
HH_023_to_029_2186,HH_023_to_029,2186,195,0.9452991452991452,0.0651121815184005,low_k_sensitivity,available,not_tested,partial_missing_GUNW_023_14day,optical verification not performed; 14-day rainfall unavailable for GUNW_023.
HH_023_to_029_2228,HH_023_to_029,2228,195,0.6888888888888888,0.056925572979103,low_k_sensitivity,available,not_tested,partial_missing_GUNW_023_14day,optical verification not performed; 14-day rainfall unavailable for GUNW_023.
HH_023_to_029_2259,HH_023_to_029,2259,195,0.2871794871794872,0.051143622289901,low_k_sensitivity,available,not_tested,partial_missing_GUNW_023_14day,optical verification not performed; 14-day rainfall unavailable for GUNW_023.
HH_023_to_029_2271,HH_023_to_029,2271,195,0.0564102564102564,0.056774707362082,low_k_sensitivity,available,not_tested,partial_missing_GUNW_023_14day,optical verification not performed; 14-day rainfall unavailable for GUNW_023.
HH_023_to_029_2272,HH_023_to_029,2272,195,0.2769230769230769,0.0364875369030138,low_k_sensitivity,available,not_tested,partial_missing_GUNW_023_14day,optical verification not performed; 14-day rainfall unavailable for GUNW_023.
HH_023_to_029_2276,HH_023_to_029,2276,195,0.1726495726495726,0.0148928825991132,low_k_sensitivity,available,not_tested,partial_missing_GUNW_023_14day,optical verification not performed; 14-day rainfall unavailable for GUNW_023.
HH_023_to_029_2290,HH_023_to_029,2290,195,0.6649572649572649,0.0634339538980762,low_k_sensitivity,available,not_tested,partial_missing_GUNW_023_14day,optical verification not performed; 14-day rainfall unavailable for GUNW_023.
HH_023_to_029_2314,HH_023_to_029,2314,195,0.3504273504273504,0.049825858912802,low_k_sensitivity,available,not_tested,partial_missing_GUNW_023_14day,optical verification not performed; 14-day rainfall unavailable for GUNW_023.
HH_023_to_029_2315,HH_023_to_029,2315,195,0.4991452991452991,0.040835502804249,low_k_sensitivity,available,not_tested,partial_missing_GUNW_023_14day,optical verification not performed; 14-day rainfall unavailable for GUNW_023.
HH_023_to_029_2321,HH_023_to_029,2321,195,0.4495726495726496,0.0587917089825331,low_k_sensitivity,available,not_tested,partial_missing_GUNW_023_14day,optical verification not performed; 14-day rainfall unavailable for GUNW_023.
VV_025_to_026_19,VV_025_to_026,19,16,0.2708333333333333,0.2166500623169003,high_k_sensitivity,available,not_tested,partial_missing_GUNW_023_14day,kNN anomaly position is sensitive to neighbourhood size; optical verification not performed; 14-day rainfall unavailable for GUNW_023; small comparison population.
VV_025_to_026_87,VV_025_to_026,87,16,0.9375,0.3214650611207685,high_k_sensitivity,available,not_tested,partial_missing_GUNW_023_14day,kNN anomaly position is sensitive to neighbourhood size; optical verification not performed; 14-day rainfall unavailable for GUNW_023; small comparison population.
VV_025_to_026_207,VV_025_to_026,207,16,1.0,0.483501767724606,high_k_sensitivity,available,tested_but_inconclusive_no_valid_pixels,partial_missing_GUNW_023_14day,kNN anomaly position is sensitive to neighbourhood size; optical verification attempted but no valid pixels available; 14-day rainfall unavailable for GUNW_023; small comparison population.
VV_025_to_026_415,VV_025_to_026,415,16,0.75,0.2593376794628973,high_k_sensitivity,available,not_tested,partial_missing_GUNW_023_14day,kNN anomaly position is sensitive to neighbourhood size; optical verification not performed; 14-day rainfall unavailable for GUNW_023; small comparison population.
VV_025_to_026_482,VV_025_to_026,482,16,0.0625,0.1555256019597407,moderate_k_sensitivity,available,not_tested,partial_missing_GUNW_023_14day,moderate sensitivity to kNN neighbourhood size; optical verification not performed; 14-day rainfall unavailable for GUNW_023; small comparison population.
VV_025_to_026_566,VV_025_to_026,566,16,0.375,0.1658152158770285,moderate_k_sensitivity,available,not_tested,partial_missing_GUNW_023_14day,moderate sensitivity to kNN neighbourhood size; optical verification not performed; 14-day rainfall unavailable for GUNW_023; small comparison population.
VV_025_to_026_708,VV_025_to_026,708,16,0.3958333333333333,0.0795871411179687,low_k_sensitivity,available,not_tested,partial_missing_GUNW_023_14day,optical verification not performed; 14-day rainfall unavailable for GUNW_023; small comparison population.
VV_025_to_026_854,VV_025_to_026,854,16,0.2291666666666666,0.1939894314290788,moderate_k_sensitivity,available,not_tested,partial_missing_GUNW_023_14day,moderate sensitivity to kNN neighbourhood size; optical verification not performed; 14-day rainfall unavailable for GUNW_023; small comparison population.
VV_025_to_026_877,VV_025_to_026,877,16,0.625,0.1106559556690662,moderate_k_sensitivity,available,not_tested,partial_missing_GUNW_023_14day,moderate sensitivity to kNN neighbourhood size; optical verification not performed; 14-day rainfall unavailable for GUNW_023; small comparison population.
VV_025_to_026_935,VV_025_to_026,935,16,0.2916666666666667,0.1451745465300696,moderate_k_sensitivity,available,not_tested,partial_missing_GUNW_023_14day,moderate sensitivity to kNN neighbourhood size; optical verification not performed; 14-day rainfall unavailable for GUNW_023; small comparison population.
VV_025_to_026_1053,VV_025_to_026,1053,16,0.6875,0.1140523231662303,moderate_k_sensitivity,available,not_tested,partial_missing_GUNW_023_14day,moderate sensitivity to kNN neighbourhood size; optical verification not performed; 14-day rainfall unavailable for GUNW_023; small comparison population.
VV_025_to_026_1135,VV_025_to_026,1135,16,0.8333333333333334,0.3654306250600271,high_k_sensitivity,available,not_tested,partial_missing_GUNW_023_14day,kNN anomaly position is sensitive to neighbourhood size; optical verification not performed; 14-day rainfall unavailable for GUNW_023; small comparison population.
VV_025_to_026_1265,VV_025_to_026,1265,16,0.5625,0.0832010906640562,low_k_sensitivity,available,not_tested,partial_missing_GUNW_023_14day,optical verification not performed; 14-day rainfall unavailable for GUNW_023; small comparison population.
VV_025_to_026_1298,VV_025_to_026,1298,16,0.5,0.1192034979697583,moderate_k_sensitivity,available,not_tested,partial_missing_GUNW_023_14day,moderate sensitivity to kNN neighbourhood size; optical verification not performed; 14-day rainfall unavailable for GUNW_023; small comparison population.
VV_025_to_026_1354,VV_025_to_026,1354,16,0.8541666666666666,0.2926262764344962,high_k_sensitivity,available,not_tested,partial_missing_GUNW_023_14day,kNN anomaly position is sensitive to neighbourhood size; optical verification not performed; 14-day rainfall unavailable for GUNW_023; small comparison population.
VV_025_to_026_1422,VV_025_to_026,1422,16,0.125,0.1885539544723615,moderate_k_sensitivity,available,not_tested,partial_missing_GUNW_023_14day,moderate sensitivity to kNN neighbourhood size; optical verification not performed; 14-day rainfall unavailable for GUNW_023; small comparison population.
