candidate_key,comparison,region_id,lon,lat,area_m2,cmp_knn_k3_mean_distance,cmp_knn_k3_percentile,cmp_knn_k5_mean_distance,cmp_knn_k5_percentile,cmp_knn_k8_mean_distance,cmp_knn_k8_percentile,comparison_aware_anomaly_percentile,comparison_aware_k_score_std
HH_023_to_029_22,HH_023_to_029,22,90.1669106,22.5087995,9200,0.26131093987868875,0.05128205128205128,0.31390965312744445,0.05128205128205128,0.37061735125403517,0.05128205128205128,0.05128205128205129,0.04463466419474371
HH_023_to_029_28,HH_023_to_029,28,90.1568007,22.5088386,4000,0.650424292133945,0.7846153846153846,0.6810202627084119,0.7384615384615385,0.7056168006932607,0.6615384615384615,0.7282051282051282,0.022576576104212986
HH_023_to_029_30,HH_023_to_029,30,90.1686859,22.5087894,6000,0.3105627558030995,0.13846153846153847,0.3708802035897192,0.2,0.4271181902911,0.21025641025641026,0.18290598290598292,0.04759327095807983
HH_023_to_029_32,HH_023_to_029,32,90.176477,22.5086731,12400,0.6471219070490989,0.7794871794871795,0.7280658994927918,0.8,0.8595780457539395,0.8102564102564103,0.7965811965811967,0.08754997645808973
HH_023_to_029_45,HH_023_to_029,45,90.2043415,22.5092983,4800,0.5052707109786112,0.5897435897435898,0.550557638267278,0.5487179487179488,0.6248611707898543,0.5384615384615384,0.5589743589743589,0.04929931124879162
HH_023_to_029_49,HH_023_to_029,49,90.218802,22.5097053,4000,0.31395529201288236,0.15384615384615385,0.34718281085098074,0.1282051282051282,0.3965509889887954,0.1282051282051282,0.13675213675213674,0.0339334875237493
HH_023_to_029_53,HH_023_to_029,53,90.1616915,22.5084431,5200,0.9156012494132101,0.9230769230769231,1.033122475614215,0.9179487179487179,1.1678208818535873,0.9128205128205128,0.9179487179487179,0.1030478002566305
HH_023_to_029_86,HH_023_to_029,86,90.186467,22.5082456,4400,0.47770562900206004,0.5282051282051282,0.525321418604849,0.5230769230769231,0.5732805556027962,0.48205128205128206,0.5111111111111112,0.03901838432189661
HH_023_to_029_107,HH_023_to_029,107,90.1812771,22.5074579,6000,0.23896805736865903,0.02564102564102564,0.2895855965852361,0.02564102564102564,0.34460535245121443,0.02564102564102564,0.025641025641025644,0.043138725737442374
HH_023_to_029_109,HH_023_to_029,109,90.2053519,22.5077663,16000,0.4109887228182547,0.40512820512820513,0.42939734043206956,0.3230769230769231,0.4495851571897256,0.24102564102564103,0.3230769230769231,0.015762507887331217
HH_023_to_029_125,HH_023_to_029,125,90.1688461,22.5070504,4400,0.6130513264030744,0.7435897435897436,0.7132661697530993,0.7846153846153846,0.8295107193129313,0.7897435897435897,0.7726495726495726,0.08844990981023107
HH_023_to_029_167,HH_023_to_029,167,90.164763,22.5061629,4000,1.9315234104292298,0.9794871794871794,2.1044671366433234,0.9794871794871794,2.239179361978154,0.9846153846153847,0.9811965811965813,0.12592286025577176
HH_023_to_029_175,HH_023_to_029,175,90.1586041,22.5060001,4800,0.3203757558951146,0.17435897435897435,0.3667482901465577,0.1794871794871795,0.40572106108059214,0.15384615384615385,0.1692307692307692,0.034885702140275636
HH_023_to_029_185,HH_023_to_029,185,90.1550589,22.5057484,8400,0.5074700743626475,0.5948717948717949,0.5537073734350546,0.558974358974359,0.6343333302667982,0.5487179487179488,0.5675213675213675,0.05242213107621567
HH_023_to_029_186,HH_023_to_029,186,90.1629971,22.5055812,8000,0.4249742760057349,0.4512820512820513,0.5226165140992036,0.5128205128205128,0.6557233661898073,0.5743589743589743,0.5128205128205128,0.09457306602372384
HH_023_to_029_188,HH_023_to_029,188,90.1662475,22.5055933,8400,1.3493798333052174,0.9641025641025641,1.7180216219802886,0.9692307692307692,2.0618023279989792,0.9692307692307692,0.9675213675213675,0.2909042899370376
HH_023_to_029_200,HH_023_to_029,200,90.1789003,22.5059797,4400,0.3551023966968936,0.2564102564102564,0.38713348523789887,0.23076923076923078,0.4111222189398888,0.17435897435897435,0.2205128205128205,0.022948421543112458
HH_023_to_029_217,HH_023_to_029,217,90.2132106,22.5061355,5200,0.35854165766265716,0.26666666666666666,0.37579462872974806,0.21025641025641026,0.40704064549357644,0.15897435897435896,0.21196581196581196,0.020072453193565706
HH_023_to_029_224,HH_023_to_029,224,90.2040889,22.5062164,5600,1.3791989823688706,0.9692307692307692,1.4243223003004633,0.958974358974359,1.472861213061831,0.9435897435897436,0.9572649572649573,0.03824591965395728
HH_023_to_029_233,HH_023_to_029,233,90.2029275,22.5055429,7200,0.6582330403045945,0.8102564102564103,0.6766618244253648,0.7333333333333333,0.7176043774638768,0.6923076923076923,0.7452991452991453,0.024812336558795608
HH_023_to_029_235,HH_023_to_029,235,90.2181726,22.5053217,18400,0.37506940998263577,0.30256410256410254,0.4088783763739528,0.26153846153846155,0.4469254503467245,0.23076923076923078,0.26495726495726496,0.029352108732015058
HH_023_to_029_246,HH_023_to_029,246,90.1515533,22.5042809,7200,1.7313454228655252,0.9743589743589743,1.9258639071829933,0.9743589743589743,2.08537190969349,0.9743589743589743,0.9743589743589743,0.14476609370590623
HH_023_to_029_250,HH_023_to_029,250,90.1680281,22.5051553,4000,0.2617933178747504,0.05641025641025641,0.34354616121361703,0.1076923076923077,0.4036257575439408,0.14871794871794872,0.10427350427350428,0.05812775798161079
HH_023_to_029_265,HH_023_to_029,265,90.2193002,22.5057964,5200,2.2775293757945345,1.0,2.495440181404609,1.0,2.786822673714981,1.0,1.0,0.20863805430386437
HH_023_to_029_294,HH_023_to_029,294,90.1781375,22.5044691,5200,0.6375340373997226,0.764102564102564,0.7000273207052744,0.7487179487179487,0.7575479861295504,0.7384615384615385,0.7504273504273504,0.04900950621946863
HH_023_to_029_296,HH_023_to_029,296,90.1965035,22.5039642,19600,2.04260301199401,0.9897435897435898,2.1462927130834384,0.9897435897435898,2.2931372762412185,0.9897435897435898,0.9897435897435898,0.102784725088088
HH_023_to_029_300,HH_023_to_029,300,90.2162528,22.5049314,6400,0.5481692659057327,0.6461538461538462,0.6395680548648824,0.6820512820512821,0.7669366068250527,0.7487179487179487,0.6923076923076924,0.08971289768821165
HH_023_to_029_305,HH_023_to_029,305,90.1590704,22.5036905,10000,0.356579034551856,0.26153846153846155,0.4375412344280253,0.3487179487179487,0.5128872347115041,0.38461538461538464,0.3316239316239316,0.06382628421013416
HH_023_to_029_310,HH_023_to_029,310,90.1828304,22.5043138,4000,0.4189742593518923,0.4307692307692308,0.4576774680377783,0.40512820512820513,0.5223944339046296,0.39487179487179486,0.4102564102564103,0.0426640058260318
HH_023_to_029_342,HH_023_to_029,342,90.1800791,22.5030263,9200,0.40479295816471467,0.38461538461538464,0.4283142894858113,0.3128205128205128,0.4584132734753973,0.26153846153846155,0.31965811965811963,0.021945235064534777
HH_023_to_029_346,HH_023_to_029,346,90.1935762,22.5037114,5200,0.4700925925834876,0.5076923076923077,0.5246453665888696,0.517948717948718,0.5945015425497292,0.49743589743589745,0.5076923076923077,0.05091766480555715
HH_023_to_029_362,HH_023_to_029,362,90.1786081,22.5030304,6000,0.5315735996071925,0.6256410256410256,0.5945995030754567,0.6205128205128205,0.6976014332501708,0.6564102564102564,0.6341880341880342,0.06843237024154909
HH_023_to_029_370,HH_023_to_029,370,90.1562913,22.5019768,19600,0.24676039202137948,0.035897435897435895,0.3035581273244151,0.03076923076923077,0.3687932170678072,0.046153846153846156,0.037606837606837605,0.049859368960433956
HH_023_to_029_374,HH_023_to_029,374,90.1706414,22.5027642,4000,0.6073746348839438,0.7282051282051282,0.6475732492565419,0.7076923076923077,0.6903229373320006,0.6512820512820513,0.6957264957264958,0.03386884065699483
HH_023_to_029_388,HH_023_to_029,388,90.1508104,22.5021504,6400,0.615735764668567,0.7487179487179487,0.6733807986280342,0.7282051282051282,0.8019961233681328,0.7692307692307693,0.7487179487179487,0.07785868460877624
HH_023_to_029_389,HH_023_to_029,389,90.1526745,22.5022398,4800,0.49086271630401296,0.5487179487179488,0.5135076994797853,0.4666666666666667,0.5451894038031931,0.4256410256410256,0.48034188034188036,0.022280820418019803
HH_023_to_029_393,HH_023_to_029,393,90.1814727,22.5023988,6800,0.2660039700037176,0.06153846153846154,0.3237034733612151,0.07179487179487179,0.38170155146961615,0.07179487179487179,0.06837606837606837,0.04723339227122679
HH_023_to_029_398,HH_023_to_029,398,90.1582508,22.5019021,4800,0.21458940289323894,0.010256410256410256,0.27307377606862543,0.010256410256410256,0.37516430237649845,0.06153846153846154,0.02735042735042735,0.0663552692470155
HH_023_to_029_402,HH_023_to_029,402,90.1981687,22.502558,4400,0.42371285803008113,0.441025641025641,0.5885440811576284,0.6051282051282051,0.7138706896991975,0.6820512820512821,0.576068376068376,0.11882183591185692
HH_023_to_029_432,HH_023_to_029,432,90.1619613,22.5017569,4800,0.4996680051122411,0.5743589743589743,0.5905637650739118,0.6102564102564103,0.6706048514958187,0.6051282051282051,0.5965811965811966,0.06983155936185273
HH_023_to_029_478,HH_023_to_029,478,90.1545898,22.4993345,25600,2.0589692435307136,0.9948717948717949,2.1461734027781576,0.9846153846153847,2.2278878575540935,0.9794871794871794,0.9863247863247864,0.06897287363156426
HH_023_to_029_480,HH_023_to_029,480,90.1723173,22.5009222,6000,0.4145164644509291,0.4205128205128205,0.43124422507275295,0.3333333333333333,0.49226368083762373,0.3641025641025641,0.37264957264957266,0.03341294096128621
HH_023_to_029_488,HH_023_to_029,488,90.1594935,22.5004474,5200,0.6418503568059185,0.7692307692307693,0.7799222265727422,0.8358974358974359,0.8944236042490734,0.8307692307692308,0.8119658119658121,0.10326215399794929
HH_023_to_029_495,HH_023_to_029,495,90.2159962,22.5013723,8400,0.6831955647928071,0.8358974358974359,0.7284562475272293,0.8153846153846154,0.8116025767851434,0.7794871794871795,0.8102564102564102,0.0531770650222772
HH_023_to_029_508,HH_023_to_029,508,90.2120705,22.5011304,5200,0.3231347068608929,0.19487179487179487,0.37174627223341944,0.20512820512820512,0.4122815993901239,0.1794871794871795,0.19316239316239317,0.03644381594132526
HH_023_to_029_556,HH_023_to_029,556,90.1656137,22.4992639,4400,0.402447651909968,0.358974358974359,0.4487633814997626,0.37435897435897436,0.5071585792035165,0.37435897435897436,0.36923076923076925,0.042842767076537835
HH_023_to_029_557,HH_023_to_029,557,90.1696419,22.4993708,4000,0.23031905317530157,0.020512820512820513,0.28511378075749017,0.020512820512820513,0.34444197344754396,0.020512820512820513,0.020512820512820513,0.04660273901122957
HH_023_to_029_562,HH_023_to_029,562,90.2147481,22.4999408,5600,0.3104071650155024,0.13333333333333333,0.3623676403201469,0.16923076923076924,0.3964978394059418,0.12307692307692308,0.1418803418803419,0.035396744515281846
HH_023_to_029_579,HH_023_to_029,579,90.1668833,22.4987672,6400,0.4461903743726415,0.4717948717948718,0.46815075470618145,0.4205128205128205,0.48988473002714994,0.3384615384615385,0.4102564102564103,0.017838225820190106
HH_023_to_029_580,HH_023_to_029,580,90.1757119,22.4989503,10000,0.3227499689756836,0.18974358974358974,0.38594306137256507,0.22564102564102564,0.4425915399440517,0.22564102564102564,0.21367521367521367,0.04894942875993026
HH_023_to_029_605,HH_023_to_029,605,90.1829146,22.4988315,5200,0.37153519980639776,0.28717948717948716,0.3935606507512975,0.2358974358974359,0.4373470557262715,0.2205128205128205,0.24786324786324784,0.02735277789991121
HH_023_to_029_608,HH_023_to_029,608,90.2138264,22.4992722,5200,0.863018362212694,0.9128205128205128,1.0242412695959442,0.9128205128205128,1.228086036510435,0.9179487179487179,0.9145299145299145,0.14937645273331424
HH_023_to_029_619,HH_023_to_029,619,90.1567248,22.497447,20400,0.49511029463743667,0.5641025641025641,0.5602139301589867,0.5641025641025641,0.6229174312580048,0.5333333333333333,0.5538461538461538,0.052180111770403236
HH_023_to_029_623,HH_023_to_029,623,90.1771166,22.4972125,23200,0.6805490041234655,0.8307692307692308,0.8127554885830784,0.8461538461538461,0.947902177045523,0.8666666666666667,0.8478632478632478,0.10914867587481383
HH_023_to_029_624,HH_023_to_029,624,90.1808003,22.4984473,5200,0.38419274167846856,0.3282051282051282,0.45488675006995205,0.38974358974358975,0.5279412708237246,0.40512820512820513,0.37435897435897436,0.05868772865906753
HH_023_to_029_626,HH_023_to_029,626,90.1883716,22.4987931,4400,0.28008488157037154,0.09743589743589744,0.3441458961281466,0.11282051282051282,0.41261953488577524,0.18461538461538463,0.13162393162393163,0.05411704098044856
HH_023_to_029_649,HH_023_to_029,649,90.1585708,22.4973345,13600,0.19904406441276654,0.005128205128205128,0.2380754368530722,0.005128205128205128,0.341309869354677,0.005128205128205128,0.005128205128205128,0.06001884458167374
HH_023_to_029_651,HH_023_to_029,651,90.1698473,22.4978254,8400,0.2824931812771488,0.1076923076923077,0.30928502701885024,0.046153846153846156,0.3481126960880657,0.035897435897435895,0.06324786324786325,0.02693884351146291
HH_023_to_029_704,HH_023_to_029,704,90.1517413,22.4953797,30000,0.7569418397561266,0.8717948717948718,0.840226918377023,0.8615384615384616,0.945982881776733,0.8564102564102564,0.8632478632478633,0.07735721160357775
HH_023_to_029_707,HH_023_to_029,707,90.1642214,22.4965195,6000,0.2149605076766774,0.015384615384615385,0.27931441963604625,0.015384615384615385,0.3429420612092125,0.010256410256410256,0.013675213675213675,0.0522485308684886
HH_023_to_029_750,HH_023_to_029,750,90.1820168,22.49637,9600,0.4999257149986914,0.5794871794871795,0.5658112950388834,0.5743589743589743,0.6179469701778519,0.5282051282051282,0.5606837606837606,0.048290849091144415
HH_023_to_029_765,HH_023_to_029,765,90.1612043,22.4955101,4400,0.5547850680270398,0.6666666666666666,0.6159912409459205,0.6512820512820513,0.670944694128022,0.6102564102564103,0.6427350427350428,0.04744486432333075
HH_023_to_029_779,HH_023_to_029,779,90.1757725,22.4955611,5600,0.4497611949622433,0.47692307692307695,0.5194554189129794,0.5025641025641026,0.6173976043081875,0.5230769230769231,0.5008547008547009,0.06876039094847622
HH_023_to_029_822,HH_023_to_029,822,90.1739825,22.4945304,11200,0.6272959472325192,0.7538461538461538,0.6815922528655951,0.7435897435897436,0.7763125820541539,0.7589743589743589,0.7521367521367521,0.06157740117621952
HH_023_to_029_847,HH_023_to_029,847,90.2115065,22.4951609,4800,0.5410918366437866,0.6410256410256411,0.6169668868005386,0.6615384615384615,0.6811868206764038,0.6358974358974359,0.6461538461538462,0.05725947538705751
HH_023_to_029_854,HH_023_to_029,854,90.178564,22.4941959,4800,0.5231935947810942,0.6205128205128205,0.5767239387934124,0.5948717948717949,0.6300308452833043,0.5435897435897435,0.5863247863247864,0.043616156670653876
HH_023_to_029_881,HH_023_to_029,881,90.2094121,22.4944868,4000,0.41373009369669805,0.4153846153846154,0.44049582967570655,0.35384615384615387,0.49142667985414357,0.35384615384615387,0.37435897435897436,0.032226827373268
HH_023_to_029_883,HH_023_to_029,883,90.2162711,22.494699,4400,0.3477957927303094,0.2205128205128205,0.36499619143388823,0.17435897435897435,0.3879786407764262,0.10256410256410256,0.1658119658119658,0.016461092074078833
HH_023_to_029_892,HH_023_to_029,892,90.1503478,22.493323,4800,0.40966502911120867,0.4,0.42587239038773655,0.3076923076923077,0.45475812000310456,0.2512820512820513,0.3196581196581197,0.01865014382174163
HH_023_to_029_900,HH_023_to_029,900,90.1970033,22.4942171,4000,1.0993658987141728,0.9333333333333333,1.4195478429358943,0.9538461538461539,1.7210403575957804,0.958974358974359,0.9487179487179488,0.2538357619991677
HH_023_to_029_902,HH_023_to_029,902,90.2059977,22.494247,4000,0.642510178309961,0.7743589743589744,0.7172280101584256,0.7948717948717948,0.7686017979218691,0.7538461538461538,0.7743589743589743,0.05176991511770872
HH_023_to_029_935,HH_023_to_029,935,90.2042145,22.4933548,6800,0.45995443626210947,0.49743589743589745,0.5057135869925191,0.4564102564102564,0.5423206608362193,0.4205128205128205,0.4581196581196581,0.03369499250887647
HH_023_to_029_942,HH_023_to_029,942,90.1710755,22.4929759,4400,0.5684521745008273,0.6820512820512821,0.6133120313407574,0.6461538461538462,0.660133306161966,0.5846153846153846,0.6376068376068377,0.03743152033936877
HH_023_to_029_970,HH_023_to_029,970,90.1977177,22.4930461,7200,1.2829954694044792,0.9538461538461539,1.605671373593987,0.9641025641025641,1.988768814290546,0.9641025641025641,0.9606837606837607,0.2884825052589723
HH_023_to_029_972,HH_023_to_029,972,90.1522077,22.4921494,4000,0.6789150565721581,0.8256410256410256,0.7281658350714857,0.8051282051282052,0.8010761027085991,0.764102564102564,0.7982905982905982,0.05018285176659784
HH_023_to_029_982,HH_023_to_029,982,90.2163498,22.4930107,9600,0.8035129033047252,0.8974358974358975,0.8839489605081358,0.8974358974358975,0.9652613588654427,0.8717948717948718,0.888888888888889,0.06603385352422153
HH_023_to_029_996,HH_023_to_029,996,90.2121568,22.4922235,13600,0.3526819035321658,0.23076923076923078,0.42291926737668933,0.28717948717948716,0.4913153008187417,0.3487179487179487,0.28888888888888886,0.05659851147792564
HH_023_to_029_997,HH_023_to_029,997,90.2178163,22.492942,6400,0.41173433987535146,0.41025641025641024,0.48953619775273705,0.4358974358974359,0.5456201998225766,0.4307692307692308,0.4256410256410256,0.0548978524890148
HH_023_to_029_1015,HH_023_to_029,1015,90.202185,22.4925561,4000,0.4916810956492794,0.558974358974359,0.5732380299332483,0.5897435897435898,0.6875345382046254,0.6461538461538462,0.5982905982905983,0.08032835136253699
HH_023_to_029_1017,HH_023_to_029,1017,90.1509067,22.4913321,4800,0.4324650083966988,0.46153846153846156,0.5159236584204361,0.48717948717948717,0.6016317990423886,0.5076923076923077,0.48547008547008547,0.06906408834474742
HH_023_to_029_1027,HH_023_to_029,1027,90.2106839,22.4923184,7200,0.3906436178782524,0.3435897435897436,0.4283523557237211,0.31794871794871793,0.45632891132459574,0.2564102564102564,0.30598290598290595,0.026913842676047555
HH_023_to_029_1033,HH_023_to_029,1033,90.1531898,22.4910196,4400,0.49765067979185834,0.5692307692307692,0.5619710837634033,0.5692307692307692,0.6416793485930037,0.558974358974359,0.5658119658119658,0.05891121312415684
HH_023_to_029_1041,HH_023_to_029,1041,90.196999,22.4916767,5600,0.6520794151660193,0.7897435897435897,0.7461143174105244,0.8205128205128205,0.8622444443532788,0.8205128205128205,0.8102564102564104,0.08595742403277692
HH_023_to_029_1043,HH_023_to_029,1043,90.2142411,22.4920039,4800,0.7171934378388952,0.8512820512820513,0.7795738781356717,0.8307692307692308,0.8717060722868386,0.8256410256410256,0.8358974358974359,0.06346811512245236
HH_023_to_029_1063,HH_023_to_029,1063,90.1725666,22.4907131,9200,0.5782089272238503,0.6974358974358974,0.6322869241844021,0.676923076923077,0.7196090413507332,0.6974358974358974,0.6905982905982905,0.05825573331514859
HH_023_to_029_1074,HH_023_to_029,1074,90.1571648,22.4900888,7200,0.477498510460776,0.5230769230769231,0.5391112427229934,0.5282051282051282,0.5846276690090717,0.49230769230769234,0.5145299145299146,0.0438995449861734
HH_023_to_029_1076,HH_023_to_029,1076,90.1854392,22.4909629,4400,0.35479204117464613,0.2512820512820513,0.42394782787751123,0.2923076923076923,0.47562916977018355,0.30256410256410254,0.2820512820512821,0.04950319359118146
HH_023_to_029_1096,HH_023_to_029,1096,90.1658591,22.4900389,16000,0.3961814469236831,0.35384615384615387,0.5503790128022252,0.5435897435897435,0.7395755851241703,0.717948717948718,0.5384615384615384,0.140432572373797
HH_023_to_029_1101,HH_023_to_029,1101,90.1959828,22.4905809,9200,0.6121458221144217,0.7384615384615385,0.6652097078200754,0.717948717948718,0.7115774502175685,0.676923076923077,0.7111111111111112,0.04062346362013165
HH_023_to_029_1107,HH_023_to_029,1107,90.1689011,22.490115,4800,0.4655946065092597,0.5025641025641026,0.516950711779915,0.49743589743589745,0.5640697377373619,0.4564102564102564,0.48547008547008547,0.04021470657765381
HH_023_to_029_1110,HH_023_to_029,1110,90.1743353,22.4894224,25200,0.5551417225413112,0.6717948717948717,0.5982709289744822,0.6358974358974359,0.6567304086349823,0.5794871794871795,0.629059829059829,0.04163051812201924
HH_023_to_029_1114,HH_023_to_029,1114,90.208616,22.4904873,7200,0.6528352516173098,0.7948717948717948,0.7281941755402515,0.8102564102564103,0.805912956068247,0.7743589743589744,0.7931623931623931,0.0624961864272541
HH_023_to_029_1120,HH_023_to_029,1120,90.1608642,22.4896781,4400,0.4838620652692551,0.5333333333333333,0.5514379325128299,0.5538461538461539,0.6134087979951043,0.517948717948718,0.535042735042735,0.052903730137639826
HH_023_to_029_1129,HH_023_to_029,1129,90.1518232,22.489048,13200,0.26941715420884216,0.07692307692307693,0.33206875263248065,0.09230769230769231,0.39697878932399633,0.13333333333333333,0.10085470085470087,0.052079540023551696
HH_023_to_029_1143,HH_023_to_029,1143,90.2138634,22.4908149,6000,0.37243564982222016,0.2923076923076923,0.5167200884449973,0.49230769230769234,0.669961680736517,0.6,0.4615384615384615,0.1214828400814724
HH_023_to_029_1145,HH_023_to_029,1145,90.1535976,22.4889715,10000,0.8631377348709149,0.9179487179487179,0.975256496367051,0.9076923076923077,1.0568018696253099,0.9025641025641026,0.9094017094017094,0.07939077869026845
HH_023_to_029_1148,HH_023_to_029,1148,90.1722638,22.4897853,5200,0.2578894973736879,0.046153846153846156,0.3620893136770199,0.1641025641025641,0.45885386088791646,0.26666666666666666,0.15897435897435896,0.08206207319750701
HH_023_to_029_1161,HH_023_to_029,1161,90.1709871,22.489592,4000,0.7110000218079425,0.8461538461538461,0.8302778597749011,0.8564102564102564,0.9407028099364889,0.8512820512820513,0.8512820512820513,0.09379898312780312
HH_023_to_029_1165,HH_023_to_029,1165,90.1694352,22.4892634,5200,0.26908424935024466,0.07179487179487179,0.3067391746311087,0.035897435897435895,0.3438265914536059,0.015384615384615385,0.041025641025641026,0.03051372657886754
HH_023_to_029_1182,HH_023_to_029,1182,90.1766829,22.4889561,6800,0.45976669522291136,0.49230769230769234,0.49391889797931804,0.4461538461538462,0.5706513747920532,0.4717948717948718,0.47008547008547,0.04636768284781847
HH_023_to_029_1194,HH_023_to_029,1194,90.2062804,22.4891972,12000,0.6104542624077683,0.7333333333333333,0.6463161706197724,0.7025641025641025,0.6729898045815573,0.6205128205128205,0.6854700854700854,0.0256217209160579
HH_023_to_029_1218,HH_023_to_029,1218,90.2023592,22.4885583,11600,0.6548044044869977,0.8,0.7009413498434846,0.7538461538461538,0.7539834063741124,0.7333333333333333,0.7623931623931623,0.04052235583689861
HH_023_to_029_1253,HH_023_to_029,1253,90.1711765,22.4876036,6000,0.3598061500356606,0.2717948717948718,0.4243233074937763,0.29743589743589743,0.47528223838490147,0.29743589743589743,0.2888888888888889,0.047251106071102784
HH_023_to_029_1256,HH_023_to_029,1256,90.1795742,22.4876486,4000,0.4178488946187003,0.4256410256410256,0.4647730164723901,0.4153846153846154,0.5257930785929721,0.4,0.4136752136752137,0.044193096553409854
HH_023_to_029_1262,HH_023_to_029,1262,90.2109602,22.4883335,6000,0.31085267363228514,0.14358974358974358,0.3453286353830597,0.11794871794871795,0.40931290854815683,0.16923076923076924,0.14358974358974358,0.04079351393269834
HH_023_to_029_1271,HH_023_to_029,1271,90.1775739,22.4872232,11600,0.5514023682627182,0.6512820512820513,0.7055040510163753,0.764102564102564,0.9462134871992519,0.8615384615384616,0.7589743589743589,0.16246852034604697
HH_023_to_029_1278,HH_023_to_029,1278,90.1556296,22.4867897,6400,0.5751211511912359,0.6871794871794872,0.6454010358197342,0.6974358974358974,0.7255602340357078,0.7076923076923077,0.6974358974358975,0.06146062595869243
HH_023_to_029_1281,HH_023_to_029,1281,90.1695038,22.4868926,4400,0.6834123435372356,0.841025641025641,0.701925954655862,0.7589743589743589,0.7418759127905774,0.7230769230769231,0.7743589743589744,0.024396588744826003
HH_023_to_029_1295,HH_023_to_029,1295,90.2115697,22.487646,6000,0.5041086622781945,0.5846153846153846,0.6163493742340108,0.6564102564102564,0.8374159038807459,0.7948717948717948,0.6786324786324786,0.13846865078625836
HH_023_to_029_1307,HH_023_to_029,1307,90.1600789,22.486277,8000,0.7439999184458964,0.8615384615384616,0.8703142688373408,0.882051282051282,1.0257584473778318,0.8871794871794871,0.8769230769230769,0.11523216968982854
HH_023_to_029_1324,HH_023_to_029,1324,90.1952947,22.4867342,5600,0.8031814304355951,0.8923076923076924,0.8668729453219071,0.8769230769230769,1.03227460369716,0.8923076923076924,0.8871794871794871,0.09655050474397701
HH_023_to_029_1370,HH_023_to_029,1370,90.1751873,22.4855679,4000,0.26972295146244724,0.08717948717948718,0.3286734838471178,0.07692307692307693,0.3854028153135701,0.08717948717948718,0.08376068376068375,0.04722900852663545
HH_023_to_029_1371,HH_023_to_029,1371,90.1774231,22.4857966,4800,0.2976783081750824,0.12307692307692308,0.3182033156058565,0.06153846153846154,0.3462043671573036,0.03076923076923077,0.0717948717948718,0.019888894775075265
HH_023_to_029_1376,HH_023_to_029,1376,90.2097673,22.4861813,10800,0.3905681122929725,0.3384615384615385,0.448658561368359,0.36923076923076925,0.5102690159444039,0.37948717948717947,0.36239316239316244,0.048874731851286254
HH_023_to_029_1390,HH_023_to_029,1390,90.2062765,22.4855238,8400,0.45818659978843085,0.48717948717948717,0.4938974844056057,0.441025641025641,0.5473834049294435,0.4358974358974359,0.4547008547008547,0.036654666251056775
HH_023_to_029_1405,HH_023_to_029,1405,90.2183989,22.4861574,4000,0.2696945671571576,0.08205128205128205,0.33098947918479293,0.08717948717948718,0.3906374869942522,0.1076923076923077,0.09230769230769231,0.04937626615516897
HH_023_to_029_1406,HH_023_to_029,1406,90.1508658,22.484634,6000,0.5075064261141417,0.6,0.5695181870549868,0.5846153846153846,0.6488788407944716,0.5692307692307692,0.5846153846153846,0.05785972643624126
HH_023_to_029_1413,HH_023_to_029,1413,90.2143675,22.4856889,4400,0.598114130443764,0.7128205128205128,0.7106684320966627,0.7743589743589744,0.8597268732001649,0.8153846153846154,0.7675213675213675,0.10714897047118027
HH_023_to_029_1453,HH_023_to_029,1453,90.1706977,22.4842653,7600,0.4553724822608111,0.48205128205128206,0.514461794768871,0.4717948717948718,0.5619887316934089,0.4512820512820513,0.4683760683760683,0.043611136739214365
HH_023_to_029_1461,HH_023_to_029,1461,90.2043445,22.484749,5200,0.3022969476265999,0.1282051282051282,0.3535586850791642,0.14358974358974358,0.40189917995940605,0.14358974358974358,0.13846153846153844,0.040668270265651424
HH_023_to_029_1464,HH_023_to_029,1464,90.2138756,22.4846793,4400,0.3130347164232405,0.14871794871794872,0.34549505931293584,0.12307692307692308,0.38420090287156744,0.07692307692307693,0.11623931623931626,0.029090743620799716
HH_023_to_029_1470,HH_023_to_029,1470,90.180585,22.4842122,7200,0.802968386934094,0.8871794871794871,0.9464105724869277,0.9025641025641026,1.0996182416307714,0.9076923076923077,0.8991452991452991,0.1211286674813297
HH_023_to_029_1492,HH_023_to_029,1492,90.2177394,22.4846476,4800,0.5968333251322228,0.7076923076923077,0.7107523741439165,0.7794871794871795,0.826552019450955,0.7846153846153846,0.7572649572649572,0.09378331177090432
HH_023_to_029_1501,HH_023_to_029,1501,90.2082221,22.4843024,7200,0.3934216222039055,0.3487179487179487,0.44956804540269213,0.37948717948717947,0.49210829825442454,0.358974358974359,0.3623931623931624,0.040416105124080684
HH_023_to_029_1505,HH_023_to_029,1505,90.16235,22.4835009,5200,0.5079077777948154,0.6051282051282051,0.6209262768383839,0.6666666666666666,0.7104635073017178,0.6717948717948717,0.6478632478632478,0.08287803644256665
HH_023_to_029_1525,HH_023_to_029,1525,90.1991607,22.4835584,11200,0.35307820625695063,0.2358974358974359,0.39955535097828687,0.24102564102564103,0.46923060795597693,0.28717948717948716,0.2547008547008547,0.0477332249030509
HH_023_to_029_1536,HH_023_to_029,1536,90.1976151,22.4835072,5200,1.1345897487822072,0.9435897435897436,1.3314159643727013,0.9435897435897436,1.4774001568946864,0.9487179487179487,0.9452991452991452,0.14046388207974644
HH_023_to_029_1552,HH_023_to_029,1552,90.1543896,22.4824414,4400,0.4045751211342601,0.37948717948717947,0.45073708619519054,0.38461538461538464,0.5148406399068892,0.38974358974358975,0.3846153846153846,0.04521390794748427
HH_023_to_029_1564,HH_023_to_029,1564,90.164588,22.4822465,7200,0.27172502823111194,0.09230769230769231,0.38404205028484917,0.2205128205128205,0.4742853210402391,0.2923076923076923,0.20170940170940174,0.08285840236516596
HH_023_to_029_1566,HH_023_to_029,1566,90.1807522,22.4825931,4400,0.3142114350181314,0.15897435897435896,0.3548705034003888,0.14871794871794872,0.3981647363920571,0.13846153846153847,0.14871794871794872,0.034279419260657015
HH_023_to_029_1570,HH_023_to_029,1570,90.208848,22.4830591,7600,0.3156091550066267,0.1641025641025641,0.35334958686019474,0.13846153846153847,0.40837843652696315,0.1641025641025641,0.15555555555555556,0.03809148940517503
HH_023_to_029_1582,HH_023_to_029,1582,90.2178366,22.4832953,7200,0.3312563363651258,0.21025641025641026,0.38396150833049547,0.2153846153846154,0.42243451922460085,0.20512820512820512,0.21025641025641026,0.03737418709441199
HH_023_to_029_1598,HH_023_to_029,1598,90.1724785,22.4821654,5200,0.36527892963586783,0.27692307692307694,0.4085301650342964,0.2564102564102564,0.4774214721664998,0.3076923076923077,0.28034188034188035,0.04617915764487081
HH_023_to_029_1628,HH_023_to_029,1628,90.1614775,22.4815178,4000,1.1219887028605389,0.9384615384615385,1.2563456872887209,0.9333333333333333,1.3443889260673487,0.9282051282051282,0.9333333333333332,0.091448388869657
HH_023_to_029_1640,HH_023_to_029,1640,90.2182324,22.4821097,7600,0.7962159231366662,0.882051282051282,0.8592659537967222,0.8666666666666667,0.9697978302583075,0.8769230769230769,0.8752136752136752,0.07174281269486878
HH_023_to_029_1644,HH_023_to_029,1644,90.176924,22.481525,4400,0.49102102386868623,0.5538461538461539,0.5679755765331628,0.5794871794871795,0.6459677776281836,0.5641025641025641,0.5658119658119658,0.06325722014832436
HH_023_to_029_1653,HH_023_to_029,1653,90.1711812,22.4810025,4000,1.0352431470663912,0.9282051282051282,1.169219237814293,0.9282051282051282,1.2928464053853854,0.9230769230769231,0.9264957264957264,0.10519437466492601
HH_023_to_029_1659,HH_023_to_029,1659,90.1997243,22.4817565,5600,0.29068253884855383,0.11282051282051282,0.35593107934178286,0.15384615384615385,0.4159655600438963,0.2,0.15555555555555556,0.05116134207854556
HH_023_to_029_1704,HH_023_to_029,1704,90.1672148,22.4802288,4000,0.36957930923906285,0.28205128205128205,0.40849745251330366,0.2512820512820513,0.4630400350138638,0.2717948717948718,0.26837606837606837,0.038332496286654305
HH_023_to_029_1728,HH_023_to_029,1728,90.1568306,22.4795073,4800,0.3187693343631051,0.16923076923076924,0.33979500143367186,0.09743589743589744,0.3865618733148705,0.09230769230769231,0.11965811965811966,0.028333426115223367
HH_023_to_029_1754,HH_023_to_029,1754,90.1509674,22.4790803,6400,0.37771215144868847,0.3128205128205128,0.41728339207287873,0.2717948717948718,0.4529671861462142,0.24615384615384617,0.2769230769230769,0.03073639986749618
HH_023_to_029_1755,HH_023_to_029,1755,90.154537,22.4785472,12400,0.5136927614777439,0.6102564102564103,0.5471803366325536,0.5384615384615384,0.6697767622894438,0.5948717948717949,0.5811965811965812,0.06709323246463435
HH_023_to_029_1781,HH_023_to_029,1781,90.2074362,22.4796853,4000,0.598215220568577,0.717948717948718,0.6695300533745081,0.7230769230769231,0.7328218988832794,0.7128205128205128,0.717948717948718,0.0549854737715758
HH_023_to_029_1785,HH_023_to_029,1785,90.1569917,22.4784922,7200,0.564471421131142,0.676923076923077,0.6118546182067763,0.6410256410256411,0.6875298419055409,0.6410256410256411,0.652991452991453,0.0506790355192531
HH_023_to_029_1786,HH_023_to_029,1786,90.1647003,22.4790948,4400,2.0015461673627404,0.9846153846153847,2.286589683513454,0.9948717948717949,2.60394316169167,0.9948717948717949,0.9914529914529915,0.24604542827785592
HH_023_to_029_1789,HH_023_to_029,1789,90.1774182,22.4793367,6000,0.4398867537199866,0.4666666666666667,0.4576643625027235,0.4,0.5741420521513921,0.48717948717948717,0.4512820512820513,0.05954231055572478
HH_023_to_029_1808,HH_023_to_029,1808,90.2175404,22.4798662,6000,0.5546570527182567,0.6615384615384615,0.5944601349750681,0.6153846153846154,0.6350385659001445,0.5538461538461539,0.6102564102564102,0.032816124212367334
HH_023_to_029_1816,HH_023_to_029,1816,90.2081979,22.4791452,9200,0.5396420242757288,0.6358974358974359,0.5981995003682127,0.6307692307692307,0.6731670379929662,0.6256410256410256,0.6307692307692307,0.054648410561443775
HH_023_to_029_1848,HH_023_to_029,1848,90.1555007,22.4775231,7200,0.4037512005657,0.37435897435897436,0.44382837396633407,0.358974358974359,0.5324562922248229,0.4153846153846154,0.38290598290598293,0.05377534373215326
HH_023_to_029_1857,HH_023_to_029,1857,90.1794327,22.4779913,4400,0.7690013525714315,0.8769230769230769,0.8598194671447313,0.8717948717948718,1.0238635781463343,0.882051282051282,0.8769230769230769,0.1054688760377244
HH_023_to_029_1866,HH_023_to_029,1866,90.1808369,22.4776375,7200,0.40369059570454163,0.36923076923076925,0.4576864544957865,0.41025641025641024,0.5501638672476397,0.441025641025641,0.4068376068376069,0.06048144243615263
HH_023_to_029_1869,HH_023_to_029,1869,90.1932339,22.4781491,5600,0.42852651389849106,0.4564102564102564,0.4779369719994033,0.4256410256410256,0.5282302746813813,0.41025641025641024,0.43076923076923074,0.04070442178908666
HH_023_to_029_1887,HH_023_to_029,1887,90.1611216,22.4770617,8000,0.4032071236334745,0.3641025641025641,0.5114712449446094,0.46153846153846156,0.6770243151514999,0.6307692307692307,0.48547008547008547,0.112598003430601
HH_023_to_029_1889,HH_023_to_029,1889,90.1829699,22.4776555,5200,0.4055056185645272,0.38974358974358975,0.489169035794221,0.4307692307692308,0.5696715910679983,0.4666666666666667,0.42905982905982903,0.06702461845899758
HH_023_to_029_1902,HH_023_to_029,1902,90.1744236,22.4772594,4800,0.8233339898663194,0.9076923076923077,0.8745527774889789,0.8871794871794871,0.9318687769338628,0.8461538461538461,0.8803418803418803,0.0443324410959063
HH_023_to_029_1904,HH_023_to_029,1904,90.1948541,22.4775177,10800,0.3308846235963741,0.20512820512820512,0.35778122754826824,0.15897435897435896,0.39555387219005583,0.11794871794871795,0.16068376068376067,0.02652527453214558
HH_023_to_029_1905,HH_023_to_029,1905,90.1995842,22.4772718,14000,0.6650503054480451,0.8153846153846154,0.7155674037453338,0.7897435897435897,0.7660052310026935,0.7435897435897436,0.7829059829059829,0.04121468000679932
HH_023_to_029_1924,HH_023_to_029,1924,90.1717543,22.4766981,4000,0.6549685394851718,0.8051282051282052,0.8797632744755962,0.8923076923076924,1.0488437191095212,0.8974358974358975,0.864957264957265,0.16133420342779647
HH_023_to_029_1925,HH_023_to_029,1925,90.1769576,22.4768254,4000,0.3216302159956676,0.18461538461538463,0.34299373682926004,0.10256410256410256,0.3924270645366079,0.11282051282051282,0.13333333333333333,0.0296502720129142
HH_023_to_029_1931,HH_023_to_029,1931,90.2126982,22.477219,6000,0.281585363687517,0.10256410256410256,0.3295101153526042,0.08205128205128205,0.38130930650922024,0.06666666666666667,0.08376068376068375,0.04072237004473948
HH_023_to_029_1933,HH_023_to_029,1933,90.1553133,22.4761281,5200,0.8191641784717252,0.9025641025641026,1.090347076518253,0.9230769230769231,1.3570073169857098,0.9333333333333333,0.9196581196581196,0.21957612946706828
HH_023_to_029_1950,HH_023_to_029,1950,90.1755488,22.4762524,6400,0.6324800734349392,0.7589743589743589,0.7104847506289367,0.7692307692307693,0.8486804894006815,0.8051282051282052,0.7777777777777777,0.08939637809129015
HH_023_to_029_1952,HH_023_to_029,1952,90.2191665,22.4769095,10000,0.32065475531748416,0.1794871794871795,0.366947731834809,0.18461538461538463,0.4289806990705463,0.2153846153846154,0.19316239316239317,0.04437922285246058
HH_023_to_029_1976,HH_023_to_029,1976,90.2143687,22.4767364,4800,0.48872421976860086,0.5435897435897435,0.5147522386938266,0.47692307692307695,0.5972724046758016,0.5025641025641026,0.5076923076923077,0.046271834497063166
HH_023_to_029_1978,HH_023_to_029,1978,90.21637,22.4767223,5200,0.25597583379285466,0.041025641025641026,0.3220863379863518,0.06666666666666667,0.3729433908586988,0.05641025641025641,0.0547008547008547,0.047886959483919134
HH_023_to_029_1980,HH_023_to_029,1980,90.1607959,22.4749889,7600,0.7203323895771492,0.8564102564102564,0.8203938913596414,0.8512820512820513,0.9060257998155821,0.8358974358974359,0.8478632478632478,0.0758852719503105
HH_023_to_029_1986,HH_023_to_029,1986,90.1961485,22.476007,7600,0.4062205840188191,0.39487179487179486,0.43362988691053844,0.3435897435897436,0.4866185152007623,0.3230769230769231,0.35384615384615387,0.03337146477560666
HH_023_to_029_1987,HH_023_to_029,1987,90.2026196,22.4762128,4400,0.5818753288353569,0.7025641025641025,0.6595061941741222,0.7128205128205128,0.750640348052042,0.7282051282051282,0.7145299145299145,0.06897150536231773
HH_023_to_029_1995,HH_023_to_029,1995,90.1734804,22.4754417,8800,0.4723956306424848,0.517948717948718,0.5151529430774885,0.48205128205128206,0.5601537651281476,0.4461538461538462,0.48205128205128206,0.03583101065387556
HH_023_to_029_2005,HH_023_to_029,2005,90.1508884,22.4749946,4000,0.42378306340813915,0.4461538461538462,0.457388143902093,0.39487179487179486,0.4907631382368538,0.3435897435897436,0.39487179487179486,0.027344554822386784
HH_023_to_029_2014,HH_023_to_029,2014,90.217745,22.4761087,4000,0.29345840574434795,0.11794871794871795,0.352687944023743,0.13333333333333333,0.4129400987574936,0.18974358974358974,0.147008547008547,0.04877879243202331
HH_023_to_029_2020,HH_023_to_029,2020,90.211825,22.47588,4000,1.2742535321607782,0.9487179487179487,1.3765622338285741,0.9487179487179487,1.4812125060085308,0.9538461538461539,0.9504273504273505,0.084492449866774
HH_023_to_029_2033,HH_023_to_029,2033,90.20006,22.4747777,16400,0.3323725936270782,0.2153846153846154,0.4092916608182618,0.26666666666666666,0.4665551149595162,0.28205128205128205,0.2547008547008547,0.054975343067879615
HH_023_to_029_2035,HH_023_to_029,2035,90.2064473,22.4757267,6000,0.7516025675529918,0.8666666666666667,0.8006427678390804,0.841025641025641,0.9117696050963223,0.841025641025641,0.8495726495726497,0.06700546836581811
HH_023_to_029_2036,HH_023_to_029,2036,90.2143436,22.4758874,6000,0.26850299309342396,0.06666666666666667,0.3075700057810722,0.041025641025641026,0.36394555202437984,0.041025641025641026,0.04957264957264957,0.039177254951561956
HH_023_to_029_2054,HH_023_to_029,2054,90.2051192,22.4749013,7200,0.3856773756270282,0.3333333333333333,0.4310189529802118,0.3282051282051282,0.4867072425414593,0.3282051282051282,0.3299145299145299,0.041317306354977726
HH_023_to_029_2058,HH_023_to_029,2058,90.190333,22.4748679,5200,0.3750149362939896,0.29743589743589743,0.4317045089130868,0.3384615384615385,0.48103529190056726,0.31794871794871793,0.31794871794871793,0.04331736833706285
HH_023_to_029_2068,HH_023_to_029,2068,90.1773685,22.4740222,12400,0.6014920771166808,0.7230769230769231,0.642081051033041,0.6923076923076923,0.7206267861308909,0.7025641025641025,0.7059829059829058,0.04945253189512487
HH_023_to_029_2085,HH_023_to_029,2085,90.2146402,22.4744935,8000,0.33081784629721417,0.2,0.36802880867362003,0.18974358974358974,0.41303636370402175,0.19487179487179487,0.19487179487179487,0.03361583676940653
HH_023_to_029_2088,HH_023_to_029,2088,90.1540396,22.4720556,29200,0.3534654177411937,0.24102564102564103,0.4219280693467734,0.28205128205128205,0.487180392985589,0.3333333333333333,0.2854700854700855,0.054594154153617916
HH_023_to_029_2096,HH_023_to_029,2096,90.165664,22.4733958,4000,0.4852862667795013,0.5384615384615384,0.5397407297474682,0.5333333333333333,0.6132356145611338,0.5128205128205128,0.5282051282051282,0.05242753965516894
HH_023_to_029_2115,HH_023_to_029,2115,90.1967136,22.4734773,5600,0.5319114931279922,0.6307692307692307,0.5964155417856064,0.6256410256410256,0.672820591287294,0.6153846153846154,0.6239316239316239,0.05759424915991268
HH_023_to_029_2137,HH_023_to_029,2137,90.1750455,22.4730972,6000,0.5178129881970335,0.6153846153846154,0.5884227024043097,0.6,0.6675197733967169,0.5897435897435898,0.6017094017094018,0.061150270204577244
HH_023_to_029_2152,HH_023_to_029,2152,90.2085867,22.4736576,5200,0.6782398246964677,0.8205128205128205,0.7658681091594303,0.8256410256410256,0.8462359231851474,0.8,0.8153846153846155,0.06860546696438534
HH_023_to_029_2157,HH_023_to_029,2157,90.1560216,22.4723624,4800,0.3836497358619993,0.3230769230769231,0.41866221213397353,0.27692307692307694,0.4493636154560458,0.2358974358974359,0.2786324786324787,0.026846815726638898
HH_023_to_029_2186,HH_023_to_029,2186,90.2035156,22.4728267,10400,1.291006293292033,0.958974358974359,1.3272768072518442,0.9384615384615385,1.4436462720559766,0.9384615384615385,0.9452991452991452,0.06511218151840052
HH_023_to_029_2228,HH_023_to_029,2228,90.1619441,22.4713659,4400,0.5770212821995416,0.6923076923076923,0.6416025970576023,0.6871794871794872,0.7163366292749305,0.6871794871794872,0.6888888888888888,0.05692557297910303
HH_023_to_029_2259,HH_023_to_029,2259,90.1886662,22.4715755,5200,0.35453017138503123,0.24615384615384617,0.424715414936653,0.30256410256410254,0.47948957870975295,0.3128205128205128,0.2871794871794872,0.05114362228990103
HH_023_to_029_2271,HH_023_to_029,2271,90.2033298,22.4715033,5600,0.24569385093556165,0.03076923076923077,0.3156620348973283,0.05641025641025641,0.3847620108953847,0.08205128205128205,0.05641025641025641,0.05677470736208209
HH_023_to_029_2272,HH_023_to_029,2272,90.2141327,22.4710817,14000,0.3762302307780579,0.3076923076923077,0.40696261238777776,0.24615384615384617,0.4642784146215343,0.27692307692307694,0.27692307692307694,0.03648753690301382
HH_023_to_029_2276,HH_023_to_029,2276,90.1593647,22.4705655,4400,0.35023538883537436,0.22564102564102564,0.3692691198392601,0.19487179487179487,0.386703666128783,0.09743589743589744,0.17264957264957267,0.014892882599113281
HH_023_to_029_2290,HH_023_to_029,2290,90.1567156,22.47039,5200,0.5514914510011845,0.6564102564102564,0.6241316441390422,0.6717948717948717,0.7067651143002276,0.6666666666666666,0.6649572649572649,0.06343395389807628
HH_023_to_029_2314,HH_023_to_029,2314,90.1747377,22.4705554,4800,0.38321438763400484,0.31794871794871793,0.44598108172826245,0.3641025641025641,0.5052455672980884,0.36923076923076925,0.35042735042735046,0.04982585891280203
HH_023_to_029_2315,HH_023_to_029,2315,90.1769594,22.4703536,4800,0.4715359705237454,0.5128205128205128,0.5213613495546308,0.5076923076923077,0.571561881279278,0.47692307692307695,0.49914529914529915,0.040835502804249024
HH_023_to_029_2321,HH_023_to_029,2321,90.2098926,22.4706012,21600,0.4231624593184078,0.4358974358974359,0.4964340584974657,0.4512820512820513,0.5671646748311598,0.46153846153846156,0.4495726495726496,0.05879170898253317
VV_025_to_026_19,VV_025_to_026,19,90.1674814,22.5090991,4000,0.551782166926759,0.1875,0.8044249149725058,0.25,1.0822648381485918,0.375,0.2708333333333333,0.21665006231690034
VV_025_to_026_87,VV_025_to_026,87,90.1923973,22.5082479,4800,1.9321710915530048,0.9375,2.329329692083621,0.9375,2.7195863786301153,0.9375,0.9375,0.3214650611207685
VV_025_to_026_207,VV_025_to_026,207,90.2196199,22.5057297,4000,3.81109741714616,1.0,4.483446108657541,1.0,4.991631428586377,1.0,1.0,0.483501767724606
VV_025_to_026_415,VV_025_to_026,415,90.1568177,22.4999362,4800,1.643253360630112,0.75,1.9560254594383188,0.75,2.2784737807791884,0.75,0.75,0.2593376794628973
VV_025_to_026_482,VV_025_to_026,482,90.151746,22.4985678,4000,0.44409206729406653,0.0625,0.6245602866201597,0.0625,0.82487802130194,0.0625,0.0625,0.1555256019597407
VV_025_to_026_566,VV_025_to_026,566,90.1815711,22.4974318,4000,0.6762189132102874,0.3125,0.872647164393325,0.375,1.0823097069279166,0.4375,0.375,0.1658152158770285
VV_025_to_026_708,VV_025_to_026,708,90.21585,22.4952384,5200,0.8835009302916355,0.4375,0.9683239285135168,0.4375,1.0779232937198335,0.3125,0.3958333333333333,0.07958714111796872
VV_025_to_026_854,VV_025_to_026,854,90.1736014,22.4909558,4000,0.5741946255643143,0.25,0.782965634576902,0.1875,1.0482482881863664,0.25,0.22916666666666666,0.19398943142907882
VV_025_to_026_877,VV_025_to_026,877,90.2143571,22.4914985,4400,1.3422556410719233,0.625,1.4460628535886983,0.625,1.6109987717136147,0.625,0.625,0.11065595566906626
VV_025_to_026_935,VV_025_to_026,935,90.160373,22.488652,4400,0.6870221628725811,0.375,0.8406429933943492,0.3125,1.0415750859411514,0.1875,0.2916666666666667,0.1451745465300696
VV_025_to_026_1053,VV_025_to_026,1053,90.1983754,22.4868634,6000,1.5456843923467252,0.6875,1.6993683392851948,0.6875,1.824569997807479,0.6875,0.6875,0.11405232316623036
VV_025_to_026_1135,VV_025_to_026,1135,90.1586449,22.4841993,10400,1.752406361763409,0.8125,2.105738386109514,0.8125,2.641319029401787,0.875,0.8333333333333334,0.3654306250600271
VV_025_to_026_1265,VV_025_to_026,1265,90.1589609,22.4818998,5200,1.2508966201717084,0.5625,1.352757343556371,0.5625,1.4546968332679815,0.5625,0.5625,0.08320109066405626
VV_025_to_026_1298,VV_025_to_026,1298,90.1939619,22.4816384,5200,0.8945355192083365,0.5,0.9753870834351008,0.5,1.177942578581062,0.5,0.5,0.11920349796975835
VV_025_to_026_1354,VV_025_to_026,1354,90.1610285,22.4797227,4000,1.7726230932722897,0.875,2.1300844558137704,0.875,2.4894073501162466,0.8125,0.8541666666666666,0.29262627643449624
VV_025_to_026_1422,VV_025_to_026,1422,90.1512561,22.4779075,4000,0.45487235006175636,0.125,0.66110710025431,0.125,0.9158822966400431,0.125,0.125,0.18855395447236156
