comparison,region_id,pixels,area_m2,lon,lat,mean_change,min_change,max_change
HH_023_to_029,22,23,9200,90.1669106,22.5087995,-0.2956747,-0.54747474,-0.20179284
HH_023_to_029,28,10,4000,90.1568007,22.5088386,-0.27935025,-0.39376605,-0.2011227
HH_023_to_029,30,15,6000,90.1686859,22.5087894,-0.31146324,-0.43404827,-0.20910087
HH_023_to_029,32,31,12400,90.1764770,22.5086731,-0.32181627,-0.49910235,-0.20952418
HH_023_to_029,45,12,4800,90.2043415,22.5092983,-0.264753,-0.36418542,-0.20931888
HH_023_to_029,49,10,4000,90.2188020,22.5097053,-0.29487163,-0.4151908,-0.2040858
HH_023_to_029,53,13,5200,90.1616915,22.5084431,-0.29826486,-0.3963899,-0.23432389
HH_023_to_029,86,11,4400,90.1864670,22.5082456,-0.2945431,-0.42596343,-0.20194982
HH_023_to_029,107,15,6000,90.1812771,22.5074579,-0.3436105,-0.5069212,-0.21962476
HH_023_to_029,109,40,16000,90.2053519,22.5077663,-0.31531873,-0.5195894,-0.20138153
HH_023_to_029,125,11,4400,90.1688461,22.5070504,-0.3328055,-0.55648065,-0.23451853
HH_023_to_029,167,10,4000,90.1647630,22.5061629,-0.28814346,-0.39250302,-0.20999625
HH_023_to_029,175,12,4800,90.1586041,22.5060001,-0.29180196,-0.3765499,-0.20930052
HH_023_to_029,185,21,8400,90.1550589,22.5057484,-0.31891373,-0.57622886,-0.21723062
HH_023_to_029,186,20,8000,90.1629971,22.5055812,-0.2807445,-0.40084225,-0.21392816
HH_023_to_029,188,21,8400,90.1662475,22.5055933,-0.3179445,-0.56900764,-0.20206738
HH_023_to_029,200,11,4400,90.1789003,22.5059797,-0.26298323,-0.36063048,-0.20575333
HH_023_to_029,217,13,5200,90.2132106,22.5061355,-0.26093075,-0.36126846,-0.2104547
HH_023_to_029,224,14,5600,90.2040889,22.5062164,-0.2935324,-0.48771507,-0.20214117
HH_023_to_029,233,18,7200,90.2029275,22.5055429,-0.2762442,-0.40365806,-0.20535073
HH_023_to_029,235,46,18400,90.2181726,22.5053217,-0.33934373,-0.5983775,-0.20189926
HH_023_to_029,246,18,7200,90.1515533,22.5042809,-0.3442923,-0.47544175,-0.2077547
HH_023_to_029,250,10,4000,90.1680281,22.5051553,-0.30130425,-0.5091536,-0.20204383
HH_023_to_029,265,13,5200,90.2193002,22.5057964,-0.3154619,-0.45220292,-0.21245381
HH_023_to_029,294,13,5200,90.1781375,22.5044691,-0.35614893,-0.6260821,-0.20068146
HH_023_to_029,296,49,19600,90.1965035,22.5039642,-0.30314806,-0.48182678,-0.20124754
HH_023_to_029,300,16,6400,90.2162528,22.5049314,-0.27920067,-0.41763848,-0.21464583
HH_023_to_029,305,25,10000,90.1590704,22.5036905,-0.33699086,-0.49090108,-0.20729794
HH_023_to_029,310,10,4000,90.1828304,22.5043138,-0.28415295,-0.35401145,-0.21844971
HH_023_to_029,342,23,9200,90.1800791,22.5030263,-0.27775413,-0.49065673,-0.21203828
HH_023_to_029,346,13,5200,90.1935762,22.5037114,-0.28972325,-0.36174607,-0.2099173
HH_023_to_029,362,15,6000,90.1786081,22.5030304,-0.30693,-0.48721772,-0.20579481
HH_023_to_029,370,49,19600,90.1562913,22.5019768,-0.30521268,-0.48947254,-0.20181641
HH_023_to_029,374,10,4000,90.1706414,22.5027642,-0.28862956,-0.4722939,-0.20411476
HH_023_to_029,388,16,6400,90.1508104,22.5021504,-0.29056424,-0.5038748,-0.20478794
HH_023_to_029,389,12,4800,90.1526745,22.5022398,-0.31617385,-0.42516088,-0.20630044
HH_023_to_029,393,17,6800,90.1814727,22.5023988,-0.30445117,-0.49125957,-0.20188874
HH_023_to_029,398,12,4800,90.1582508,22.5019021,-0.32433298,-0.5333519,-0.20920604
HH_023_to_029,402,11,4400,90.1981687,22.5025580,-0.24938741,-0.31349832,-0.20045665
HH_023_to_029,432,12,4800,90.1619613,22.5017569,-0.28528386,-0.40088102,-0.20231588
HH_023_to_029,478,64,25600,90.1545898,22.4993345,-0.2911474,-0.5305618,-0.2005302
HH_023_to_029,480,15,6000,90.1723173,22.5009222,-0.30368865,-0.52411765,-0.20392129
HH_023_to_029,488,13,5200,90.1594935,22.5004474,-0.29233804,-0.42921367,-0.20003083
HH_023_to_029,495,21,8400,90.2159962,22.5013723,-0.31869796,-0.51331806,-0.20967779
HH_023_to_029,508,13,5200,90.2120705,22.5011304,-0.37567884,-0.59167355,-0.2650462
HH_023_to_029,556,11,4400,90.1656137,22.4992639,-0.2763108,-0.3634099,-0.21335036
HH_023_to_029,557,10,4000,90.1696419,22.4993708,-0.31929922,-0.56821406,-0.22632778
HH_023_to_029,562,14,5600,90.2147481,22.4999408,-0.2714463,-0.40912753,-0.20439056
HH_023_to_029,579,16,6400,90.1668833,22.4987672,-0.29103798,-0.51379853,-0.21329063
HH_023_to_029,580,25,10000,90.1757119,22.4989503,-0.33089912,-0.45316517,-0.2065058
HH_023_to_029,605,13,5200,90.1829146,22.4988315,-0.26273033,-0.39779705,-0.21136501
HH_023_to_029,608,13,5200,90.2138264,22.4992722,-0.25850797,-0.34346956,-0.20654589
HH_023_to_029,619,51,20400,90.1567248,22.4974470,-0.31730622,-0.5772485,-0.20060903
HH_023_to_029,623,58,23200,90.1771166,22.4972125,-0.31372812,-0.57101464,-0.20021555
HH_023_to_029,624,13,5200,90.1808003,22.4984473,-0.31409824,-0.5427209,-0.20179653
HH_023_to_029,626,11,4400,90.1883716,22.4987931,-0.25528118,-0.31926557,-0.20890078
HH_023_to_029,649,34,13600,90.1585708,22.4973345,-0.32431144,-0.5454187,-0.20315668
HH_023_to_029,651,21,8400,90.1698473,22.4978254,-0.3214026,-0.4550979,-0.22074226
HH_023_to_029,704,75,30000,90.1517413,22.4953797,-0.3107807,-0.5845155,-0.20009875
HH_023_to_029,707,15,6000,90.1642214,22.4965195,-0.2663463,-0.3784796,-0.20760843
HH_023_to_029,750,24,9600,90.1820168,22.4963700,-0.3498659,-0.54732376,-0.21231389
HH_023_to_029,765,11,4400,90.1612043,22.4955101,-0.28014863,-0.3582201,-0.2003729
HH_023_to_029,779,14,5600,90.1757725,22.4955611,-0.2998485,-0.3973887,-0.20060584
HH_023_to_029,822,28,11200,90.1739825,22.4945304,-0.30386394,-0.5139087,-0.20297053
HH_023_to_029,847,12,4800,90.2115065,22.4951609,-0.26194432,-0.3345267,-0.20901188
HH_023_to_029,854,12,4800,90.1785640,22.4941959,-0.28245538,-0.39242,-0.22615612
HH_023_to_029,881,10,4000,90.2094121,22.4944868,-0.28548115,-0.39487994,-0.21185279
HH_023_to_029,883,11,4400,90.2162711,22.4946990,-0.27119568,-0.4040643,-0.21148488
HH_023_to_029,892,12,4800,90.1503478,22.4933230,-0.27061966,-0.378833,-0.21299633
HH_023_to_029,900,10,4000,90.1970033,22.4942171,-0.36633366,-0.44441968,-0.23922318
HH_023_to_029,902,10,4000,90.2059977,22.4942470,-0.2661012,-0.37371248,-0.20174628
HH_023_to_029,935,17,6800,90.2042145,22.4933548,-0.32350662,-0.5295293,-0.22229812
HH_023_to_029,942,11,4400,90.1710755,22.4929759,-0.28384435,-0.38213888,-0.20000291
HH_023_to_029,970,18,7200,90.1977177,22.4930461,-0.29962128,-0.47772908,-0.20219174
HH_023_to_029,972,10,4000,90.1522077,22.4921494,-0.3095622,-0.45875135,-0.22438708
HH_023_to_029,982,24,9600,90.2163498,22.4930107,-0.3351406,-0.529215,-0.20973957
HH_023_to_029,996,34,13600,90.2121568,22.4922235,-0.29752988,-0.50406134,-0.20628044
HH_023_to_029,997,16,6400,90.2178163,22.4929420,-0.29555535,-0.39619592,-0.21253619
HH_023_to_029,1015,10,4000,90.2021850,22.4925561,-0.23572719,-0.29198593,-0.219961
HH_023_to_029,1017,12,4800,90.1509067,22.4913321,-0.2725241,-0.38527274,-0.20462173
HH_023_to_029,1027,18,7200,90.2106839,22.4923184,-0.31103823,-0.46483442,-0.20320876
HH_023_to_029,1033,11,4400,90.1531898,22.4910196,-0.29475108,-0.4177843,-0.20699081
HH_023_to_029,1041,14,5600,90.1969990,22.4916767,-0.3065863,-0.5071393,-0.21730657
HH_023_to_029,1043,12,4800,90.2142411,22.4920039,-0.28237113,-0.44596946,-0.20772499
HH_023_to_029,1063,23,9200,90.1725666,22.4907131,-0.3138022,-0.41060108,-0.20018688
HH_023_to_029,1074,18,7200,90.1571648,22.4900888,-0.2996642,-0.4235214,-0.2159864
HH_023_to_029,1076,11,4400,90.1854392,22.4909629,-0.34006518,-0.45873472,-0.26257205
HH_023_to_029,1096,40,16000,90.1658591,22.4900389,-0.2942507,-0.4635652,-0.20293811
HH_023_to_029,1101,23,9200,90.1959828,22.4905809,-0.33212778,-0.48654377,-0.21848664
HH_023_to_029,1107,12,4800,90.1689011,22.4901150,-0.31227112,-0.44864923,-0.20627192
HH_023_to_029,1110,63,25200,90.1743353,22.4894224,-0.31308836,-0.55007625,-0.20182443
HH_023_to_029,1114,18,7200,90.2086160,22.4904873,-0.29525235,-0.4870542,-0.20458463
HH_023_to_029,1120,11,4400,90.1608642,22.4896781,-0.2701851,-0.40309685,-0.20164469
HH_023_to_029,1129,33,13200,90.1518232,22.4890480,-0.286401,-0.4718529,-0.20094234
HH_023_to_029,1143,15,6000,90.2138634,22.4908149,-0.26796335,-0.40448028,-0.20727277
HH_023_to_029,1145,25,10000,90.1535976,22.4889715,-0.3262542,-0.531982,-0.20052823
HH_023_to_029,1148,13,5200,90.1722638,22.4897853,-0.34671623,-0.53377503,-0.23491058
HH_023_to_029,1161,10,4000,90.1709871,22.4895920,-0.28003037,-0.4148537,-0.21777624
HH_023_to_029,1165,13,5200,90.1694352,22.4892634,-0.33911008,-0.54434896,-0.21426404
HH_023_to_029,1182,17,6800,90.1766829,22.4889561,-0.34593976,-0.5708301,-0.20379537
HH_023_to_029,1194,30,12000,90.2062804,22.4891972,-0.2778667,-0.448299,-0.20625708
HH_023_to_029,1218,29,11600,90.2023592,22.4885583,-0.3032978,-0.51410544,-0.20124972
HH_023_to_029,1253,15,6000,90.1711765,22.4876036,-0.27883974,-0.35726535,-0.21014476
HH_023_to_029,1256,10,4000,90.1795742,22.4876486,-0.31901675,-0.47492626,-0.23508334
HH_023_to_029,1262,15,6000,90.2109602,22.4883335,-0.24632247,-0.3100646,-0.20111394
HH_023_to_029,1271,29,11600,90.1775739,22.4872232,-0.2820021,-0.4261978,-0.2012428
HH_023_to_029,1278,16,6400,90.1556296,22.4867897,-0.34035212,-0.5648879,-0.20289585
HH_023_to_029,1281,11,4400,90.1695038,22.4868926,-0.28874376,-0.3581568,-0.22101954
HH_023_to_029,1295,15,6000,90.2115697,22.4876460,-0.27176636,-0.39279747,-0.21160989
HH_023_to_029,1307,20,8000,90.1600789,22.4862770,-0.28532076,-0.40176275,-0.20005578
HH_023_to_029,1324,14,5600,90.1952947,22.4867342,-0.25499186,-0.35902587,-0.20367706
HH_023_to_029,1370,10,4000,90.1751873,22.4855679,-0.3338231,-0.5409478,-0.21215296
HH_023_to_029,1371,12,4800,90.1774231,22.4857966,-0.29747486,-0.5074983,-0.2091856
HH_023_to_029,1376,27,10800,90.2097673,22.4861813,-0.26992527,-0.43944913,-0.20018983
HH_023_to_029,1390,21,8400,90.2062765,22.4855238,-0.28937373,-0.53024745,-0.20032582
HH_023_to_029,1405,10,4000,90.2183989,22.4861574,-0.35661513,-0.51891416,-0.23716812
HH_023_to_029,1406,15,6000,90.1508658,22.4846340,-0.2937501,-0.4019111,-0.22766525
HH_023_to_029,1413,11,4400,90.2143675,22.4856889,-0.27186638,-0.3797421,-0.2067714
HH_023_to_029,1453,19,7600,90.1706977,22.4842653,-0.28248176,-0.3932278,-0.2170747
HH_023_to_029,1461,13,5200,90.2043445,22.4847490,-0.33340663,-0.52583885,-0.21067908
HH_023_to_029,1464,11,4400,90.2138756,22.4846793,-0.2560585,-0.31958565,-0.21976724
HH_023_to_029,1470,18,7200,90.1805850,22.4842122,-0.30014116,-0.43093565,-0.21503042
HH_023_to_029,1492,12,4800,90.2177394,22.4846476,-0.2790325,-0.3702683,-0.20560871
HH_023_to_029,1501,18,7200,90.2082221,22.4843024,-0.30206686,-0.56861186,-0.21742362
HH_023_to_029,1505,13,5200,90.1623500,22.4835009,-0.24746254,-0.31807384,-0.20215261
HH_023_to_029,1525,28,11200,90.1991607,22.4835584,-0.2916741,-0.4186345,-0.20237513
HH_023_to_029,1536,13,5200,90.1976151,22.4835072,-0.27042386,-0.3302282,-0.21054795
HH_023_to_029,1552,11,4400,90.1543896,22.4824414,-0.3294071,-0.43768978,-0.22778523
HH_023_to_029,1564,18,7200,90.1645880,22.4822465,-0.30124715,-0.38787207,-0.21072078
HH_023_to_029,1566,11,4400,90.1807522,22.4825931,-0.29717013,-0.46260786,-0.20153467
HH_023_to_029,1570,19,7600,90.2088480,22.4830591,-0.28315037,-0.36925265,-0.20520543
HH_023_to_029,1582,18,7200,90.2178366,22.4832953,-0.36755314,-0.5264123,-0.21653688
HH_023_to_029,1598,13,5200,90.1724785,22.4821654,-0.25400016,-0.38937765,-0.21301904
HH_023_to_029,1628,10,4000,90.1614775,22.4815178,-0.3152384,-0.40801585,-0.21537423
HH_023_to_029,1640,19,7600,90.2182324,22.4821097,-0.32185107,-0.5647504,-0.202241
HH_023_to_029,1644,11,4400,90.1769240,22.4815250,-0.2788056,-0.38959473,-0.20513502
HH_023_to_029,1653,10,4000,90.1711812,22.4810025,-0.26117247,-0.38293156,-0.20161483
HH_023_to_029,1659,14,5600,90.1997243,22.4817565,-0.2898517,-0.41906178,-0.20599192
HH_023_to_029,1704,10,4000,90.1672148,22.4802288,-0.31531784,-0.4664788,-0.20659605
HH_023_to_029,1728,12,4800,90.1568306,22.4795073,-0.31962493,-0.53246444,-0.21327081
HH_023_to_029,1754,16,6400,90.1509674,22.4790803,-0.27134958,-0.41082513,-0.20155446
HH_023_to_029,1755,31,12400,90.1545370,22.4785472,-0.28986123,-0.46020025,-0.2004619
HH_023_to_029,1781,10,4000,90.2074362,22.4796853,-0.29906875,-0.39205593,-0.20023817
HH_023_to_029,1785,18,7200,90.1569917,22.4784922,-0.34149015,-0.52263176,-0.24199381
HH_023_to_029,1786,11,4400,90.1647003,22.4790948,-0.30959058,-0.43591607,-0.23035353
HH_023_to_029,1789,15,6000,90.1774182,22.4793367,-0.29274306,-0.37320226,-0.21132135
HH_023_to_029,1808,15,6000,90.2175404,22.4798662,-0.30426103,-0.5175005,-0.20170388
HH_023_to_029,1816,23,9200,90.2081979,22.4791452,-0.30555642,-0.48167235,-0.21107143
HH_023_to_029,1848,18,7200,90.1555007,22.4775231,-0.29651806,-0.4640444,-0.20053193
HH_023_to_029,1857,11,4400,90.1794327,22.4779913,-0.2828051,-0.37227577,-0.2038978
HH_023_to_029,1866,18,7200,90.1808369,22.4776375,-0.2543079,-0.34077322,-0.20123005
HH_023_to_029,1869,14,5600,90.1932339,22.4781491,-0.36073938,-0.58991694,-0.22423324
HH_023_to_029,1887,20,8000,90.1611216,22.4770617,-0.29625762,-0.40933418,-0.21427399
HH_023_to_029,1889,13,5200,90.1829699,22.4776555,-0.2755814,-0.35652363,-0.22095248
HH_023_to_029,1902,12,4800,90.1744236,22.4772594,-0.47128645,-0.71592766,-0.22236821
HH_023_to_029,1904,27,10800,90.1948541,22.4775177,-0.30965313,-0.4869435,-0.20680892
HH_023_to_029,1905,35,14000,90.1995842,22.4772718,-0.2862903,-0.43700638,-0.20172086
HH_023_to_029,1924,10,4000,90.1717543,22.4766981,-0.25064358,-0.3093301,-0.20950893
HH_023_to_029,1925,10,4000,90.1769576,22.4768254,-0.32654503,-0.44200706,-0.22387543
HH_023_to_029,1931,15,6000,90.2126982,22.4772190,-0.27582142,-0.4139784,-0.20487335
HH_023_to_029,1933,13,5200,90.1553133,22.4761281,-0.2970975,-0.37143672,-0.2199279
HH_023_to_029,1950,16,6400,90.1755488,22.4762524,-0.28729832,-0.38148475,-0.2149773
HH_023_to_029,1952,25,10000,90.2191665,22.4769095,-0.31378797,-0.4794562,-0.20622256
HH_023_to_029,1976,12,4800,90.2143687,22.4767364,-0.29723606,-0.4405406,-0.21118045
HH_023_to_029,1978,13,5200,90.2163700,22.4767223,-0.2706111,-0.35848516,-0.20185511
HH_023_to_029,1980,19,7600,90.1607959,22.4749889,-0.30545482,-0.41871524,-0.20096582
HH_023_to_029,1986,19,7600,90.1961485,22.4760070,-0.32504317,-0.5271926,-0.20104244
HH_023_to_029,1987,11,4400,90.2026196,22.4762128,-0.2689877,-0.5387356,-0.20474859
HH_023_to_029,1995,22,8800,90.1734804,22.4754417,-0.31971076,-0.5326632,-0.20214361
HH_023_to_029,2005,10,4000,90.1508884,22.4749946,-0.28340575,-0.4408929,-0.20660856
HH_023_to_029,2014,10,4000,90.2177450,22.4761087,-0.2923327,-0.44470656,-0.20217124
HH_023_to_029,2020,10,4000,90.2118250,22.4758800,-0.2648033,-0.32638445,-0.21073213
HH_023_to_029,2033,41,16400,90.2000600,22.4747777,-0.29506856,-0.4612154,-0.2065081
HH_023_to_029,2035,15,6000,90.2064473,22.4757267,-0.3396611,-0.5098561,-0.20582241
HH_023_to_029,2036,15,6000,90.2143436,22.4758874,-0.29178995,-0.5067347,-0.20362991
HH_023_to_029,2054,18,7200,90.2051192,22.4749013,-0.29011762,-0.47263718,-0.21938759
HH_023_to_029,2058,13,5200,90.1903330,22.4748679,-0.27264124,-0.34330535,-0.2245915
HH_023_to_029,2068,31,12400,90.1773685,22.4740222,-0.2838179,-0.4791832,-0.20654926
HH_023_to_029,2085,20,8000,90.2146402,22.4744935,-0.2928161,-0.47803473,-0.21159604
HH_023_to_029,2088,73,29200,90.1540396,22.4720556,-0.29103112,-0.5223979,-0.20177525
HH_023_to_029,2096,10,4000,90.1656640,22.4733958,-0.27241075,-0.33094943,-0.20993747
HH_023_to_029,2115,14,5600,90.1967136,22.4734773,-0.3063397,-0.45384917,-0.20567903
HH_023_to_029,2137,15,6000,90.1750455,22.4730972,-0.29586977,-0.39661464,-0.2109049
HH_023_to_029,2152,13,5200,90.2085867,22.4736576,-0.36090633,-0.5175375,-0.2144796
HH_023_to_029,2157,12,4800,90.1560216,22.4723624,-0.32315248,-0.4909648,-0.21162891
HH_023_to_029,2186,26,10400,90.2035156,22.4728267,-0.31920198,-0.5300225,-0.20590022
HH_023_to_029,2228,11,4400,90.1619441,22.4713659,-0.30270815,-0.492032,-0.20186746
HH_023_to_029,2259,13,5200,90.1886662,22.4715755,-0.25713775,-0.3866982,-0.20087668
HH_023_to_029,2271,14,5600,90.2033298,22.4715033,-0.29883608,-0.4527763,-0.21003668
HH_023_to_029,2272,35,14000,90.2141327,22.4710817,-0.32028872,-0.55335534,-0.20343491
HH_023_to_029,2276,11,4400,90.1593647,22.4705655,-0.3199515,-0.47472456,-0.20402038
HH_023_to_029,2290,13,5200,90.1567156,22.4703900,-0.31552792,-0.42703414,-0.20539415
HH_023_to_029,2314,12,4800,90.1747377,22.4705554,-0.301137,-0.43451783,-0.23071054
HH_023_to_029,2315,12,4800,90.1769594,22.4703536,-0.30179682,-0.390084,-0.2022874
HH_023_to_029,2321,54,21600,90.2098926,22.4706012,-0.32278213,-0.54923606,-0.20484614
VV_025_to_026,19,10,4000,90.1674814,22.5090991,-0.26873875,-0.3808488,-0.2158809
VV_025_to_026,87,12,4800,90.1923973,22.5082479,-0.2971368,-0.4688848,-0.21884413
VV_025_to_026,207,10,4000,90.2196199,22.5057297,-0.24054666,-0.28778026,-0.21330525
VV_025_to_026,415,12,4800,90.1568177,22.4999362,-0.25954998,-0.37518278,-0.20161635
VV_025_to_026,482,10,4000,90.1517460,22.4985678,-0.24954386,-0.35161832,-0.20737472
VV_025_to_026,566,10,4000,90.1815711,22.4974318,-0.26369178,-0.31806445,-0.20426172
VV_025_to_026,708,13,5200,90.2158500,22.4952384,-0.2737005,-0.39122793,-0.20555535
VV_025_to_026,854,10,4000,90.1736014,22.4909558,-0.2540111,-0.3007763,-0.22570002
VV_025_to_026,877,11,4400,90.2143571,22.4914985,-0.33324698,-0.5066437,-0.20293528
VV_025_to_026,935,11,4400,90.1603730,22.4886520,-0.29592788,-0.34689122,-0.23162149
VV_025_to_026,1053,15,6000,90.1983754,22.4868634,-0.24888375,-0.3567862,-0.20026481
VV_025_to_026,1135,26,10400,90.1586449,22.4841993,-0.27352163,-0.45745713,-0.2011393
VV_025_to_026,1265,13,5200,90.1589609,22.4818998,-0.2530194,-0.35528392,-0.20424902
VV_025_to_026,1298,13,5200,90.1939619,22.4816384,-0.23207484,-0.25902393,-0.21093947
VV_025_to_026,1354,10,4000,90.1610285,22.4797227,-0.25364786,-0.33541757,-0.20635347
VV_025_to_026,1422,10,4000,90.1512561,22.4779075,-0.23272943,-0.26223806,-0.20587641
