limitation_id,category,issue,consequence,mitigation,current_status
L01,NISAR_measurement,NISAR GUNW observations are interferometric measurements over specific acquisition pairs.,A GUNW coherence or phase measurement should not be interpreted as a direct continuous time series unless the acquisition pairs form a valid connected temporal chain.,Treat the available GUNWs as a multi-observation temporal fingerprint and preserve each acquisition interval explicitly.,documented
L02,temporal_baseline,The selected NISAR comparisons have different temporal intervals and do not form one uniform temporal baseline.,Differences between comparison products cannot be interpreted as a simple like-for-like before/after physical-change measurement.,Interpret changes as comparison-specific coherence-change indicators and retain acquisition dates/intervals.,documented
L03,polarization,The selected NISAR GUNWs include both HH and VV measurements.,HH and VV coherence values should not be treated as directly interchangeable measurements of the same physical quantity.,Keep comparison types separate and perform comparison-aware anomaly analysis.,implemented
L04,Sentinel1_crosscheck,Sentinel-1 measurements were sampled around candidates that were already identified from NISAR.,"Sentinel-1 provides an independent radar observation source, but it is not an independent ground-truth sample of events.","Use Sentinel-1 as a cross-check and anomaly feature source, not as a ground-truth label.",documented
L05,optical_verification,Only six candidate regions received detailed optical verification.,Optical evidence is unavailable for most candidates and cannot be treated as negative evidence.,Store optical evidence separately and distinguish 'not tested' from 'tested but inconclusive'.,implemented
L06,optical_quality,The tested optical observations were dominated by high-aerosol conditions and had no valid pixels for the verification calculation.,NDWI/MNDWI could not provide a reliable verification signal for the tested candidates.,Mark the six cases as tested but inconclusive and do not interpret missing optical indices as evidence against change.,implemented
L07,rainfall_context,GPM IMERG rainfall has substantially coarser spatial resolution than the Sandhya AOI and candidate regions.,Rainfall can provide regional temporal context but cannot spatially discriminate individual candidate regions.,Retain rainfall as AOI-level environmental context only and do not construct a rainfall-based spatial score.,implemented
L08,rainfall_availability,The full 14-day rainfall window was unavailable for the GUNW_023 context date.,The GUNW_023 14-day rainfall value is missing for all candidate records.,Preserve the value as missing rather than replacing it with zero or an invented estimate.,documented
L09,candidate_selection,The 211 records are candidates selected from NISAR change detection rather than an unbiased sample of all locations in the AOI.,The candidate population should not be interpreted as representing the full spatial distribution of physical events.,Describe anomaly results as relative to the candidate pool and avoid treating the candidate-selection threshold as ground truth.,documented
L10,ML_anomaly_detection,The kNN model is unsupervised and identifies statistical isolation in the selected Sentinel-1 feature space.,A high anomaly percentile does not represent an event probability or a confirmed physical process.,Use anomaly results as screening/evidence-pattern information and retain the numerical methodology and sensitivity results.,implemented
L11,ML_sensitivity,"Anomaly results can vary with neighbourhood size, with a subset of candidates showing higher k-sensitivity.",Some anomaly positions are less robust than others.,"Evaluate k = 3, 5, 8 within comparison groups and retain the resulting sensitivity measure.",implemented
L12,comparison_population,The HH comparison contains 195 candidates while the VV comparison contains only 16 candidates.,The statistical support of the within-comparison anomaly analysis differs between the two groups.,Perform anomaly calculations separately by comparison type and explicitly retain comparison population size.,implemented
L13,ground_truth,"No independent ground-truth labels are currently available for confirmed erosion, deposition, landslide, or other physical events.",A supervised event-classification accuracy claim cannot currently be established from these data alone.,Use unsupervised anomaly analysis and evidence characterization until independent validation data are available.,documented
L14,physical_interpretation,Radar coherence or backscatter changes can have multiple physical and environmental causes.,Radar change alone cannot establish a unique physical mechanism such as erosion.,Require multi-source interpretation and explicitly preserve uncertainty and alternative explanations.,documented
L15,confidence_claims,The current evidence layers do not support a calibrated physical-event probability.,An arbitrary percentage confidence could be misleading.,"Report evidence availability, anomaly stability, cross-radar consistency, and limitations separately instead of manufacturing a probability.",implemented
