region_id,date,longitude,latitude,window_pixels,valid_pixels,fmask_water_pixels,valid_water_pixels,fmask_water_percent,valid_water_percent,high_aerosol_pixels,ndwi_median,mndwi_median,ndwi_gt_0.2,mndwi_gt_0.2
1786,20260626,90.1647003,22.4790948,121,0,0,0,0.0,nan,121,nan,nan,0,0
207,20260626,90.2196199,22.5057297,121,0,14,0,11.57,nan,121,nan,nan,0,0
265,20260626,90.2193002,22.5057964,121,0,3,0,2.48,nan,121,nan,nan,0,0
246,20260626,90.1515533,22.5042809,121,0,0,0,0.0,nan,121,nan,nan,0,0
970,20260626,90.1977177,22.4930461,121,0,10,0,8.26,nan,121,nan,nan,0,0
188,20260626,90.1662475,22.5055933,121,0,0,0,0.0,nan,121,nan,nan,0,0
1786,20260914,90.1647003,22.4790948,121,0,0,0,0.0,nan,121,nan,nan,0,0
207,20260914,90.2196199,22.5057297,121,0,0,0,0.0,nan,91,nan,nan,0,0
265,20260914,90.2193002,22.5057964,121,0,0,0,0.0,nan,87,nan,nan,0,0
246,20260914,90.1515533,22.5042809,121,0,0,0,0.0,nan,107,nan,nan,0,0
970,20260914,90.1977177,22.4930461,121,0,8,0,6.61,nan,121,nan,nan,0,0
188,20260914,90.1662475,22.5055933,121,0,0,0,0.0,nan,91,nan,nan,0,0
