region_id,date,longitude,latitude,hls_row,hls_col,valid_pixels,window_pixels,ndwi_median,mndwi_median,ndwi_water_pixels,mndwi_water_pixels
1786,20260626,90.1647003,22.4790948,380,275,24,25,-0.6149708032608032,-0.46167540550231934,0,0
207,20260626,90.2196199,22.5057297,285,465,25,25,-0.6133408546447754,-0.48725637793540955,0,0
265,20260626,90.2193002,22.5057964,284,464,25,25,-0.6133509874343872,-0.45959386229515076,0,0
246,20260626,90.1515533,22.5042809,286,232,0,25,nan,nan,0,0
970,20260626,90.1977177,22.4930461,330,389,23,25,-0.5445793271064758,-0.43709596991539,0,0
188,20260626,90.1662475,22.5055933,282,282,0,25,nan,nan,0,0
1786,20260914,90.1647003,22.4790948,380,275,4,25,-0.4552740454673767,-0.2838544249534607,0,0
207,20260914,90.2196199,22.5057297,285,465,0,25,nan,nan,0,0
265,20260914,90.2193002,22.5057964,284,464,0,25,nan,nan,0,0
246,20260914,90.1515533,22.5042809,286,232,0,25,nan,nan,0,0
970,20260914,90.1977177,22.4930461,330,389,20,25,-0.44340062141418457,-0.3420405387878418,0,0
188,20260914,90.1662475,22.5055933,282,282,0,25,nan,nan,0,0
