date,rainfall_mm,rainfall_3day_mm,rainfall_7day_mm,rainfall_14day_mm
2026-06-20,13.981277767608583,,,
2026-06-21,2.5325012440856494,,,
2026-06-22,4.29436247520533,20.80814148689956,,
2026-06-23,4.410502068554618,11.237365787845597,,
2026-06-24,2.52694500601136,11.231809549771308,,
2026-06-25,16.12448162053782,23.0619286951038,,
2026-06-26,0.0,18.65142662654918,43.87007018200336,
2026-06-27,0.07944972840733908,16.20393134894516,29.96824214280212,
2026-06-28,1.4755401498275729,1.5549898782349119,28.91128104854404,
2026-06-29,5.457368173491287,7.012358051726199,30.074286746829998,
2026-06-30,9.184611896318472,16.11752021963733,34.84839657459385,
2026-07-01,7.93265529487393,22.574635364683687,40.25410686345642,
2026-07-02,1.8073930848038582,18.92466027599626,25.937018327722456,
2026-07-03,0.35930201669445494,10.099350396372243,26.296320344416912,70.16639052642027
2026-07-04,0.9100431959068473,3.0767382974051607,27.126913811916417,57.09515595471854
2026-07-05,39.047230655371465,40.316575867972766,64.69860431746031,93.60988536600436
2026-07-06,15.098908459209214,55.05618231048752,74.34014460317823,104.41443135000824
2026-07-07,36.228028419933125,90.3741675345138,101.38356112679288,136.23195770138673
2026-07-08,46.89608719009694,98.22302406923927,140.3469930220159,180.60109988547234
2026-07-09,25.562550156388035,108.6866657664181,164.10215009360007,190.03916842132253
2026-07-10,7.494168695158774,79.95280604164375,171.2370167720644,197.5333371164813
2026-07-11,23.498610654636078,56.555329506182886,193.82558423079362,220.95249804271006
2026-07-12,12.442395716029214,43.43517506582407,167.22074929145137,231.9193536089117
2026-07-13,0.7726028423500921,36.71360921301538,152.89444367459225,227.2345882777705
2026-07-14,0.9665936522487995,14.181592210628105,117.63300890690793,219.01657003370084
2026-07-15,0.6065010514424857,2.3456975460413774,71.34342276825348,211.69041579026938
2026-07-16,13.490601729995502,15.063696433686788,59.27147434186094,223.373624435461
2026-07-17,5.005156029216393,19.102258810654384,56.782461675918555,228.01947844798298
2026-07-18,2.1509503023206253,20.64670806153252,35.434801323603104,229.26038555439675
2026-07-19,7.531876642247718,14.687982973784736,30.52428224982161,197.745031541273
2026-07-20,14.318889827939884,24.001716772508228,44.0705692354114,196.96501291000365
2026-07-21,14.563849801645748,36.41461627183335,57.66782538480835,175.30083429171628
2026-07-22,13.966241798280366,42.848981427866,71.02756613164624,142.37098889989971
2026-07-23,4.768114598116569,33.298206198042685,62.3050789997673,121.57655334162826
2026-07-24,3.234043493456994,21.96839988985393,60.5339664640079,117.31642813992647
2026-07-25,0.3417979117201646,8.343956003293728,58.72481407340744,94.15961539701055
2026-07-26,6.107437620167053,9.683279025344213,57.300375051326775,87.82465730114839
2026-07-27,10.85622076369104,17.305456295578256,53.83770598707793,97.90827522248934
2026-07-28,8.239088906695384,25.202747290553475,47.512945092127566,105.18077047693592
2026-07-29,29.276044808114538,48.37135447850096,62.822748101961736,133.85031423360797
2026-07-30,7.0743369001343765,44.5894706149443,65.12897040397954,127.43404940374685
2026-07-31,0.9183009638230926,37.26868267207201,62.81322787434564,123.34719433835355
2026-08-01,6.413236417557146,14.405874281514615,68.88466638018262,127.60948045359008
2026-08-02,4.081827463380883,11.413364844761121,66.85905622339645,124.15943127472323
2026-08-03,24.84016190589186,35.33522578682989,80.84299736559727,134.6807033526752
2026-08-04,27.6755965705244,56.59758593979714,100.27950502942629,147.79245012155386
2026-08-05,37.760456626249066,90.27621510266533,108.76391684756082,171.58666494952257
2026-08-06,19.824074792095253,85.26012798886872,121.51365473952168,186.64262514350125
2026-08-07,15.741845231584566,73.32637664992887,136.33719900728317,199.15042688162882
2026-08-08,17.558165598541063,53.124085622220875,147.48212818826707,216.3667945684497
2026-08-09,1.2330511623109415,34.533061992436565,144.63335188719714,211.4924081105936
2026-08-10,0.6708546246759532,19.46207138552795,120.46404460598124,201.30704197157854
2026-08-11,3.2164759689495455,5.1203817559364335,96.00492400440639,196.28442903383268
2026-08-12,11.972757509353965,15.860088102979457,70.21722488751129,178.9811417350721
2026-08-13,31.480479110400196,46.6697125887037,81.87362920581623,203.38728394533794
2026-08-14,1.2376996600110441,44.6909362797652,67.36948363424271,203.70668264152587
2026-08-15,2.9011201519235343,35.619298922334764,52.71243818762518,200.1945663758923
2026-08-16,17.72786757077656,21.86668738271113,69.20725459609079,213.84060648328793
2026-08-17,10.483485644120625,31.112473366820716,79.01988561553547,199.48393022151672
2026-08-18,3.6425836346967566,31.853936849593936,79.44599328128268,175.4509172856891
2026-08-19,1.518043506933424,15.6441127857508,68.99127927886214,139.20850416637344
2026-08-20,1.5026834356180745,6.663310577248248,39.013483604080015,120.88711280989624
2026-08-21,0.20809853555140695,3.228825478102898,37.98388247962038,105.35336611386309
2026-08-22,8.223752921153158,9.934534892322633,43.306515248850005,96.01895343647517
2026-08-23,0.41864784943121897,8.850499306135777,25.997295527504665,95.20455012359547
2026-08-24,3.7685321574422113,12.410932928026583,19.28234204082625,98.30222765636172
2026-08-25,2.407604109924829,6.594784116798252,18.047362516054324,97.493355797337
2026-08-26,6.831079146639356,13.007215414006389,23.360398155760258,92.35167743462239
2026-08-27,0.6307003947077039,9.86938365127188,22.488415114849886,61.5018987189299
2026-08-28,6.458091893652591,13.919871434999642,28.73840847295107,66.72229095257144
2026-08-29,0.1043484047317083,7.193140693091996,20.619003956529617,63.92551920537962
2026-08-30,18.58417429620198,25.14661459458627,38.78453040330038,64.78182593080504
2026-08-31,10.381618789578503,29.070141490512185,45.39761703543667,64.67995907626292
2026-09-01,42.59894201577027,71.56473510155075,85.58895494128211,103.63631745733645
2026-09-02,13.214989970990752,66.19555077633952,91.97286576563351,115.33326392139377
2026-09-03,10.812108058656914,66.62604004541792,102.15427342958272,124.6426885444326
2026-09-04,0.6860023579961579,24.713100387643816,96.38218389392628,125.12059236687736
2026-09-05,3.1422862535254135,14.640396670178479,99.42012174271999,120.03912569924961
2026-09-06,2.4588337682168198,6.287122379738384,83.29478121473483,122.0793116180352
2026-09-07,9.89690649367039,15.498026515412615,82.81006891882672,128.20768595426338
2026-09-08,0.544946631631084,12.900686893518287,40.75607353468753,126.34502847596964
2026-09-09,6.553584276531888,16.995437401833353,34.09466784022867,126.06753360586217
2026-09-10,0.17295121610230862,7.271482124265273,23.455510997674057,125.60978442725677
2026-09-11,7.048721904327628,13.775257396961818,29.81823054400553,126.20041443793183
2026-09-12,5.835262578200746,13.056935698630676,32.511206868680866,131.93132861140086
2026-09-13,0.5074058586893618,13.391390341217729,30.559778959153405,113.85456017388825
