comparison,region_id,pixels,area_m2,centroid_row,centroid_col,mean_change,min_change,max_change
HH_023_to_029,16,10,4000,1.4,304.0,-0.2831881,-0.35104215,-0.2020203
HH_023_to_029,60,23,9200,8.304347826086957,91.1304347826087,-0.2956747,-0.54747474,-0.20179284
HH_023_to_029,69,10,4000,7.1,39.1,-0.27935025,-0.39376605,-0.2011227
HH_023_to_029,71,15,6000,8.533333333333333,100.26666666666667,-0.31146324,-0.43404827,-0.20910087
HH_023_to_029,73,31,12400,9.935483870967742,140.3548387096774,-0.32181627,-0.49910235,-0.20952418
HH_023_to_029,87,12,4800,9.166666666666666,283.8333333333333,-0.264753,-0.36418542,-0.20931888
HH_023_to_029,89,10,4000,8.3,358.3,-0.29487163,-0.4151908,-0.2040858
HH_023_to_029,93,13,5200,9.76923076923077,64.23076923076923,-0.29826486,-0.3963899,-0.23432389
HH_023_to_029,127,11,4400,13.272727272727273,191.72727272727272,-0.2945431,-0.42596343,-0.20194982
HH_023_to_029,149,15,6000,17.133333333333333,164.93333333333334,-0.3436105,-0.5069212,-0.21962476
HH_023_to_029,151,40,16000,17.75,288.875,-0.31531873,-0.5195894,-0.20138153
HH_023_to_029,167,11,4400,18.181818181818183,100.9090909090909,-0.3328055,-0.55648065,-0.23451853
HH_023_to_029,209,10,4000,22.7,79.8,-0.28814346,-0.39250302,-0.20999625
HH_023_to_029,217,12,4800,23.0,48.083333333333336,-0.29180196,-0.3765499,-0.20930052
HH_023_to_029,227,21,8400,24.047619047619047,29.80952380952381,-0.31891373,-0.57622886,-0.21723062
HH_023_to_029,228,20,8000,25.75,70.65,-0.2807445,-0.40084225,-0.21392816
HH_023_to_029,230,21,8400,26.0,87.38095238095238,-0.3179445,-0.56900764,-0.20206738
HH_023_to_029,242,11,4400,25.09090909090909,152.54545454545453,-0.26298323,-0.36063048,-0.20575333
HH_023_to_029,259,13,5200,27.53846153846154,329.15384615384613,-0.26093075,-0.36126846,-0.2104547
HH_023_to_029,267,14,5600,26.214285714285715,282.2142857142857,-0.2935324,-0.48771507,-0.20214117
HH_023_to_029,276,18,7200,29.833333333333332,276.1666666666667,-0.2762442,-0.40365806,-0.20535073
HH_023_to_029,278,46,18400,32.52173913043478,354.60869565217394,-0.33934373,-0.5983775,-0.20189926
HH_023_to_029,289,18,7200,31.833333333333332,11.61111111111111,-0.3442923,-0.47544175,-0.2077547
HH_023_to_029,293,10,4000,28.6,96.5,-0.30130425,-0.5091536,-0.20204383
HH_023_to_029,308,13,5200,30.0,360.46153846153845,-0.3154619,-0.45220292,-0.21245381
HH_023_to_029,337,13,5200,33.38461538461539,148.46153846153845,-0.35614893,-0.6260821,-0.20068146
HH_023_to_029,339,49,19600,37.95918367346939,242.9387755102041,-0.30314806,-0.48182678,-0.20124754
HH_023_to_029,343,16,6400,34.5,344.6875,-0.27920067,-0.41763848,-0.21464583
HH_023_to_029,348,25,10000,35.84,50.24,-0.33699086,-0.49090108,-0.20729794
HH_023_to_029,353,10,4000,34.7,172.6,-0.28415295,-0.35401145,-0.21844971
HH_023_to_029,385,23,9200,41.56521739130435,158.30434782608697,-0.27775413,-0.49065673,-0.21203828
HH_023_to_029,389,13,5200,39.07692307692308,227.84615384615384,-0.28972325,-0.36174607,-0.2099173
HH_023_to_029,405,15,6000,41.4,150.73333333333332,-0.30693,-0.48721772,-0.20579481
HH_023_to_029,413,49,19600,45.06122448979592,35.755102040816325,-0.30521268,-0.48947254,-0.20181641
HH_023_to_029,417,10,4000,42.1,109.7,-0.28862956,-0.4722939,-0.20411476
HH_023_to_029,424,17,6800,43.411764705882355,7.235294117647059,-0.296789,-0.5038748,-0.20478794
HH_023_to_029,432,12,4800,43.25,17.166666666666668,-0.31617385,-0.42516088,-0.20630044
HH_023_to_029,436,17,6800,45.1764705882353,165.41176470588235,-0.30445117,-0.49125957,-0.20188874
HH_023_to_029,441,12,4800,45.666666666666664,45.833333333333336,-0.32433298,-0.5333519,-0.20920604
HH_023_to_029,445,11,4400,45.90909090909091,251.36363636363637,-0.24938741,-0.31349832,-0.20045665
HH_023_to_029,475,12,4800,46.833333333333336,64.91666666666667,-0.28528386,-0.40088102,-0.20231588
HH_023_to_029,522,64,25600,59.53125,26.71875,-0.2911474,-0.5305618,-0.2005302
HH_023_to_029,524,15,6000,52.46666666666667,118.13333333333334,-0.30368865,-0.52411765,-0.20392129
HH_023_to_029,533,13,5200,53.84615384615385,52.07692307692308,-0.29233804,-0.42921367,-0.20003083
HH_023_to_029,540,21,8400,54.19047619047619,343.0,-0.31869796,-0.51331806,-0.20967779
HH_023_to_029,542,17,6800,56.588235294117645,1.3529411764705883,-0.29512298,-0.41549617,-0.20771685
HH_023_to_029,554,13,5200,55.15384615384615,322.7692307692308,-0.37567884,-0.59167355,-0.2650462
HH_023_to_029,601,11,4400,61.0,83.45454545454545,-0.2763108,-0.3634099,-0.21335036
HH_023_to_029,602,10,4000,60.8,104.2,-0.31929922,-0.56821406,-0.22632778
HH_023_to_029,607,14,5600,62.0,336.42857142857144,-0.2714463,-0.40912753,-0.20439056
HH_023_to_029,624,16,6400,63.875,89.9375,-0.29103798,-0.51379853,-0.21329063
HH_023_to_029,625,25,10000,63.72,135.4,-0.33089912,-0.45316517,-0.2065058
HH_023_to_029,651,13,5200,65.07692307692308,172.46153846153845,-0.26273033,-0.39779705,-0.21136501
HH_023_to_029,654,13,5200,65.61538461538461,331.61538461538464,-0.25850797,-0.34346956,-0.20654589
HH_023_to_029,665,51,20400,70.19607843137256,37.509803921568626,-0.31730622,-0.5772485,-0.20060903
HH_023_to_029,669,58,23200,73.48275862068965,142.44827586206895,-0.31372812,-0.57101464,-0.20021555
HH_023_to_029,670,13,5200,67.0,161.53846153846155,-0.31409824,-0.5427209,-0.20179653
HH_023_to_029,672,11,4400,65.81818181818181,200.54545454545453,-0.25528118,-0.31926557,-0.20890078
HH_023_to_029,695,34,13600,71.0,47.0,-0.32431144,-0.5454187,-0.20315668
HH_023_to_029,697,21,8400,69.38095238095238,105.0952380952381,-0.3214026,-0.4550979,-0.22074226
HH_023_to_029,750,77,30800,81.15584415584415,11.35064935064935,-0.30908513,-0.5845155,-0.20009875
HH_023_to_029,753,15,6000,76.06666666666666,76.0,-0.2663463,-0.3784796,-0.20760843
HH_023_to_029,796,24,9600,78.625,167.58333333333334,-0.3498659,-0.54732376,-0.21231389
HH_023_to_029,812,11,4400,81.36363636363636,60.36363636363637,-0.28014863,-0.3582201,-0.2003729
HH_023_to_029,826,14,5600,82.5,135.35714285714286,-0.2998485,-0.3973887,-0.20060584
HH_023_to_029,869,28,11200,88.03571428571429,126.03571428571429,-0.30386394,-0.5139087,-0.20297053
HH_023_to_029,894,12,4800,88.16666666666667,319.25,-0.26194432,-0.3345267,-0.20901188
HH_023_to_029,901,12,4800,90.33333333333333,149.58333333333334,-0.28245538,-0.39242,-0.22615612
HH_023_to_029,928,10,4000,91.7,308.4,-0.28548115,-0.39487994,-0.21185279
HH_023_to_029,930,11,4400,91.18181818181819,343.72727272727275,-0.27119568,-0.4040643,-0.21148488
HH_023_to_029,939,12,4800,92.41666666666667,4.25,-0.27061966,-0.378833,-0.21299633
HH_023_to_029,947,10,4000,92.0,244.5,-0.36633366,-0.44441968,-0.23922318
HH_023_to_029,949,10,4000,92.7,290.8,-0.2661012,-0.37371248,-0.20174628
HH_023_to_029,982,17,6800,97.47058823529412,281.52941176470586,-0.32350662,-0.5295293,-0.22229812
HH_023_to_029,989,11,4400,96.36363636363636,110.9090909090909,-0.28384435,-0.38213888,-0.20000291
HH_023_to_029,1017,18,7200,98.55555555555556,248.05555555555554,-0.29962128,-0.47772908,-0.20219174
HH_023_to_029,1019,10,4000,99.1,13.7,-0.3095622,-0.45875135,-0.22438708
HH_023_to_029,1029,24,9600,100.54166666666667,343.9583333333333,-0.3351406,-0.529215,-0.20973957
HH_023_to_029,1043,34,13600,104.5,322.29411764705884,-0.29752988,-0.50406134,-0.20628044
HH_023_to_029,1044,16,6400,101.0625,351.5,-0.29555535,-0.39619592,-0.21253619
HH_023_to_029,1062,10,4000,101.7,271.0,-0.23572719,-0.29198593,-0.219961
HH_023_to_029,1064,12,4800,103.5,6.916666666666667,-0.2725241,-0.38527274,-0.20462173
HH_023_to_029,1074,18,7200,103.83333333333333,314.72222222222223,-0.31103823,-0.46483442,-0.20320876
HH_023_to_029,1080,11,4400,105.45454545454545,18.636363636363637,-0.29475108,-0.4177843,-0.20699081
HH_023_to_029,1088,14,5600,106.07142857142857,244.21428571428572,-0.3065863,-0.5071393,-0.21730657
HH_023_to_029,1090,12,4800,105.91666666666667,333.0,-0.28237113,-0.44596946,-0.20772499
HH_023_to_029,1111,23,9200,109.04347826086956,118.34782608695652,-0.3138022,-0.41060108,-0.20018688
HH_023_to_029,1122,18,7200,111.0,39.0,-0.2996642,-0.4235214,-0.2159864
HH_023_to_029,1124,11,4400,108.9090909090909,184.63636363636363,-0.34006518,-0.45873472,-0.26257205
HH_023_to_029,1144,40,16000,112.125,83.75,-0.2942507,-0.4635652,-0.20293811
HH_023_to_029,1149,23,9200,112.04347826086956,238.8695652173913,-0.33212778,-0.48654377,-0.21848664
HH_023_to_029,1156,12,4800,112.0,99.41666666666667,-0.31227112,-0.44864923,-0.20627192
HH_023_to_029,1159,63,25200,116.36507936507937,127.31746031746032,-0.31308836,-0.55007625,-0.20182443
HH_023_to_029,1163,18,7200,113.77777777777777,303.8888888888889,-0.29525235,-0.4870542,-0.20458463
HH_023_to_029,1169,11,4400,113.63636363636364,58.0,-0.2701851,-0.40309685,-0.20164469
HH_023_to_029,1179,33,13200,116.24242424242425,11.393939393939394,-0.286401,-0.4718529,-0.20094234
HH_023_to_029,1193,15,6000,112.46666666666667,330.93333333333334,-0.26796335,-0.40448028,-0.20727277
HH_023_to_029,1194,25,10000,116.84,20.52,-0.3262542,-0.531982,-0.20052823
HH_023_to_029,1197,13,5200,114.15384615384616,116.6923076923077,-0.34671623,-0.53377503,-0.23491058
HH_023_to_029,1210,10,4000,115.1,110.1,-0.28003037,-0.4148537,-0.21777624
HH_023_to_029,1214,13,5200,116.76923076923077,102.07692307692308,-0.33911008,-0.54434896,-0.21426404
HH_023_to_029,1232,17,6800,119.17647058823529,139.35294117647058,-0.34593976,-0.5708301,-0.20379537
HH_023_to_029,1244,30,12000,120.7,291.73333333333335,-0.2778667,-0.448299,-0.20625708
HH_023_to_029,1268,29,11600,123.86206896551724,271.48275862068965,-0.3032978,-0.51410544,-0.20124972
HH_023_to_029,1303,15,6000,126.13333333333334,110.86666666666666,-0.27883974,-0.35726535,-0.21014476
HH_023_to_029,1306,10,4000,126.7,154.1,-0.31901675,-0.47492626,-0.23508334
HH_023_to_029,1312,15,6000,125.93333333333334,315.73333333333335,-0.24632247,-0.3100646,-0.20111394
HH_023_to_029,1321,29,11600,128.86206896551724,143.75862068965517,-0.2820021,-0.4261978,-0.2012428
HH_023_to_029,1328,16,6400,129.125,30.75,-0.34035212,-0.5648879,-0.20289585
HH_023_to_029,1331,11,4400,129.9090909090909,102.18181818181819,-0.28874376,-0.3581568,-0.22101954
HH_023_to_029,1345,15,6000,129.8,318.8,-0.27176636,-0.39279747,-0.21160989
HH_023_to_029,1357,20,8000,132.4,53.6,-0.28532076,-0.40176275,-0.20005578
HH_023_to_029,1374,14,5600,133.28571428571428,234.92857142857142,-0.25499186,-0.35902587,-0.20367706
HH_023_to_029,1420,10,4000,137.8,131.3,-0.3338231,-0.5409478,-0.21215296
HH_023_to_029,1421,12,4800,136.75,142.83333333333334,-0.29747486,-0.5074983,-0.2091856
HH_023_to_029,1426,27,10800,137.74074074074073,309.3703703703704,-0.26992527,-0.43944913,-0.20018983
HH_023_to_029,1440,21,8400,141.04761904761904,291.3333333333333,-0.28937373,-0.53024745,-0.20032582
HH_023_to_029,1455,10,4000,138.7,353.8,-0.35661513,-0.51891416,-0.23716812
HH_023_to_029,1456,15,6000,140.6,6.0,-0.2937501,-0.4019111,-0.22766525
HH_023_to_029,1463,11,4400,140.9090909090909,333.0,-0.27186638,-0.3797421,-0.2067714
HH_023_to_029,1503,19,7600,144.57894736842104,108.05263157894737,-0.28248176,-0.3932278,-0.2170747
HH_023_to_029,1511,13,5200,145.15384615384616,281.3076923076923,-0.33340663,-0.52583885,-0.21067908
HH_023_to_029,1514,11,4400,146.45454545454547,330.3636363636364,-0.2560585,-0.31958565,-0.21976724
HH_023_to_029,1520,18,7200,145.83333333333334,158.94444444444446,-0.30014116,-0.43093565,-0.21503042
HH_023_to_029,1542,12,4800,147.0,350.25,-0.2790325,-0.3702683,-0.20560871
HH_023_to_029,1551,18,7200,148.0,301.22222222222223,-0.30206686,-0.56861186,-0.21742362
HH_023_to_029,1555,13,5200,148.0,65.0,-0.24746254,-0.31807384,-0.20215261
HH_023_to_029,1575,28,11200,151.25,254.5,-0.2916741,-0.4186345,-0.20237513
HH_023_to_029,1586,13,5200,151.3846153846154,246.53846153846155,-0.27042386,-0.3302282,-0.21054795
HH_023_to_029,1602,11,4400,153.0909090909091,23.90909090909091,-0.3294071,-0.43768978,-0.22778523
HH_023_to_029,1614,18,7200,155.16666666666666,76.38888888888889,-0.30124715,-0.38787207,-0.21072078
HH_023_to_029,1616,11,4400,154.8181818181818,159.63636363636363,-0.29717013,-0.46260786,-0.20153467
HH_023_to_029,1620,19,7600,154.94736842105263,304.3157894736842,-0.28315037,-0.36925265,-0.20520543
HH_023_to_029,1632,18,7200,154.5,350.6111111111111,-0.36755314,-0.5264123,-0.21653688
HH_023_to_029,1648,13,5200,156.3846153846154,117.0,-0.25400016,-0.38937765,-0.21301904
HH_023_to_029,1678,10,4000,158.9,60.3,-0.3152384,-0.40801585,-0.21537423
HH_023_to_029,1690,19,7600,161.10526315789474,352.5263157894737,-0.32185107,-0.5647504,-0.202241
HH_023_to_029,1695,11,4400,160.36363636363637,139.8181818181818,-0.2788056,-0.38959473,-0.20513502
HH_023_to_029,1704,10,4000,162.7,110.2,-0.26117247,-0.38293156,-0.20161483
HH_023_to_029,1710,14,5600,161.28571428571428,257.2142857142857,-0.2898517,-0.41906178,-0.20599192
HH_023_to_029,1755,10,4000,166.6,89.7,-0.31531784,-0.4664788,-0.20659605
HH_023_to_029,1779,12,4800,169.58333333333334,36.166666666666664,-0.31962493,-0.53246444,-0.21327081
HH_023_to_029,1805,16,6400,171.375,5.9375,-0.27134958,-0.41082513,-0.20155446
HH_023_to_029,1806,31,12400,174.67741935483872,24.258064516129032,-0.28986123,-0.46020025,-0.2004619
HH_023_to_029,1832,10,4000,173.5,296.7,-0.29906875,-0.39205593,-0.20023817
HH_023_to_029,1837,18,7200,175.22222222222223,36.888888888888886,-0.34149015,-0.52263176,-0.24199381
HH_023_to_029,1838,11,4400,172.63636363636363,76.63636363636364,-0.30959058,-0.43591607,-0.23035353
HH_023_to_029,1841,15,6000,172.53333333333333,142.13333333333333,-0.29274306,-0.37320226,-0.21132135
HH_023_to_029,1860,15,6000,173.46666666666667,348.73333333333335,-0.30426103,-0.5175005,-0.20170388
HH_023_to_029,1868,23,9200,176.56521739130434,300.5652173913044,-0.30555642,-0.48167235,-0.21107143
HH_023_to_029,1901,18,7200,180.44444444444446,29.11111111111111,-0.29651806,-0.4640444,-0.20053193
HH_023_to_029,1910,11,4400,180.1818181818182,152.36363636363637,-0.2828051,-0.37227577,-0.2038978
HH_023_to_029,1919,18,7200,182.27777777777777,159.55555555555554,-0.2543079,-0.34077322,-0.20123005
HH_023_to_029,1922,14,5600,180.64285714285714,223.42857142857142,-0.36073938,-0.58991694,-0.22423324
HH_023_to_029,1940,20,8000,183.55,58.0,-0.29625762,-0.40933418,-0.21427399
HH_023_to_029,1942,13,5200,182.3846153846154,170.53846153846155,-0.2755814,-0.35652363,-0.22095248
HH_023_to_029,1955,12,4800,183.75,126.5,-0.47128645,-0.71592766,-0.22236821
HH_023_to_029,1957,27,10800,184.2962962962963,231.7037037037037,-0.30965313,-0.4869435,-0.20680892
HH_023_to_029,1958,35,14000,186.11428571428573,256.0285714285714,-0.2862903,-0.43700638,-0.20172086
HH_023_to_029,1977,10,4000,186.6,112.7,-0.25064358,-0.3093301,-0.20950893
HH_023_to_029,1978,10,4000,186.4,139.5,-0.32654503,-0.44200706,-0.22387543
HH_023_to_029,1984,15,6000,187.66666666666666,323.53333333333336,-0.27582142,-0.4139784,-0.20487335
HH_023_to_029,1986,13,5200,188.15384615384616,28.0,-0.2970975,-0.37143672,-0.2199279
HH_023_to_029,2003,16,6400,189.4375,132.1875,-0.28729832,-0.38148475,-0.2149773
HH_023_to_029,2005,29,11600,189.9655172413793,357.41379310344826,-0.3037741,-0.4794562,-0.20622256
HH_023_to_029,2030,12,4800,190.5,332.0833333333333,-0.29723606,-0.4405406,-0.21118045
HH_023_to_029,2032,13,5200,190.76923076923077,342.38461538461536,-0.2706111,-0.35848516,-0.20185511
HH_023_to_029,2034,19,7600,195.0,56.10526315789474,-0.30545482,-0.41871524,-0.20096582
HH_023_to_029,2040,19,7600,192.78947368421052,238.21052631578948,-0.32504317,-0.5271926,-0.20104244
HH_023_to_029,2041,11,4400,192.27272727272728,271.54545454545456,-0.2689877,-0.5387356,-0.20474859
HH_023_to_029,2049,22,8800,193.72727272727272,121.45454545454545,-0.31971076,-0.5326632,-0.20214361
HH_023_to_029,2059,10,4000,194.0,5.1,-0.28340575,-0.4408929,-0.20660856
HH_023_to_029,2068,10,4000,194.3,349.4,-0.2923327,-0.44470656,-0.20217124
HH_023_to_029,2074,10,4000,195.0,318.9,-0.2648033,-0.32638445,-0.21073213
HH_023_to_029,2087,41,16400,199.97560975609755,258.219512195122,-0.29506856,-0.4612154,-0.2065081
HH_023_to_029,2089,15,6000,195.33333333333334,291.2,-0.3396611,-0.5098561,-0.20582241
HH_023_to_029,2090,15,6000,195.2,331.8666666666667,-0.29178995,-0.5067347,-0.20362991
HH_023_to_029,2108,18,7200,199.77777777777777,284.27777777777777,-0.29011762,-0.47263718,-0.21938759
HH_023_to_029,2112,13,5200,198.53846153846155,208.15384615384616,-0.27264124,-0.34330535,-0.2245915
HH_023_to_029,2122,31,12400,201.96774193548387,141.32258064516128,-0.2838179,-0.4791832,-0.20654926
HH_023_to_029,2139,20,8000,202.95,333.25,-0.2928161,-0.47803473,-0.21159604
HH_023_to_029,2142,73,29200,210.58904109589042,21.013698630136986,-0.29103112,-0.5223979,-0.20177525
HH_023_to_029,2150,10,4000,204.3,81.0,-0.27241075,-0.33094943,-0.20993747
HH_023_to_029,2169,14,5600,206.85714285714286,240.85714285714286,-0.3063397,-0.45384917,-0.20567903
HH_023_to_029,2191,15,6000,206.86666666666667,129.26666666666668,-0.29586977,-0.39661464,-0.2109049
HH_023_to_029,2206,13,5200,207.0,302.0,-0.36090633,-0.5175375,-0.2144796
HH_023_to_029,2211,12,4800,209.08333333333334,31.25,-0.32315248,-0.4909648,-0.21162891
HH_023_to_029,2241,26,10400,211.1153846153846,275.8076923076923,-0.31920198,-0.5300225,-0.20590022
HH_023_to_029,2284,11,4400,215.1818181818182,61.63636363636363,-0.30270815,-0.492032,-0.20186746
HH_023_to_029,2315,13,5200,216.6153846153846,199.23076923076923,-0.25713775,-0.3866982,-0.20087668
HH_023_to_029,2327,14,5600,218.42857142857142,274.7142857142857,-0.29883608,-0.4527763,-0.21003668
HH_023_to_029,2328,35,14000,221.8,330.2857142857143,-0.32028872,-0.55335534,-0.20343491
HH_023_to_029,2332,11,4400,219.36363636363637,48.27272727272727,-0.3199515,-0.47472456,-0.20402038
HH_023_to_029,2346,14,5600,220.28571428571428,34.642857142857146,-0.3192224,-0.42703414,-0.20539415
HH_023_to_029,2365,23,9200,223.6086956521739,42.43478260869565,-0.2643559,-0.34121314,-0.20006189
HH_023_to_029,2371,12,4800,220.91666666666666,127.41666666666667,-0.301137,-0.43451783,-0.23071054
HH_023_to_029,2372,28,11200,223.5,136.28571428571428,-0.3033154,-0.4921693,-0.2022874
HH_023_to_029,2378,55,22000,224.12727272727273,308.45454545454544,-0.32152048,-0.54923606,-0.20484614
HH_023_to_029,2410,12,4800,226.25,70.91666666666667,-0.27942187,-0.36656216,-0.21143433
HH_023_to_029,2427,15,6000,226.53333333333333,219.06666666666666,-0.3050143,-0.44151968,-0.20934689
VV_025_to_026,48,10,4000,6.7,94.1,-0.26873875,-0.3808488,-0.2158809
VV_025_to_026,120,12,4800,13.833333333333334,222.25,-0.2971368,-0.4688848,-0.21884413
VV_025_to_026,154,10,4000,19.3,3.4,-0.2838727,-0.37168282,-0.20854264
VV_025_to_026,240,10,4000,30.4,362.1,-0.24054666,-0.28778026,-0.21330525
VV_025_to_026,449,12,4800,56.416666666666664,38.25,-0.25954998,-0.37518278,-0.20161635
VV_025_to_026,517,10,4000,63.5,12.0,-0.24954386,-0.35161832,-0.20737472
VV_025_to_026,602,10,4000,72.7,165.4,-0.26369178,-0.31806445,-0.20426172
VV_025_to_026,744,13,5200,88.15384615384616,341.61538461538464,-0.2737005,-0.39122793,-0.20555535
VV_025_to_026,892,10,4000,107.8,123.7,-0.2540111,-0.3007763,-0.22570002
VV_025_to_026,915,11,4400,108.72727272727273,333.54545454545456,-0.33324698,-0.5066437,-0.20293528
VV_025_to_026,975,11,4400,119.27272727272727,55.36363636363637,-0.29592788,-0.34689122,-0.23162149
VV_025_to_026,1094,15,6000,132.86666666666667,250.8,-0.24888375,-0.3567862,-0.20026481
VV_025_to_026,1178,26,10400,143.76923076923077,46.0,-0.27352163,-0.45745713,-0.2011393
VV_025_to_026,1309,13,5200,156.53846153846155,47.38461538461539,-0.2530194,-0.35528392,-0.20424902
VV_025_to_026,1342,13,5200,161.3846153846154,227.53846153846155,-0.23207484,-0.25902393,-0.21093947
VV_025_to_026,1399,10,4000,168.8,57.8,-0.25364786,-0.33541757,-0.20635347
VV_025_to_026,1468,10,4000,177.9,7.3,-0.23272943,-0.26223806,-0.20587641
