comparison,region_id,pixels,area_m2,mean_change,gunw_row,gunw_col,utm_E,utm_N,gslc_row,gslc_col,hh_median,hh_p25,hh_p75,hv_median,hv_p25,hv_p75,ratio_median,ratio_p25,ratio_p75,valid_samples
HH_023_to_029,22,23,9200,-0.2956747,8.304347826086957,91.1304347826087,208536.22569565216,2491905.8490434783,32,182,0.7851965,0.25115132,1.0973504,0.3324185,0.29465848,0.4023749,0.500963,0.33571264,0.5817366,9
HH_023_to_029,28,10,4000,-0.27935025,7.1,39.1,207495.617,2491929.936,28,78,0.10853631,0.09446028,0.19659437,0.043645766,0.039620977,0.07070409,0.46205416,0.34864312,0.6123541,9
HH_023_to_029,30,15,6000,-0.31146324,8.533333333333333,100.26666666666667,208718.95033333334,2491901.2693333337,33,200,0.564802,0.34027165,0.6593448,0.2663383,0.1043981,0.35970724,0.44264364,0.24675359,0.78272253,9
HH_023_to_029,32,31,12400,-0.32181627,9.935483870967742,140.3548387096774,209520.71377419354,2491873.226322581,39,281,0.14218779,0.11253852,0.29032484,0.08321703,0.049776014,0.08676239,0.30740002,0.29501915,0.5426485,9
HH_023_to_029,45,12,4800,-0.264753,9.166666666666666,283.8333333333333,212390.28366666666,2491888.6026666667,36,568,0.14745347,0.102555245,0.352258,0.10622609,0.06144646,0.14018153,0.63783276,0.2258481,1.0939898,9
HH_023_to_029,49,10,4000,-0.29487163,8.3,358.3,213879.617,2491905.936,32,716,0.6548891,0.4380472,1.0042222,0.14712664,0.08902032,0.21799842,0.29156435,0.12497083,0.61048657,9
HH_023_to_029,53,13,5200,-0.29826486,9.76923076923077,64.23076923076923,207998.23238461537,2491876.5513846157,38,128,0.23332009,0.17858823,0.73058224,0.07707791,0.048166078,0.106797665,0.41690552,0.20187202,0.6100611,9
HH_023_to_029,86,11,4400,-0.2945431,13.272727272727273,191.72727272727272,210548.16245454544,2491806.4814545456,52,383,0.5006683,0.43711996,0.6078274,0.18172655,0.10917606,0.30699313,0.5050663,0.23215985,1.1252869,9
HH_023_to_029,107,15,6000,-0.3436105,17.133333333333333,164.93333333333334,210012.28366666666,2491729.2693333337,68,330,0.14130145,0.089250095,0.18145816,0.07520958,0.0714458,0.09448086,0.72361255,0.3772558,0.853865,9
HH_023_to_029,109,40,16000,-0.31531873,17.75,288.875,212491.117,2491716.936,70,578,0.26369736,0.14054537,0.38154566,0.09935399,0.05861957,0.116711795,0.36191267,0.2882234,0.66360873,9
HH_023_to_029,125,11,4400,-0.3328055,18.181818181818183,100.9090909090909,208731.79881818182,2491708.299636364,72,202,0.1779325,0.11695616,0.21030052,0.070447996,0.042210527,0.08833864,0.5331686,0.17554419,0.6727234,9
HH_023_to_029,167,10,4000,-0.28814346,22.7,79.8,208309.617,2491617.936,90,159,0.4110304,0.2961358,0.62600714,0.13893363,0.09508856,0.336121,0.37253538,0.09917964,0.6771475,9
HH_023_to_029,175,12,4800,-0.29180196,23.0,48.083333333333336,207675.28366666666,2491611.936,91,96,0.37899134,0.21624885,0.57040215,0.14261061,0.106778,0.3589901,0.47011212,0.2318038,0.78742456,9
HH_023_to_029,185,21,8400,-0.31891373,24.047619047619047,29.80952380952381,207309.80747619047,2491590.983619048,95,59,0.15825866,0.13380772,0.18187186,0.09411849,0.07315927,0.09906409,0.6193221,0.3928163,0.703727,9
HH_023_to_029,186,20,8000,-0.2807445,25.75,70.65,208126.617,2491556.936,102,141,0.5367595,0.460231,0.6954584,0.24912317,0.11368975,0.27565026,0.5413003,0.12940991,0.64945465,9
HH_023_to_029,188,21,8400,-0.3179445,26.0,87.38095238095238,208461.23604761905,2491551.936,103,175,0.10547002,0.076065,0.17081629,0.06863129,0.05391462,0.08305345,0.40729937,0.35781118,1.1260334,9
HH_023_to_029,200,11,4400,-0.26298323,25.09090909090909,152.54545454545453,209764.5260909091,2491570.117818182,99,305,0.46807438,0.29794884,0.6656289,0.113971144,0.09031323,0.13037287,0.21387614,0.15205574,0.26851547,9
HH_023_to_029,217,13,5200,-0.26093075,27.53846153846154,329.15384615384613,213296.69392307693,2491521.166769231,109,658,0.23037954,0.10865417,0.31802282,0.05396518,0.046678565,0.082087636,0.2581187,0.18920222,0.33436474,9
HH_023_to_029,224,14,5600,-0.2935324,26.214285714285715,282.2142857142857,212357.9027142857,2491547.6502857143,104,564,0.24266064,0.20716782,0.29590353,0.06694303,0.06305998,0.09675643,0.40287226,0.20724735,0.46704373,9
HH_023_to_029,233,18,7200,-0.2762442,29.833333333333332,276.1666666666667,212236.95033333334,2491475.2693333337,118,552,0.065710194,0.033008445,0.12461424,0.07943545,0.060731824,0.0870865,1.3253119,0.4990994,2.5355544,9
HH_023_to_029,235,46,18400,-0.33934373,32.52173913043478,354.60869565217394,213805.7909130435,2491421.5012173913,129,709,0.10616032,0.08232204,0.15476885,0.06908026,0.059354458,0.104501575,0.6907019,0.50169253,0.9843751,9
HH_023_to_029,246,18,7200,-0.3442923,31.833333333333332,11.61111111111111,206945.83922222222,2491435.2693333337,126,23,0.19028758,0.098679535,0.55822855,0.09563515,0.08551254,0.12496181,0.3924876,0.21141203,1.3064792,9
HH_023_to_029,250,10,4000,-0.30130425,28.6,96.5,208643.617,2491499.936,114,193,0.13194497,0.12389728,0.16670758,0.054578904,0.040893294,0.08230771,0.46778217,0.32739305,0.5761792,9
HH_023_to_029,265,13,5200,-0.3154619,30.0,360.46153846153845,213922.84776923078,2491471.936,119,721,0.30250368,0.24226165,0.5287311,0.2127698,0.12145569,0.23520121,0.5374312,0.30845267,0.77751523,9
HH_023_to_029,294,13,5200,-0.35614893,33.38461538461539,148.46153846153845,209682.84776923078,2491404.2436923077,133,297,0.5673383,0.36733553,1.2666531,0.41443962,0.21496734,0.5023327,0.5366417,0.3965827,0.8482245,9
HH_023_to_029,296,49,19600,-0.30314806,37.95918367346939,242.9387755102041,211572.39251020408,2491312.752326531,151,486,0.27865276,0.17524678,0.37896895,0.10911648,0.03596438,0.12186123,0.43093872,0.080860645,0.635538,9
HH_023_to_029,300,16,6400,-0.27920067,34.5,344.6875,213607.367,2491381.936,137,689,0.8176153,0.7571643,1.0058722,0.2709344,0.18787019,0.28395477,0.22977823,0.19015466,0.49143708,9
HH_023_to_029,305,25,10000,-0.33699086,35.84,50.24,207718.417,2491355.1360000004,142,100,0.46762264,0.4077369,0.79165256,0.4167138,0.29110625,0.5490156,0.62252384,0.31523705,1.8107669,9
HH_023_to_029,310,10,4000,-0.28415295,34.7,172.6,210165.617,2491377.936,138,345,0.87708914,0.6619584,1.010816,0.27550977,0.16220374,0.53392404,0.30841494,0.2601162,0.5484982,9
HH_023_to_029,342,23,9200,-0.27775413,41.56521739130435,158.30434782608697,209879.70395652173,2491240.631652174,165,316,0.66989505,0.32523903,0.97452176,0.22397476,0.16339658,0.30307758,0.28223562,0.23957132,0.5961955,9
HH_023_to_029,346,13,5200,-0.28972325,39.07692307692308,227.84615384615384,211270.54007692306,2491290.3975384617,155,456,0.5019069,0.38569784,0.84163564,0.37239546,0.24242134,0.5519812,0.5479887,0.43071744,1.4435426,9
HH_023_to_029,362,15,6000,-0.30693,41.4,150.73333333333332,209728.28366666666,2491243.936,165,301,0.5756836,0.39473528,0.7840231,0.22895186,0.11344326,0.35435766,0.39770433,0.32975903,0.6946926,9
HH_023_to_029,370,49,19600,-0.30521268,45.06122448979592,35.755102040816325,207428.71904081633,2491170.7115102042,179,71,0.60620016,0.31616446,1.1649028,0.39256698,0.29835933,0.42779705,0.59922314,0.28363705,0.95910555,9
HH_023_to_029,374,10,4000,-0.28862956,42.1,109.7,208907.617,2491229.936,168,219,0.2580533,0.17887513,0.3176492,0.15432967,0.09749518,0.16078113,0.36498585,0.30692723,0.81064796,9
HH_023_to_029,388,16,6400,-0.29056424,43.5625,7.5625,206864.867,2491200.686,173,15,1.2580624,0.6636627,1.863428,0.21882465,0.192236,0.29623675,0.2827407,0.15431228,0.3374276,9
HH_023_to_029,389,12,4800,-0.31617385,43.25,17.166666666666668,207056.95033333334,2491206.936,172,34,0.70227784,0.6533344,0.8660021,0.2373183,0.20777662,0.31188378,0.31802493,0.25516954,0.50113726,9
HH_023_to_029,393,17,6800,-0.30445117,45.1764705882353,165.41176470588235,210021.85229411765,2491168.4065882354,180,331,0.60223526,0.39370558,0.6514778,0.32586476,0.23301081,0.4419941,0.41093493,0.357665,0.52867675,9
HH_023_to_029,398,12,4800,-0.32433298,45.666666666666664,45.833333333333336,207630.28366666666,2491158.6026666667,182,92,0.62322646,0.39819136,1.2540934,0.2571937,0.19071925,0.3659565,0.3060192,0.2918096,0.37666926,9
HH_023_to_029,402,11,4400,-0.24938741,45.90909090909091,251.36363636363637,211740.88972727273,2491153.7541818186,183,503,0.3172067,0.29050767,0.41620708,0.10608915,0.07131672,0.14564179,0.3472202,0.24548997,0.45913842,9
HH_023_to_029,432,12,4800,-0.28528386,46.833333333333336,64.91666666666667,208011.95033333334,2491135.2693333337,186,130,0.33613637,0.12333746,0.649012,0.13058335,0.082529545,0.30315357,0.46600893,0.35749,0.77057034,9
HH_023_to_029,478,64,25600,-0.2911474,59.53125,26.71875,207247.992,2490881.311,237,53,0.64134794,0.40847006,0.8132853,0.2301492,0.18138024,0.23505066,0.29581717,0.2787234,0.5754416,9
HH_023_to_029,480,15,6000,-0.30368865,52.46666666666667,118.13333333333334,209076.28366666666,2491022.6026666667,209,236,0.2337475,0.20508744,0.2817195,0.116362736,0.09719569,0.169272,0.46047828,0.34500873,0.5878992,9
HH_023_to_029,488,13,5200,-0.29233804,53.84615384615385,52.07692307692308,207755.15546153847,2490995.012923077,214,104,0.8682014,0.6887347,1.0824159,0.19951925,0.11997017,0.25697765,0.19232847,0.12320778,0.40092418,9
HH_023_to_029,495,21,8400,-0.31869796,54.19047619047619,343.0,213573.617,2490988.1264761905,216,686,0.79419106,0.75428885,0.93719333,0.49443397,0.29931462,0.54927593,0.5625486,0.3500583,1.0601351,9
HH_023_to_029,508,13,5200,-0.37567884,55.15384615384615,322.7692307692308,213169.00161538462,2490968.859076923,220,645,0.20209703,0.13303909,0.3141902,0.16441226,0.06961565,0.2587007,0.4826805,0.39333794,0.72959936,9
HH_023_to_029,556,11,4400,-0.2763108,61.0,83.45454545454545,208382.7079090909,2490851.936,243,167,0.40914267,0.33075905,0.46688783,0.18055142,0.1375223,0.21885079,0.44129208,0.29455104,0.6872032,9
HH_023_to_029,557,10,4000,-0.31929922,60.8,104.2,208797.617,2490855.936,242,208,0.2787648,0.19347118,0.5311895,0.07715762,0.053102482,0.14584921,0.22538337,0.15411247,0.583982,9
HH_023_to_029,562,14,5600,-0.2714463,62.0,336.42857142857144,213442.18842857142,2490831.936,247,673,0.08922607,0.06346548,0.16766597,0.06846124,0.0437764,0.09802863,0.68976706,0.33646291,1.003646,9
HH_023_to_029,579,16,6400,-0.29103798,63.875,89.9375,208512.367,2490794.436,255,180,0.76396376,0.5812639,0.90239793,0.43993363,0.32074425,0.6370539,0.46611798,0.4103236,1.1977866,9
HH_023_to_029,580,25,10000,-0.33089912,63.72,135.4,209421.617,2490797.5360000003,254,271,0.26534125,0.15216935,0.38676208,0.14262092,0.07186389,0.17010142,0.4486573,0.27664167,0.6878027,9
HH_023_to_029,605,13,5200,-0.26273033,65.07692307692308,172.46153846153845,210162.84776923078,2490770.3975384617,259,345,0.39568403,0.21782064,0.6343755,0.15108994,0.1290139,0.17424554,0.44036534,0.17299548,0.75153464,9
HH_023_to_029,608,13,5200,-0.25850797,65.61538461538461,331.61538461538464,213345.9246923077,2490759.6283076927,262,663,0.084045105,0.051352274,0.14400448,0.040364835,0.026050726,0.0515447,0.36825866,0.26508006,0.71418244,9
HH_023_to_029,619,51,20400,-0.31730622,70.19607843137256,37.509803921568626,207463.81307843138,2490668.0144313728,280,75,0.65070504,0.47503924,0.79416484,0.27304837,0.19388397,0.35069883,0.34381825,0.20067938,1.0426216,9
HH_023_to_029,623,58,23200,-0.31372812,73.48275862068965,142.44827586206895,209562.5825172414,2490602.2808275865,293,285,0.14115347,0.09394151,0.25478703,0.0626517,0.046363622,0.08406272,0.4438552,0.22426072,0.6439104,9
HH_023_to_029,624,13,5200,-0.31409824,67.0,161.53846153846155,209944.38623076922,2490731.936,267,323,0.38061297,0.34252512,0.6478153,0.07808892,0.030429417,0.19409348,0.2279801,0.10449436,0.28247318,9
HH_023_to_029,626,11,4400,-0.25528118,65.81818181818181,200.54545454545453,210724.5260909091,2490755.5723636365,262,401,0.5724834,0.32205382,1.0372107,0.1900092,0.11848538,0.23195516,0.39033434,0.0938673,1.1142358,9
HH_023_to_029,649,34,13600,-0.32431144,71.0,47.0,207653.617,2490651.936,283,94,0.6408917,0.58056146,0.99715704,0.2454346,0.16258451,0.42793062,0.38500765,0.31410283,0.43115985,9
HH_023_to_029,651,21,8400,-0.3214026,69.38095238095238,105.0952380952381,208815.52176190476,2490684.3169523813,277,210,0.65575373,0.5457913,0.76321614,0.2680233,0.21649335,0.31712574,0.34720945,0.19706668,0.50127876,9
HH_023_to_029,704,75,30000,-0.3107807,81.16,11.64,206946.417,2490448.736,324,23,0.12615666,0.08594197,0.14931001,0.08409556,0.07329538,0.1000289,0.6941981,0.3633238,1.5042194,9
HH_023_to_029,707,15,6000,-0.2663463,76.06666666666666,76.0,208233.617,2490550.6026666667,303,152,0.102938,0.09524008,0.277712,0.078553915,0.05088712,0.08186699,0.468204,0.40128145,0.52823055,9
HH_023_to_029,750,24,9600,-0.3498659,78.625,167.58333333333334,210065.28366666666,2490499.436,314,335,0.73279846,0.52613944,0.83774894,0.27616206,0.17124312,0.33761656,0.44769576,0.23368378,0.5638996,9
HH_023_to_029,765,11,4400,-0.28014863,81.36363636363636,60.36363636363637,207920.88972727273,2490444.6632727273,325,121,0.6896871,0.36525398,0.8681957,0.21030244,0.10172847,0.2641192,0.3452253,0.17184211,0.38295513,9
HH_023_to_029,779,14,5600,-0.2998485,82.5,135.35714285714286,209420.75985714287,2490421.936,329,271,0.13707429,0.08076928,0.18968013,0.08294889,0.061149925,0.12279002,0.4461079,0.3040175,2.103425,9
HH_023_to_029,822,28,11200,-0.30386394,88.03571428571429,126.03571428571429,209234.3312857143,2490311.221714286,351,252,0.19144744,0.15576974,0.24846013,0.14439577,0.05499394,0.15622182,0.41811422,0.3402182,0.79080975,9
HH_023_to_029,847,12,4800,-0.26194432,88.16666666666667,319.25,213098.617,2490308.6026666667,352,638,0.107571326,0.101760544,0.113071665,0.06361568,0.047490027,0.07536449,0.5645289,0.4581293,1.0328363,9
HH_023_to_029,854,12,4800,-0.28245538,90.33333333333333,149.58333333333334,209705.28366666666,2490265.2693333337,360,299,0.5274686,0.38831604,0.6286251,0.19849816,0.13616894,0.23857181,0.35066524,0.23369561,0.50098526,9
HH_023_to_029,881,10,4000,-0.28548115,91.7,308.4,212881.617,2490237.936,366,617,0.7217172,0.48947605,0.9063238,0.36465353,0.28622076,0.48380232,0.40234354,0.37784505,0.6354783,9
HH_023_to_029,883,11,4400,-0.27119568,91.18181818181819,343.72727272727275,213588.16245454544,2490248.299636364,364,687,0.72301394,0.506472,0.82654583,0.20445748,0.14357156,0.33005565,0.3742988,0.25953847,0.7138504,9
HH_023_to_029,892,12,4800,-0.27061966,92.41666666666667,4.25,206798.617,2490223.6026666667,369,8,0.3114548,0.28630447,0.7033117,0.16846606,0.14686905,0.26605955,0.47155815,0.30098906,0.58841574,9
HH_023_to_029,900,10,4000,-0.36633366,92.0,244.5,211603.617,2490231.936,367,489,0.36173165,0.16069482,0.40674967,0.09732273,0.03866394,0.10239465,0.30186367,0.19727243,0.39891076,9
HH_023_to_029,902,10,4000,-0.2661012,92.7,290.8,212529.617,2490217.936,370,581,0.7423875,0.49242625,0.9793426,0.36314613,0.26303282,0.44242835,0.5341568,0.3828438,0.93627954,9
HH_023_to_029,935,17,6800,-0.32350662,97.47058823529412,281.52941176470586,212344.20523529412,2490122.524235294,389,563,0.5942378,0.55319273,0.636078,0.14924653,0.11481342,0.36039826,0.3134054,0.1805021,0.6330986,9
HH_023_to_029,942,11,4400,-0.28384435,96.36363636363636,110.9090909090909,208931.79881818182,2490144.6632727273,385,222,0.425482,0.26109153,0.6315756,0.2854327,0.19738626,0.39162904,0.80990046,0.44823876,1.0932285,9
HH_023_to_029,970,18,7200,-0.29962128,98.55555555555556,248.05555555555554,211674.72811111112,2490100.824888889,393,496,0.32132563,0.25416097,0.42692295,0.098387666,0.061288774,0.11478383,0.25560656,0.1724683,0.51020455,9
HH_023_to_029,972,10,4000,-0.3095622,99.1,13.7,206987.617,2490089.936,396,27,0.46137708,0.40476957,0.7300525,0.35839322,0.17944229,0.37758732,0.46949995,0.3974902,0.77679026,9
HH_023_to_029,982,24,9600,-0.3351406,100.54166666666667,343.9583333333333,213592.78366666666,2490061.1026666667,401,688,0.19343804,0.056497894,0.22150923,0.073736444,0.060594372,0.08438449,0.38118896,0.24462199,1.288348,9
HH_023_to_029,996,34,13600,-0.29752988,104.5,322.29411764705884,213159.49935294117,2489981.936,417,644,0.6474396,0.5331408,1.0368229,0.3572866,0.15546274,0.45048374,0.3181966,0.25307104,0.5183202,9
HH_023_to_029,997,16,6400,-0.29555535,101.0625,351.5,213743.617,2490050.686,403,703,0.87311596,0.60176826,1.1609297,0.2879051,0.19156696,0.44159636,0.34895116,0.20522164,0.50647414,9
HH_023_to_029,1015,10,4000,-0.23572719,101.7,271.0,212133.617,2490037.936,406,542,0.8239732,0.33961162,0.8850394,0.24837038,0.19111067,0.37925762,0.40557748,0.2930075,0.8996792,9
HH_023_to_029,1017,12,4800,-0.2725241,103.5,6.916666666666667,206851.95033333334,2490001.936,413,14,0.27578798,0.23373693,0.56513226,0.2225169,0.17063592,0.29513055,0.61469316,0.47343826,0.98987126,9
HH_023_to_029,1027,18,7200,-0.31103823,103.83333333333333,314.72222222222223,213008.06144444444,2489995.2693333337,414,629,0.12709922,0.11581489,0.13883756,0.05628306,0.04260921,0.09278742,0.4980842,0.2627708,0.80117005,9
HH_023_to_029,1033,11,4400,-0.29475108,105.45454545454545,18.636363636363637,207086.34427272726,2489962.8450909094,421,37,0.7730145,0.48055288,0.93050003,0.28946003,0.22848341,0.4446656,0.48903656,0.16733441,0.6095796,9
HH_023_to_029,1041,14,5600,-0.3065863,106.07142857142857,244.21428571428572,211597.9027142857,2489950.5074285716,423,488,0.1536103,0.12508719,0.17001027,0.070418015,0.050601438,0.111638956,0.54186076,0.32941434,0.81189615,9
HH_023_to_029,1043,12,4800,-0.28237113,105.91666666666667,333.0,213373.617,2489953.6026666667,423,666,0.6435008,0.2918406,1.0808117,0.44286972,0.14240602,0.45184004,0.4054498,0.22129889,1.5200402,9
HH_023_to_029,1063,23,9200,-0.3138022,109.04347826086956,118.34782608695652,209080.57352173913,2489891.066434783,435,237,0.53656363,0.49152955,0.6079739,0.21888001,0.13238588,0.30200204,0.2939845,0.25949115,0.42980766,9
HH_023_to_029,1074,18,7200,-0.2996642,111.0,39.0,207493.617,2489851.936,443,78,0.27870065,0.17510246,0.44697836,0.24708992,0.142666,0.3359266,0.63905257,0.55280066,1.0116252,9
HH_023_to_029,1076,11,4400,-0.34006518,108.9090909090909,184.63636363636363,210406.34427272726,2489893.7541818186,435,369,0.2072595,0.14368679,0.24830826,0.07196556,0.060553618,0.08069872,0.3943776,0.23772626,0.67894953,9
HH_023_to_029,1096,40,16000,-0.2942507,112.125,83.75,208388.617,2489829.436,448,167,0.5549368,0.49548134,1.8586345,0.3380741,0.3134613,0.36366066,0.29951218,0.1818938,0.63264,9
HH_023_to_029,1101,23,9200,-0.33212778,112.04347826086956,238.8695652173913,211491.00830434784,2489831.066434783,447,478,0.253084,0.18177217,0.36237583,0.16274138,0.13080825,0.1983459,0.516857,0.38690785,1.2633916,9
HH_023_to_029,1107,12,4800,-0.31227112,112.0,99.41666666666667,208701.95033333334,2489831.936,447,199,0.9539698,0.38443395,1.1158216,0.47396904,0.42691815,0.5893735,0.6305894,0.4043192,1.2329011,9
HH_023_to_029,1110,63,25200,-0.31308836,116.36507936507937,127.31746031746032,209259.9662063492,2489744.6344126984,465,254,0.530405,0.40795684,0.92045075,0.25585768,0.21067831,0.49519724,0.577511,0.30100685,0.7797939,9
HH_023_to_029,1114,18,7200,-0.29525235,113.77777777777777,303.8888888888889,212791.39477777778,2489796.3804444447,454,608,0.18829688,0.072763875,0.237744,0.07772975,0.04877441,0.09623294,0.35149544,0.31059656,1.0682464,9
HH_023_to_029,1120,11,4400,-0.2701851,113.63636363636364,58.0,207873.617,2489799.208727273,454,116,1.0043128,0.27615923,1.1673084,0.3011641,0.14474027,0.36163297,0.36329702,0.26000145,0.6035853,9
HH_023_to_029,1129,33,13200,-0.286401,116.24242424242425,11.393939393939394,206941.49578787878,2489747.0875151516,464,23,0.77669793,0.48707205,0.8264888,0.27727985,0.2020782,0.29668584,0.5001072,0.3125063,0.61419874,9
HH_023_to_029,1143,15,6000,-0.26796335,112.46666666666667,330.93333333333334,213332.28366666666,2489822.6026666667,449,662,0.44047573,0.25913692,0.5621527,0.3038676,0.2071887,0.36273825,0.6579712,0.5268446,0.9678792,9
HH_023_to_029,1145,25,10000,-0.3262542,116.84,20.52,207124.017,2489735.1360000004,466,41,0.17609303,0.1577574,0.29474026,0.120063365,0.07449928,0.15103656,0.4971504,0.42306775,0.7396046,9
HH_023_to_029,1148,13,5200,-0.34671623,114.15384615384616,116.6923076923077,209047.46315384615,2489788.859076923,456,233,0.576157,0.46737385,0.68554705,0.26881734,0.19812387,0.31920245,0.4665696,0.303892,0.5434154,9
HH_023_to_029,1161,10,4000,-0.28003037,115.1,110.1,208915.617,2489769.936,460,220,0.14132117,0.113930926,0.20875451,0.054055583,0.043878265,0.17817482,0.40573213,0.32099238,0.9377142,9
HH_023_to_029,1165,13,5200,-0.33911008,116.76923076923077,102.07692307692308,208755.15546153847,2489736.5513846157,466,204,0.5102679,0.39927012,1.1338005,0.23957354,0.19448195,0.35208255,0.45316845,0.19982511,0.6100959,9
HH_023_to_029,1182,17,6800,-0.34593976,119.17647058823529,139.35294117647058,209500.6758235294,2489688.4065882354,476,279,0.09417519,0.09378209,0.10718439,0.04763928,0.03446352,0.079745404,0.42200783,0.27766165,0.62020755,9
HH_023_to_029,1194,30,12000,-0.2778667,120.7,291.73333333333335,212548.28366666666,2489657.936,482,583,0.87534,0.58016044,1.1542602,0.3296652,0.2114095,0.5042696,0.49231657,0.22942871,0.5305895,9
HH_023_to_029,1218,29,11600,-0.3032978,123.86206896551724,271.48275862068965,212143.2721724138,2489594.69462069,495,543,0.12813722,0.041171875,0.26110873,0.06732512,0.038650822,0.10884752,0.88897085,0.22773851,1.3546481,9
HH_023_to_029,1253,15,6000,-0.27883974,126.13333333333334,110.86666666666666,208930.95033333334,2489549.2693333337,504,222,0.8010622,0.6913371,1.1004136,0.16796154,0.15253197,0.226497,0.22825079,0.20582898,0.29973796,9
HH_023_to_029,1256,10,4000,-0.31901675,126.7,154.1,209795.617,2489537.936,506,308,0.2223127,0.12494041,0.36023882,0.14657469,0.11672194,0.15728211,0.5855019,0.38298815,0.9342209,9
HH_023_to_029,1262,15,6000,-0.24632247,125.93333333333334,315.73333333333335,213028.28366666666,2489553.2693333337,503,631,1.3009003,0.8463159,1.5080453,0.65763944,0.32986182,0.846826,0.4732816,0.3511666,0.6445167,9
HH_023_to_029,1271,29,11600,-0.2820021,128.86206896551724,143.75862068965517,209588.7894137931,2489494.69462069,515,287,0.5239021,0.49966896,0.79939336,0.3676039,0.17330611,0.4317874,0.54014385,0.3487183,0.7016652,9
HH_023_to_029,1278,16,6400,-0.34035212,129.125,30.75,207328.617,2489489.436,516,61,0.81417716,0.48818502,0.93213034,0.2615995,0.23654851,0.34529817,0.33176726,0.26482013,0.7073101,9
HH_023_to_029,1281,11,4400,-0.28874376,129.9090909090909,102.18181818181819,208757.25336363635,2489473.7541818186,519,204,0.7501226,0.5833841,0.8709017,0.4678755,0.31437522,0.5855622,0.59862417,0.5388821,0.8649804,9
HH_023_to_029,1295,15,6000,-0.27176636,129.8,318.8,213089.617,2489475.936,518,637,0.7085838,0.55100465,1.1436262,0.24153657,0.1408856,0.26680687,0.2960512,0.19724104,0.46352938,9
HH_023_to_029,1307,20,8000,-0.28532076,132.4,53.6,207785.617,2489423.936,529,107,0.22071408,0.18119946,0.30879474,0.13943343,0.09624321,0.22923161,0.7684255,0.317027,0.9143447,9
HH_023_to_029,1324,14,5600,-0.25499186,133.28571428571428,234.92857142857142,211412.18842857142,2489406.221714286,532,470,0.19531345,0.13355574,0.2999043,0.07358898,0.061712198,0.09596329,0.3159649,0.12536968,0.3374481,9
HH_023_to_029,1370,10,4000,-0.3338231,137.8,131.3,209339.617,2489315.936,550,262,0.6876875,0.5267749,0.8694624,0.28927332,0.19657084,0.38203365,0.51765954,0.29434183,0.695336,9
HH_023_to_029,1371,12,4800,-0.29747486,136.75,142.83333333333334,209570.28366666666,2489336.936,546,286,0.5131617,0.3370214,0.81036156,0.20560257,0.13604195,0.25459802,0.40065843,0.27378556,0.6657088,9
HH_023_to_029,1376,27,10800,-0.26992527,137.74074074074073,309.3703703703704,212901.0244074074,2489317.1211851854,550,619,0.56193686,0.40500927,0.7601681,0.23441118,0.15100543,0.38777417,0.523817,0.27349123,0.8745113,9
HH_023_to_029,1390,21,8400,-0.28937373,141.04761904761904,291.3333333333333,212540.28366666666,2489250.983619048,563,583,0.45453712,0.17863342,0.6656124,0.2483284,0.23584142,0.2893874,0.5551333,0.4687513,1.5548284,9
HH_023_to_029,1405,10,4000,-0.35661513,138.7,353.8,213789.617,2489297.936,554,707,0.11112492,0.08659419,0.2355536,0.07688037,0.059418634,0.10269436,0.58872724,0.3351285,1.0831199,9
HH_023_to_029,1406,15,6000,-0.2937501,140.6,6.0,206833.617,2489259.936,562,12,0.5152969,0.17640148,0.8685308,0.093225166,0.080034286,0.14412916,0.15531684,0.107336625,0.40123835,9
HH_023_to_029,1413,11,4400,-0.27186638,140.9090909090909,333.0,213373.617,2489253.7541818186,563,666,0.22153947,0.10637051,0.2525145,0.05987354,0.05232344,0.089249015,0.38328484,0.20400627,0.8390391,9
HH_023_to_029,1453,19,7600,-0.28248176,144.57894736842104,108.05263157894737,208874.66963157896,2489180.3570526317,577,216,0.6315744,0.40429652,0.9505293,0.4801335,0.4391671,0.5099991,0.6060594,0.47639665,1.1875776,9
HH_023_to_029,1461,13,5200,-0.33340663,145.15384615384616,281.3076923076923,212339.77084615384,2489168.859076923,580,562,0.4546882,0.23658225,0.6772606,0.2854765,0.16699666,0.34883437,0.652719,0.24657667,1.3569111,9
HH_023_to_029,1464,11,4400,-0.2560585,146.45454545454547,330.3636363636364,213320.88972727273,2489142.8450909094,585,661,0.75644535,0.4374287,1.1670609,0.39798406,0.3852683,0.4163438,0.522,0.43393216,0.88619214,9
HH_023_to_029,1470,18,7200,-0.30014116,145.83333333333334,158.94444444444446,209892.50588888887,2489155.2693333337,582,318,0.38143158,0.20592347,0.5618749,0.10769376,0.094006605,0.13153961,0.30483404,0.19939108,0.51013976,9
HH_023_to_029,1492,12,4800,-0.2790325,147.0,350.25,213718.617,2489131.936,587,700,0.82922745,0.594015,1.0000243,0.28334543,0.21828142,0.33247858,0.32752362,0.2760287,0.51559013,9
HH_023_to_029,1501,18,7200,-0.30206686,148.0,301.22222222222223,212738.06144444444,2489111.936,591,602,0.6993178,0.43297815,0.92769414,0.20205557,0.07235776,0.2523074,0.36079073,0.15734239,0.39295894,9
HH_023_to_029,1505,13,5200,-0.24746254,148.0,65.0,208013.617,2489111.936,591,130,0.33334342,0.29133865,0.5870226,0.1181313,0.09947175,0.19741152,0.3433054,0.3362929,0.5169758,9
HH_023_to_029,1525,28,11200,-0.2916741,151.25,254.5,211803.617,2489046.936,604,509,0.53838736,0.324052,0.57728237,0.18093707,0.1618196,0.233868,0.43345863,0.3621423,0.72831625,9
HH_023_to_029,1536,13,5200,-0.27042386,151.3846153846154,246.53846153846155,211644.38623076922,2489044.2436923077,605,493,0.46060804,0.18973048,0.57459545,0.18166503,0.16129771,0.23662739,0.6659661,0.29719716,0.7228897,9
HH_023_to_029,1552,11,4400,-0.3294071,153.0909090909091,23.90909090909091,207191.79881818182,2489010.117818182,611,48,0.44602093,0.26532283,0.60919344,0.13347176,0.103370875,0.27215433,0.49162057,0.44674534,0.69778186,9
HH_023_to_029,1564,18,7200,-0.30124715,155.16666666666666,76.38888888888889,208241.39477777778,2488968.6026666667,620,153,0.29606286,0.2634453,0.4909808,0.080032624,0.06280298,0.106110476,0.3425021,0.25876766,0.35840523,9
HH_023_to_029,1566,11,4400,-0.29717013,154.8181818181818,159.63636363636363,209906.34427272726,2488975.5723636365,618,319,0.109392725,0.065411784,0.14874095,0.09083217,0.048882086,0.11231044,0.75507414,0.40773132,1.4192443,9
HH_023_to_029,1570,19,7600,-0.28315037,154.94736842105263,304.3157894736842,212799.93278947368,2488972.988631579,619,608,0.5449836,0.3213691,0.6689067,0.3204667,0.25391418,0.5021469,0.6060882,0.3839081,1.135833,9
HH_023_to_029,1582,18,7200,-0.36755314,154.5,350.6111111111111,213725.83922222222,2488981.936,617,701,0.9194709,0.8739078,1.3612323,0.2733028,0.23133822,0.34329993,0.26258346,0.186643,0.43720013,9
HH_023_to_029,1598,13,5200,-0.25400016,156.3846153846154,117.0,209053.617,2488944.2436923077,625,234,0.14955463,0.115803264,0.18865329,0.064209014,0.06221046,0.07406422,0.35496238,0.2847009,0.5986374,9
HH_023_to_029,1628,10,4000,-0.3152384,158.9,60.3,207919.617,2488893.936,635,120,0.6303995,0.54353726,1.2028828,0.3834592,0.27725542,0.41487062,0.5984935,0.3164189,0.69468874,9
HH_023_to_029,1640,19,7600,-0.32185107,161.10526315789474,352.5263157894737,213764.14331578946,2488849.8307368425,644,705,0.6215821,0.5470507,0.7692878,0.38060093,0.27904025,0.4784882,0.61231,0.38496113,0.74079096,9
HH_023_to_029,1644,11,4400,-0.2788056,160.36363636363637,139.8181818181818,209509.98063636365,2488864.6632727273,641,279,1.2872677,1.2637926,1.3621101,0.56608886,0.2869041,0.58194256,0.3588579,0.2931726,0.46240607,9
HH_023_to_029,1653,10,4000,-0.26117247,162.7,110.2,208917.617,2488817.936,650,220,0.17078768,0.1038723,0.19967382,0.047217604,0.021031052,0.057994552,0.38027328,0.1589823,0.55832547,9
HH_023_to_029,1659,14,5600,-0.2898517,161.28571428571428,257.2142857142857,211857.9027142857,2488846.221714286,644,514,0.8200604,0.60923463,1.019395,0.24374779,0.17196967,0.2741029,0.26888782,0.22253375,0.35152507,9
HH_023_to_029,1704,10,4000,-0.31531784,166.6,89.7,208507.617,2488739.936,666,179,0.3415045,0.26546365,0.541284,0.15768155,0.14267677,0.17092025,0.5004919,0.2913102,0.5603124,9
HH_023_to_029,1728,12,4800,-0.31962493,169.58333333333334,36.166666666666664,207436.95033333334,2488680.2693333337,677,72,0.62623173,0.22712532,0.82255936,0.21626014,0.16148649,0.32538596,0.618084,0.23243184,0.98981273,9
HH_023_to_029,1754,16,6400,-0.27134958,171.375,5.9375,206832.367,2488644.436,685,12,0.08020062,0.061332375,0.08596635,0.056550376,0.017832274,0.06769846,0.8111775,0.1796486,1.0619975,9
HH_023_to_029,1755,31,12400,-0.28986123,174.67741935483872,24.258064516129032,207198.77829032257,2488578.3876129035,698,48,0.49400944,0.33062708,0.7771132,0.4535573,0.161497,0.56339025,0.7592745,0.46217373,1.367417,9
HH_023_to_029,1781,10,4000,-0.29906875,173.5,296.7,212647.617,2488601.936,693,593,0.84932256,0.43673816,0.9903844,0.23302951,0.13985248,0.37402695,0.35895866,0.30084863,0.4139885,9
HH_023_to_029,1785,18,7200,-0.34149015,175.22222222222223,36.888888888888886,207451.39477777778,2488567.4915555557,700,74,0.12768835,0.071455285,0.21514261,0.07989245,0.05557633,0.14582437,0.6256831,0.5443828,0.82705855,9
HH_023_to_029,1786,11,4400,-0.30959058,172.63636363636363,76.63636363636364,208246.34427272726,2488619.208727273,690,153,0.25362107,0.19647425,0.4573585,0.22496343,0.15528083,0.24235092,0.6122552,0.3866794,1.4807327,9
HH_023_to_029,1789,15,6000,-0.29274306,172.53333333333333,142.13333333333333,209556.28366666666,2488621.2693333337,689,284,1.1970493,0.60631174,1.3053026,0.38739663,0.28918517,0.55141646,0.32395142,0.24813202,0.49792504,9
HH_023_to_029,1808,15,6000,-0.30426103,173.46666666666667,348.73333333333335,213688.28366666666,2488602.6026666667,693,697,0.11369083,0.07834463,0.15824118,0.05698031,0.032051362,0.08543668,0.5399143,0.5133812,0.670243,9
HH_023_to_029,1816,23,9200,-0.30555642,176.56521739130434,300.5652173913044,212724.92134782608,2488540.631652174,705,601,0.8842383,0.3808134,0.9006591,0.28540638,0.25315613,0.39244783,0.6295997,0.2852152,0.6647774,9
HH_023_to_029,1848,18,7200,-0.29651806,180.44444444444446,29.11111111111111,207295.83922222222,2488463.047111111,721,58,0.10781899,0.029804848,0.16266072,0.07685483,0.051690187,0.12884022,0.99002016,0.74951,1.1949677,9
HH_023_to_029,1857,11,4400,-0.2828051,180.1818181818182,152.36363636363637,209760.88972727273,2488468.299636364,720,305,0.18860121,0.12180272,0.19635835,0.059702758,0.032282874,0.0683388,0.5193884,0.16707927,0.54974335,9
HH_023_to_029,1866,18,7200,-0.2543079,182.27777777777777,159.55555555555554,209904.72811111112,2488426.3804444447,728,319,0.15686682,0.13741858,0.23893055,0.07571672,0.036696613,0.09878396,0.48325944,0.2356776,0.79065365,9
HH_023_to_029,1869,14,5600,-0.36073938,180.64285714285714,223.42857142857142,211182.18842857142,2488459.078857143,722,447,0.87206674,0.47680658,0.9110179,0.28591985,0.2015749,0.29350662,0.32217437,0.20600261,0.5231781,9
HH_023_to_029,1887,20,8000,-0.29625762,183.55,58.0,207873.617,2488400.936,733,116,0.17790805,0.13180849,0.26464677,0.11854711,0.07766903,0.18241732,0.487304,0.24096851,1.0904387,9
HH_023_to_029,1889,13,5200,-0.2755814,182.3846153846154,170.53846153846155,210124.38623076922,2488424.2436923077,729,341,0.74643916,0.52695656,1.2969828,0.35912222,0.2788199,0.5464407,0.51880777,0.3942312,0.67997146,9
HH_023_to_029,1902,12,4800,-0.47128645,183.75,126.5,209243.617,2488396.936,734,253,0.116730824,0.05838811,0.13564715,0.053624384,0.015986968,0.0638064,0.5466114,0.10233049,0.9958572,9
HH_023_to_029,1904,27,10800,-0.30965313,184.2962962962963,231.7037037037037,211347.69107407407,2488386.0100740744,736,463,0.5368167,0.36671883,0.54417074,0.2773104,0.19086635,0.39937064,0.5101463,0.35074717,0.75317913,9
HH_023_to_029,1905,35,14000,-0.2862903,186.11428571428573,256.0285714285714,211834.18842857142,2488349.6502857143,744,512,0.26700822,0.25508094,0.30299267,0.14223956,0.0784629,0.16712469,0.36603478,0.2640702,0.65518296,9
HH_023_to_029,1924,10,4000,-0.25064358,186.6,112.7,208967.617,2488339.936,746,225,0.47810024,0.19033997,0.73340595,0.15931013,0.10057945,0.24990045,0.43725243,0.23447502,0.52842003,9
HH_023_to_029,1925,10,4000,-0.32654503,186.4,139.5,209503.617,2488343.936,745,279,0.8105177,0.64071304,1.3267931,0.19179468,0.16137789,0.3512996,0.2500612,0.2170793,0.412786,9
HH_023_to_029,1931,15,6000,-0.27582142,187.66666666666666,323.53333333333336,213184.28366666666,2488318.6026666667,750,647,0.2829643,0.2451419,0.33309263,0.085437,0.074072495,0.12394136,0.32196185,0.25649622,0.5411664,9
HH_023_to_029,1933,13,5200,-0.2970975,188.15384615384616,28.0,207273.617,2488308.859076923,752,56,0.9270424,0.60551405,1.1031773,0.15992941,0.11567501,0.20937645,0.15915442,0.14060734,0.40092206,9
HH_023_to_029,1950,16,6400,-0.28729832,189.4375,132.1875,209357.367,2488283.186,757,264,0.073683135,0.05948787,0.100287504,0.058716726,0.04972253,0.062461123,0.7968815,0.5308294,0.981992,9
HH_023_to_029,1952,25,10000,-0.31378797,190.0,356.8,213849.617,2488271.936,759,713,0.4322018,0.18424678,0.57458514,0.19422828,0.08616421,0.24084522,0.49165243,0.18360679,1.1052083,9
HH_023_to_029,1976,12,4800,-0.29723606,190.5,332.0833333333333,213355.28366666666,2488261.936,761,664,0.89460796,0.55729,1.0655802,0.27884623,0.17636794,0.33966148,0.2795237,0.15545942,0.50725263,9
HH_023_to_029,1978,13,5200,-0.2706111,190.76923076923077,342.38461538461536,213561.3093076923,2488256.5513846157,762,685,0.11843216,0.099085405,0.15419501,0.062453408,0.02840021,0.09698441,0.5251889,0.24546021,0.8189027,9
HH_023_to_029,1980,19,7600,-0.30545482,195.0,56.10526315789474,207835.7222631579,2488171.936,779,112,0.42518803,0.26683363,0.48186114,0.10456378,0.058632918,0.15888345,0.23421131,0.17876877,0.6214458,9
HH_023_to_029,1986,19,7600,-0.32504317,192.78947368421052,238.21052631578948,211477.82752631578,2488216.146526316,770,476,1.3626001,1.1982764,1.5607405,0.46117046,0.2813045,0.62812114,0.34936213,0.29548183,0.51093245,9
HH_023_to_029,1987,11,4400,-0.2689877,192.27272727272728,271.54545454545456,212144.5260909091,2488226.4814545456,768,543,0.77567863,0.26720464,0.87267965,0.17054406,0.054156855,0.21458438,0.6497728,0.06416897,0.8030713,9
HH_023_to_029,1995,22,8800,-0.31971076,193.72727272727272,121.45454545454545,209142.7079090909,2488197.390545455,774,243,0.08148623,0.058292918,0.1100417,0.044730503,0.03052137,0.069561616,0.40648684,0.25506485,1.0547276,9
HH_023_to_029,2005,10,4000,-0.28340575,194.0,5.1,206815.617,2488191.936,775,10,0.11772162,0.07245104,0.16938888,0.047926042,0.03672014,0.052437052,0.36201718,0.2561383,0.6968363,9
HH_023_to_029,2014,10,4000,-0.2923327,194.3,349.4,213701.617,2488185.936,776,699,0.39722288,0.26094958,0.6475501,0.27560169,0.16225538,0.31840098,0.51045096,0.3280558,1.2201629,9
HH_023_to_029,2020,10,4000,-0.2648033,195.0,318.9,213091.617,2488171.936,779,638,0.36072463,0.2648386,0.452159,0.17120853,0.12119178,0.2854495,0.56371343,0.46652758,0.71678865,9
HH_023_to_029,2033,41,16400,-0.29506856,199.97560975609755,258.219512195122,211878.00724390245,2488072.4238048783,799,516,0.62928146,0.522809,0.9830842,0.14286816,0.11032526,0.4746539,0.32790184,0.2088714,0.58838105,9
HH_023_to_029,2035,15,6000,-0.3396611,195.33333333333334,291.2,212537.617,2488165.2693333337,780,582,0.69912773,0.22056481,1.055707,0.23273228,0.13346155,0.32797152,0.35521784,0.1843921,0.61567944,9
HH_023_to_029,2036,15,6000,-0.29178995,195.2,331.8666666666667,213350.95033333334,2488167.936,780,664,1.0445067,0.74099493,1.3365173,0.3435518,0.19741362,0.43962842,0.23207651,0.17258516,0.5153099,9
HH_023_to_029,2054,18,7200,-0.29011762,199.77777777777777,284.27777777777777,212399.17255555556,2488076.3804444447,798,568,0.29931095,0.19207865,0.38326067,0.2605666,0.16713274,0.29782087,0.74111354,0.3715149,1.3035988,9
HH_023_to_029,2058,13,5200,-0.27264124,198.53846153846155,208.15384615384616,210876.69392307693,2488101.166769231,793,416,0.6352315,0.43614385,0.77524906,0.17734292,0.10316351,0.26623622,0.27907032,0.1428132,0.3658538,9
HH_023_to_029,2068,31,12400,-0.2838179,201.96774193548387,141.32258064516128,209540.0686129032,2488032.5811612904,807,283,0.40485147,0.33168077,0.48702407,0.104301624,0.08367804,0.1598796,0.26536167,0.20210157,0.46457306,9
HH_023_to_029,2085,20,8000,-0.2928161,202.95,333.25,213378.617,2488012.936,811,666,0.5924156,0.5643976,0.73882234,0.2603427,0.1518277,0.29007736,0.39262125,0.1909702,0.57940364,9
HH_023_to_029,2088,73,29200,-0.29103112,210.58904109589042,21.013698630136986,207133.89097260273,2487860.1551780826,841,42,0.2721951,0.20992464,0.46931896,0.12625335,0.087498456,0.17662998,0.3214285,0.23733607,0.6944355,9
HH_023_to_029,2096,10,4000,-0.27241075,204.3,81.0,208333.617,2487985.936,816,162,0.5432175,0.53577656,0.7334374,0.23554474,0.15667523,0.3046967,0.49807665,0.27411187,0.6641452,9
HH_023_to_029,2115,14,5600,-0.3063397,206.85714285714286,240.85714285714286,211530.75985714287,2487934.7931428575,827,482,1.1787167,0.40068054,2.1125546,0.26868352,0.2106995,0.28839448,0.2279458,0.12628537,0.62465036,9
HH_023_to_029,2137,15,6000,-0.29586977,206.86666666666667,129.26666666666668,209298.95033333334,2487934.6026666667,827,258,0.15805481,0.13543804,0.18296058,0.101114646,0.07006948,0.11324237,0.67699707,0.30631033,0.9930031,9
HH_023_to_029,2152,13,5200,-0.36090633,207.0,302.0,212753.617,2487931.936,827,604,0.39441767,0.32513762,0.5560992,0.16664785,0.036269464,0.2470267,0.40994358,0.06522121,0.65690416,9
HH_023_to_029,2157,12,4800,-0.32315248,209.08333333333334,31.25,207338.617,2487890.2693333337,835,62,0.92771065,0.5812442,0.9609798,0.32300097,0.2713633,0.50699353,0.5464996,0.29414505,0.90305907,9
HH_023_to_029,2186,26,10400,-0.31920198,211.1153846153846,275.8076923076923,212229.77084615384,2487849.6283076927,844,551,0.16297238,0.08907372,0.2789281,0.1028682,0.06292559,0.13631465,0.386112,0.30430424,0.77741396,9
HH_023_to_029,2228,11,4400,-0.30270815,215.1818181818182,61.63636363636363,207946.34427272726,2487768.299636364,860,123,0.185566,0.16621989,0.21500778,0.11995863,0.08954162,0.14686795,0.7117841,0.36146826,0.76230586,9
HH_023_to_029,2259,13,5200,-0.25713775,216.6153846153846,199.23076923076923,210698.23238461537,2487739.6283076927,866,398,0.23686674,0.22200367,0.32964534,0.11522222,0.07545329,0.15621682,0.3046388,0.22889233,0.5190104,9
HH_023_to_029,2271,14,5600,-0.29883608,218.42857142857142,274.7142857142857,212207.9027142857,2487703.364571429,873,549,0.24234885,0.15781277,0.2574551,0.077504344,0.06384217,0.09331605,0.38667384,0.26236665,0.4888784,9
HH_023_to_029,2272,35,14000,-0.32028872,221.8,330.2857142857143,213319.3312857143,2487635.936,886,660,0.6024027,0.39174113,0.68585515,0.31994307,0.14702928,0.34963682,0.70452327,0.20126995,0.79134667,9
HH_023_to_029,2276,11,4400,-0.3199515,219.36363636363637,48.27272727272727,207679.07154545456,2487684.6632727273,877,96,0.9112931,0.563299,1.475493,0.41786185,0.25635535,0.49289548,0.4550964,0.3538208,0.6944131,9
HH_023_to_029,2290,13,5200,-0.31552792,220.07692307692307,34.61538461538461,207405.9246923077,2487670.3975384617,879,69,0.17295898,0.09161808,0.20764972,0.07203623,0.06496206,0.12693508,0.3764948,0.30818033,0.6128937,9
HH_023_to_029,2314,12,4800,-0.301137,220.91666666666666,127.41666666666667,209261.95033333334,2487653.6026666667,883,255,2.2312357,0.9196852,2.7816849,0.31938636,0.29874378,0.46686715,0.17736985,0.12784731,0.19357735,9
HH_023_to_029,2315,12,4800,-0.30179682,222.25,138.83333333333334,209490.28366666666,2487626.936,888,278,0.5112319,0.41510174,0.5790121,0.10752283,0.039858446,0.1371135,0.19677028,0.068002604,0.3478535,9
HH_023_to_029,2321,54,21600,-0.32278213,224.05555555555554,308.4074074074074,212881.76514814814,2487590.824888889,895,617,0.6246431,0.2935871,0.9031508,0.31599298,0.17649612,0.3298716,0.6421599,0.20414728,0.9328319,9
VV_025_to_026,19,10,4000,-0.26873875,6.7,94.1,208595.617,2491937.936,26,188,0.8795691,0.46846008,1.0369377,0.52726895,0.40330237,0.6104049,0.5994628,0.39821956,0.91351336,9
VV_025_to_026,87,12,4800,-0.2971368,13.833333333333334,222.25,211158.617,2491795.2693333337,54,444,0.27313405,0.1461283,0.4425871,0.09592108,0.071939096,0.22728175,0.33955956,0.20825748,0.6281428,9
VV_025_to_026,207,10,4000,-0.24054666,30.4,362.1,213955.617,2491463.936,121,724,0.692582,0.37566474,0.9266755,0.12808375,0.09126577,0.19340982,0.21941002,0.18094718,0.2792591,9
VV_025_to_026,415,12,4800,-0.25954998,56.416666666666664,38.25,207478.617,2490943.6026666667,225,76,0.52055436,0.37177357,1.1171693,0.31607628,0.1604631,0.41779473,0.33704764,0.26533833,0.39984608,9
VV_025_to_026,482,10,4000,-0.24954386,63.5,12.0,206953.617,2490801.936,253,24,0.4494759,0.32830492,0.5868615,0.14227824,0.06247546,0.23756339,0.3118816,0.22716261,0.3558254,9
VV_025_to_026,566,10,4000,-0.26369178,72.7,165.4,210021.617,2490617.936,290,331,0.13222365,0.06575683,0.2128019,0.07922675,0.05875518,0.0920054,0.69583166,0.4120358,1.2598044,9
VV_025_to_026,708,13,5200,-0.2737005,88.15384615384616,341.61538461538464,213545.9246923077,2490308.859076923,352,683,0.94610065,0.67774576,1.2065907,0.26707697,0.16221873,0.4372457,0.32922372,0.14488176,0.3940666,9
VV_025_to_026,854,10,4000,-0.2540111,107.8,123.7,209187.617,2489915.936,430,247,0.6517524,0.29149717,1.064692,0.14448687,0.1257693,0.3387271,0.3522959,0.19297098,0.6863961,9
VV_025_to_026,877,11,4400,-0.33324698,108.72727272727273,333.54545454545456,213384.5260909091,2489897.390545455,434,667,0.4176707,0.2712419,0.4601408,0.3555634,0.23875211,0.41976225,0.9122474,0.7577983,1.2692921,9
VV_025_to_026,935,11,4400,-0.29592788,119.27272727272727,55.36363636363637,207820.88972727273,2489686.4814545456,476,111,0.08485039,0.0766974,0.09777033,0.058753528,0.054999396,0.08243328,0.7246614,0.47038582,0.98046976,9
VV_025_to_026,1053,15,6000,-0.24888375,132.86666666666667,250.8,211729.617,2489414.6026666667,531,501,0.7558684,0.49811628,0.9522167,0.29514214,0.21820125,0.35793707,0.4246656,0.25972888,0.68311656,9
VV_025_to_026,1135,26,10400,-0.27352163,143.76923076923077,46.0,207633.617,2489196.5513846157,574,92,0.11401147,0.047913592,0.13289654,0.09933431,0.06916059,0.10663049,1.0767053,0.7474559,1.851863,9
VV_025_to_026,1265,13,5200,-0.2530194,156.53846153846155,47.38461538461539,207661.3093076923,2488941.166769231,625,95,0.30487624,0.21791255,0.39008874,0.3239517,0.31256485,0.51468813,1.3788915,0.5388822,2.464166,9
VV_025_to_026,1298,13,5200,-0.23207484,161.3846153846154,227.53846153846155,211264.38623076922,2488844.2436923077,645,455,0.17160472,0.15092118,0.23123974,0.10666854,0.0656424,0.12393949,0.54349506,0.34797442,0.69541794,9
VV_025_to_026,1354,10,4000,-0.25364786,168.8,57.8,207869.617,2488695.936,674,115,0.121543705,0.10160078,0.17832795,0.08801342,0.07323994,0.11866698,0.75232226,0.54166347,0.85665095,9
VV_025_to_026,1422,10,4000,-0.23272943,177.9,7.3,206859.617,2488513.936,711,14,0.45114514,0.3865077,0.7272481,0.1412965,0.111884885,0.24367806,0.21100369,0.20261891,0.5665479,9
