comparison,region_id,pixels,area_m2,centroid_row,centroid_col,mean_change,min_change,max_change,n_pixels,GUNW_023_HH_median,GUNW_023_HH_mean,GUNW_025_VV_median,GUNW_025_VV_mean,GUNW_026_VV_median,GUNW_026_VV_mean,GUNW_029_HH_median,GUNW_029_HH_mean,HH_023_to_029_change,VV_025_to_026_change
HH_023_to_029,22,23,9200,8.304347826086957,91.1304347826087,-0.2956747,-0.54747474,-0.20179284,23,0.6823581457138062,0.7013282775878906,0.5155460238456726,0.5281758308410645,0.4000645577907562,0.43975841999053955,0.4301230311393738,0.40565353631973267,-0.2522351145744324,-0.11548146605491638
HH_023_to_029,28,10,4000,7.1,39.1,-0.27935025,-0.39376605,-0.2011227,10,0.5896499156951904,0.5819493532180786,0.23762689530849457,0.2503631114959717,0.34453532099723816,0.3524278998374939,0.2732323408126831,0.3025990128517151,-0.3164175748825073,0.10690842568874359
HH_023_to_029,30,15,6000,8.533333333333333,100.26666666666667,-0.31146324,-0.43404827,-0.20910087,15,0.5864273309707642,0.5737216472625732,0.36396947503089905,0.36085522174835205,0.3748334050178528,0.37265437841415405,0.20319846272468567,0.26225847005844116,-0.3832288682460785,0.010863929986953735
HH_023_to_029,32,31,12400,9.935483870967742,140.3548387096774,-0.32181627,-0.49910235,-0.20952418,31,0.5678002238273621,0.5645864009857178,0.2810235023498535,0.29627615213394165,0.29287099838256836,0.3041625916957855,0.25746092200279236,0.242770254611969,-0.3103393018245697,0.011847496032714844
HH_023_to_029,45,12,4800,9.166666666666666,283.8333333333333,-0.264753,-0.36418542,-0.20931888,12,0.43540358543395996,0.4386337697505951,0.21324826776981354,0.2143116146326065,0.21895970404148102,0.20111386477947235,0.16989687085151672,0.17388075590133667,-0.26550671458244324,0.0057114362716674805
HH_023_to_029,49,10,4000,8.3,358.3,-0.29487163,-0.4151908,-0.2040858,10,0.5544295310974121,0.5681970715522766,0.3154388666152954,0.301486998796463,0.271048367023468,0.31854546070098877,0.281017929315567,0.2733253836631775,-0.2734116017818451,-0.04439049959182739
HH_023_to_029,53,13,5200,9.76923076923077,64.23076923076923,-0.29826486,-0.3963899,-0.23432389,13,0.5828549861907959,0.5655262470245361,0.25592347979545593,0.25923097133636475,0.32302817702293396,0.3175603747367859,0.27881237864494324,0.2672613561153412,-0.30404260754585266,0.06710469722747803
HH_023_to_029,86,11,4400,13.272727272727273,191.72727272727272,-0.2945431,-0.42596343,-0.20194982,11,0.5525985956192017,0.5603914856910706,0.20152369141578674,0.2578785717487335,0.5267306566238403,0.4605617821216583,0.25796443223953247,0.2658483684062958,-0.2946341633796692,0.3252069652080536
HH_023_to_029,107,15,6000,17.133333333333333,164.93333333333334,-0.3436105,-0.5069212,-0.21962476,15,0.5284121036529541,0.517375111579895,0.3070451319217682,0.3394526541233063,0.25771331787109375,0.26633819937705994,0.1581653207540512,0.17376463115215302,-0.3702467828989029,-0.04933181405067444
HH_023_to_029,109,40,16000,17.75,288.875,-0.31531873,-0.5195894,-0.20138153,40,0.501456618309021,0.5212177038192749,0.20567193627357483,0.22297927737236023,0.21916186809539795,0.21282783150672913,0.2044675201177597,0.20589907467365265,-0.2969890981912613,0.01348993182182312
HH_023_to_029,125,11,4400,18.181818181818183,100.9090909090909,-0.3328055,-0.55648065,-0.23451853,11,0.4889257550239563,0.5128553509712219,0.23393182456493378,0.2145106941461563,0.2127581685781479,0.22806471586227417,0.19363674521446228,0.1800498515367508,-0.295289009809494,-0.02117365598678589
HH_023_to_029,167,10,4000,22.7,79.8,-0.28814346,-0.39250302,-0.20999625,10,0.5960484743118286,0.5882750749588013,0.22280746698379517,0.2475515902042389,0.33811819553375244,0.333054780960083,0.29794856905937195,0.3001316785812378,-0.29809990525245667,0.11531072854995728
HH_023_to_029,175,12,4800,23.0,48.083333333333336,-0.29180196,-0.3765499,-0.20930052,12,0.5185203552246094,0.5436292290687561,0.4074363112449646,0.3860040605068207,0.4242498278617859,0.4164484739303589,0.22167745232582092,0.25182726979255676,-0.29684290289878845,0.01681351661682129
HH_023_to_029,185,21,8400,24.047619047619047,29.80952380952381,-0.31891373,-0.57622886,-0.21723062,21,0.5417927503585815,0.553128719329834,0.2721286714076996,0.2758844792842865,0.3114689886569977,0.3332573473453522,0.23965096473693848,0.23421499133110046,-0.30214178562164307,0.039340317249298096
HH_023_to_029,186,20,8000,25.75,70.65,-0.2807445,-0.40084225,-0.21392816,20,0.5837504863739014,0.5900818705558777,0.27735424041748047,0.3078129291534424,0.3740044832229614,0.3882281482219696,0.30000510811805725,0.3093373477458954,-0.2837453782558441,0.09665024280548096
HH_023_to_029,188,21,8400,26.0,87.38095238095238,-0.3179445,-0.56900764,-0.20206738,21,0.5603159666061401,0.5538536310195923,0.22708547115325928,0.24830012023448944,0.30296069383621216,0.30895358324050903,0.2241188883781433,0.23590914905071259,-0.3361970782279968,0.07587522268295288
HH_023_to_029,200,11,4400,25.09090909090909,152.54545454545453,-0.26298323,-0.36063048,-0.20575333,11,0.6949797868728638,0.6226412653923035,0.23708660900592804,0.23140954971313477,0.3018445074558258,0.3266586363315582,0.44339317083358765,0.35965800285339355,-0.2515866160392761,0.06475789844989777
HH_023_to_029,217,13,5200,27.53846153846154,329.15384615384613,-0.26093075,-0.36126846,-0.2104547,13,0.5840595364570618,0.5942679047584534,0.337282657623291,0.32731518149375916,0.37107422947883606,0.36656051874160767,0.2875744104385376,0.3333371877670288,-0.29648512601852417,0.033791571855545044
HH_023_to_029,224,14,5600,26.214285714285715,282.2142857142857,-0.2935324,-0.48771507,-0.20214117,14,0.5138936042785645,0.5112362504005432,0.18561741709709167,0.18427646160125732,0.2644854485988617,0.26020070910453796,0.21559026837348938,0.2177038937807083,-0.2983033359050751,0.07886803150177002
HH_023_to_029,233,18,7200,29.833333333333332,276.1666666666667,-0.2762442,-0.40365806,-0.20535073,18,0.47649407386779785,0.48595502972602844,0.29856783151626587,0.2853131592273712,0.24419593811035156,0.25951114296913147,0.19328385591506958,0.20971086621284485,-0.28321021795272827,-0.05437189340591431
HH_023_to_029,235,46,18400,32.52173913043478,354.60869565217394,-0.33934373,-0.5983775,-0.20189926,46,0.5960437059402466,0.5915713906288147,0.3107861280441284,0.30962517857551575,0.24700437486171722,0.24687230587005615,0.2494390457868576,0.2522275745868683,-0.346604660153389,-0.0637817531824112
HH_023_to_029,246,18,7200,31.833333333333332,11.61111111111111,-0.3442923,-0.47544175,-0.2077547,18,0.5975152254104614,0.608715295791626,0.316494882106781,0.33535897731781006,0.3541305661201477,0.3844550848007202,0.2740597724914551,0.2644229829311371,-0.32345545291900635,0.0376356840133667
HH_023_to_029,250,10,4000,28.6,96.5,-0.30130425,-0.5091536,-0.20204383,10,0.5313615202903748,0.5090615153312683,0.2899966835975647,0.3034566044807434,0.15988309681415558,0.17833970487117767,0.1888623833656311,0.20775732398033142,-0.34249913692474365,-0.13011358678340912
HH_023_to_029,265,13,5200,30.0,360.46153846153845,-0.3154619,-0.45220292,-0.21245381,13,0.6176549792289734,0.6188307404518127,0.44058650732040405,0.43194344639778137,0.37184640765190125,0.3429897129535675,0.27412524819374084,0.30336886644363403,-0.34352973103523254,-0.06874009966850281
HH_023_to_029,294,13,5200,33.38461538461539,148.46153846153845,-0.35614893,-0.6260821,-0.20068146,13,0.6140573024749756,0.5939393639564514,0.32618841528892517,0.32814714312553406,0.3415110111236572,0.32475802302360535,0.21255400776863098,0.23779040575027466,-0.4015032947063446,0.015322595834732056
HH_023_to_029,296,49,19600,37.95918367346939,242.9387755102041,-0.30314806,-0.48182678,-0.20124754,49,0.627459704875946,0.6178386807441711,0.2017904371023178,0.19602760672569275,0.4153965711593628,0.4437933564186096,0.3190852999687195,0.3146906793117523,-0.30837440490722656,0.21360613405704498
HH_023_to_029,300,16,6400,34.5,344.6875,-0.27920067,-0.41763848,-0.21464583,16,0.5798712372779846,0.5857991576194763,0.2766733467578888,0.32339802384376526,0.35755205154418945,0.3748071789741516,0.29751312732696533,0.3065984845161438,-0.2823581099510193,0.08087870478630066
HH_023_to_029,305,25,10000,35.84,50.24,-0.33699086,-0.49090108,-0.20729794,25,0.6437584161758423,0.6366611123085022,0.28809115290641785,0.28121843934059143,0.39253807067871094,0.3840758502483368,0.31030723452568054,0.2996703088283539,-0.33345118165016174,0.10444691777229309
HH_023_to_029,310,10,4000,34.7,172.6,-0.28415295,-0.35401145,-0.21844971,10,0.5278667211532593,0.5700052380561829,0.2593684792518616,0.2743070125579834,0.19164717197418213,0.25003278255462646,0.2975704073905945,0.28585225343704224,-0.2302963137626648,-0.06772130727767944
HH_023_to_029,342,23,9200,41.56521739130435,158.30434782608697,-0.27775413,-0.49065673,-0.21203828,23,0.5344315767288208,0.5370301008224487,0.3551464080810547,0.3570830821990967,0.353611022233963,0.36384013295173645,0.25252512097358704,0.2592759430408478,-0.28190645575523376,-0.0015353858470916748
HH_023_to_029,346,13,5200,39.07692307692308,227.84615384615384,-0.28972325,-0.36174607,-0.2099173,13,0.5872258543968201,0.5839819312095642,0.20316578447818756,0.2193339467048645,0.3772440552711487,0.3768772482872009,0.2706370949745178,0.2942587435245514,-0.31658875942230225,0.17407827079296112
HH_023_to_029,362,15,6000,41.4,150.73333333333332,-0.30693,-0.48721772,-0.20579481,15,0.5517867803573608,0.5550315976142883,0.28348684310913086,0.2843489646911621,0.3875443935394287,0.40382128953933716,0.24641954898834229,0.24810154736042023,-0.30536723136901855,0.10405755043029785
HH_023_to_029,370,49,19600,45.06122448979592,35.755102040816325,-0.30521268,-0.48947254,-0.20181641,49,0.6026186347007751,0.6162234544754028,0.2623053789138794,0.2638227641582489,0.32078462839126587,0.32716265320777893,0.3129602074623108,0.31101077795028687,-0.28965842723846436,0.058479249477386475
HH_023_to_029,374,10,4000,42.1,109.7,-0.28862956,-0.4722939,-0.20411476,10,0.6228129267692566,0.608859121799469,0.2121935486793518,0.2637397050857544,0.5355541110038757,0.544847309589386,0.3377046585083008,0.32022958993911743,-0.2851082682609558,0.3233605623245239
HH_023_to_029,388,16,6400,43.5625,7.5625,-0.29056424,-0.5038748,-0.20478794,16,0.5850865244865417,0.5719606876373291,0.36314529180526733,0.37379440665245056,0.3568767011165619,0.361770361661911,0.2806152403354645,0.2813964784145355,-0.30447128415107727,-0.006268590688705444
HH_023_to_029,389,12,4800,43.25,17.166666666666668,-0.31617385,-0.42516088,-0.20630044,12,0.6246365308761597,0.6261966824531555,0.3282724618911743,0.30723753571510315,0.4374241828918457,0.4310966730117798,0.30482324957847595,0.31002289056777954,-0.3198132812976837,0.10915172100067139
HH_023_to_029,393,17,6800,45.1764705882353,165.41176470588235,-0.30445117,-0.49125957,-0.20188874,17,0.5750619769096375,0.5653623342514038,0.307856023311615,0.33415544033050537,0.30730754137039185,0.31093984842300415,0.23275887966156006,0.26091113686561584,-0.3423030972480774,-0.0005484819412231445
HH_023_to_029,398,12,4800,45.666666666666664,45.833333333333336,-0.32433298,-0.5333519,-0.20920604,12,0.6036694049835205,0.6086163520812988,0.3284502625465393,0.3526372015476227,0.47552186250686646,0.4564552307128906,0.27823567390441895,0.2842833697795868,-0.32543373107910156,0.14707159996032715
HH_023_to_029,402,11,4400,45.90909090909091,251.36363636363637,-0.24938741,-0.31349832,-0.20045665,11,0.43106788396835327,0.43815872073173523,0.33147478103637695,0.34152212738990784,0.3942022919654846,0.367346853017807,0.19188641011714935,0.18877126276493073,-0.23918147385120392,0.06272751092910767
HH_023_to_029,432,12,4800,46.833333333333336,64.91666666666667,-0.28528386,-0.40088102,-0.20231588,12,0.46422648429870605,0.505589485168457,0.3339759111404419,0.31886446475982666,0.35019585490226746,0.32070550322532654,0.2083013951778412,0.22030560672283173,-0.25592508912086487,0.01621994376182556
HH_023_to_029,478,64,25600,59.53125,26.71875,-0.2911474,-0.5305618,-0.2005302,64,0.5766341090202332,0.5739877223968506,0.3550787568092346,0.35719168186187744,0.3564602732658386,0.3666805028915405,0.28358328342437744,0.2828402519226074,-0.2930508255958557,0.001381516456604004
HH_023_to_029,480,15,6000,52.46666666666667,118.13333333333334,-0.30368865,-0.52411765,-0.20392129,15,0.5218541622161865,0.5404539704322815,0.31140050292015076,0.353615939617157,0.25998005270957947,0.2782558500766754,0.21333110332489014,0.23676517605781555,-0.3085230588912964,-0.05142045021057129
HH_023_to_029,488,13,5200,53.84615384615385,52.07692307692308,-0.29233804,-0.42921367,-0.20003083,13,0.5907313823699951,0.5823821425437927,0.34988847374916077,0.33082836866378784,0.4632033109664917,0.46010586619377136,0.25343137979507446,0.29004406929016113,-0.33730000257492065,0.11331483721733093
HH_023_to_029,495,21,8400,54.19047619047619,343.0,-0.31869796,-0.51331806,-0.20967779,21,0.580146312713623,0.602191686630249,0.24658335745334625,0.26319602131843567,0.34502577781677246,0.34775978326797485,0.29542917013168335,0.2834937274456024,-0.2847171425819397,0.09844242036342621
HH_023_to_029,508,13,5200,55.15384615384615,322.7692307692308,-0.37567884,-0.59167355,-0.2650462,13,0.641619086265564,0.6307633519172668,0.34592747688293457,0.31411758065223694,0.3614628314971924,0.377299964427948,0.2356262356042862,0.2550845742225647,-0.40599285066127777,0.015535354614257812
HH_023_to_029,556,11,4400,61.0,83.45454545454545,-0.2763108,-0.3634099,-0.21335036,11,0.4519585371017456,0.4878090023994446,0.30495792627334595,0.32558414340019226,0.3793661296367645,0.38949429988861084,0.1987379789352417,0.2114982157945633,-0.2532205581665039,0.07440820336341858
HH_023_to_029,557,10,4000,60.8,104.2,-0.31929922,-0.56821406,-0.22632778,10,0.7306224703788757,0.7270329594612122,0.40195778012275696,0.3659374713897705,0.3429945111274719,0.34313350915908813,0.42920786142349243,0.407733678817749,-0.3014146089553833,-0.058963268995285034
HH_023_to_029,562,14,5600,62.0,336.42857142857144,-0.2714463,-0.40912753,-0.20439056,14,0.4028228521347046,0.4257509708404541,0.2954990267753601,0.3028852641582489,0.2277349829673767,0.23170915246009827,0.14364032447338104,0.15430466830730438,-0.25918252766132355,-0.0677640438079834
HH_023_to_029,579,16,6400,63.875,89.9375,-0.29103798,-0.51379853,-0.21329063,16,0.5803109407424927,0.5710505247116089,0.2885249853134155,0.2936980724334717,0.3823893070220947,0.3774791955947876,0.2794163227081299,0.2800125479698181,-0.3008946180343628,0.0938643217086792
HH_023_to_029,580,25,10000,63.72,135.4,-0.33089912,-0.45316517,-0.2065058,25,0.6106066703796387,0.6231988668441772,0.38082414865493774,0.3710188567638397,0.32797741889953613,0.35522225499153137,0.294293612241745,0.292299747467041,-0.3163130581378937,-0.05284672975540161
HH_023_to_029,605,13,5200,65.07692307692308,172.46153846153845,-0.26273033,-0.39779705,-0.21136501,13,0.5872811675071716,0.5762506723403931,0.27338147163391113,0.2607245147228241,0.3809284269809723,0.3513575792312622,0.30427587032318115,0.31352028250694275,-0.2830052971839905,0.10754695534706116
HH_023_to_029,608,13,5200,65.61538461538461,331.61538461538464,-0.25850797,-0.34346956,-0.20654589,13,0.45130661129951477,0.4572688639163971,0.274255633354187,0.24384847283363342,0.2568708062171936,0.2535301744937897,0.2111070603132248,0.1987609565258026,-0.24019955098628998,-0.017384827136993408
HH_023_to_029,619,51,20400,70.19607843137256,37.509803921568626,-0.31730622,-0.5772485,-0.20060903,51,0.6676310300827026,0.6425603032112122,0.38441240787506104,0.3786952793598175,0.4121773838996887,0.4374832510948181,0.3099590241909027,0.32525402307510376,-0.3576720058917999,0.027764976024627686
HH_023_to_029,623,58,23200,73.48275862068965,142.44827586206895,-0.31372812,-0.57101464,-0.20021555,58,0.5875089168548584,0.5925880074501038,0.2563345730304718,0.2600194811820984,0.3778022229671478,0.37771207094192505,0.2820306420326233,0.27885979413986206,-0.3054782748222351,0.12146764993667603
HH_023_to_029,624,13,5200,67.0,161.53846153846155,-0.31409824,-0.5427209,-0.20179653,13,0.570902407169342,0.5697746872901917,0.4133172035217285,0.3656814694404602,0.2502487897872925,0.25631195306777954,0.23846380412578583,0.25567638874053955,-0.3324386030435562,-0.16306841373443604
HH_023_to_029,626,11,4400,65.81818181818181,200.54545454545453,-0.25528118,-0.31926557,-0.20890078,11,0.5548480153083801,0.5540784597396851,0.279166042804718,0.29746904969215393,0.4169476330280304,0.3957442045211792,0.3029424548149109,0.2987973392009735,-0.25190556049346924,0.13778159022331238
HH_023_to_029,649,34,13600,71.0,47.0,-0.32431144,-0.5454187,-0.20315668,34,0.588106632232666,0.5829992890357971,0.3509165048599243,0.3700147271156311,0.3849550783634186,0.36888861656188965,0.24644258618354797,0.2586878836154938,-0.34166404604911804,0.03403857350349426
HH_023_to_029,651,21,8400,69.38095238095238,105.0952380952381,-0.3214026,-0.4550979,-0.22074226,21,0.6261254549026489,0.6242903470993042,0.3361915647983551,0.32779499888420105,0.46144020557403564,0.430389940738678,0.3024727702140808,0.3028877377510071,-0.3236526846885681,0.12524864077568054
HH_023_to_029,704,75,30000,81.16,11.64,-0.3107807,-0.5845155,-0.20009875,75,0.5449246764183044,0.5882343649864197,0.28056246042251587,0.30243244767189026,0.35947927832603455,0.3686654269695282,0.25392287969589233,0.2774536609649658,-0.2910017967224121,0.07891681790351868
HH_023_to_029,707,15,6000,76.06666666666666,76.0,-0.2663463,-0.3784796,-0.20760843,15,0.5681313872337341,0.5819887518882751,0.2548118531703949,0.27384480834007263,0.19704045355319977,0.2044583410024643,0.34286558628082275,0.31564250588417053,-0.22526580095291138,-0.05777139961719513
HH_023_to_029,750,24,9600,78.625,167.58333333333334,-0.3498659,-0.54732376,-0.21231389,24,0.601732611656189,0.6028522849082947,0.304247111082077,0.3218778371810913,0.3902674913406372,0.3848022222518921,0.2409008890390396,0.2529864013195038,-0.36083172261714935,0.08602038025856018
HH_023_to_029,765,11,4400,81.36363636363636,60.36363636363637,-0.28014863,-0.3582201,-0.2003729,11,0.6209012269973755,0.6226685643196106,0.2586260139942169,0.2491232007741928,0.4023364186286926,0.39864957332611084,0.3154684007167816,0.34251993894577026,-0.30543282628059387,0.1437104046344757
HH_023_to_029,779,14,5600,82.5,135.35714285714286,-0.2998485,-0.3973887,-0.20060584,14,0.5724148750305176,0.5700237154960632,0.31396451592445374,0.3311832547187805,0.3163468837738037,0.300910085439682,0.30086204409599304,0.2701752185821533,-0.27155283093452454,0.0023823678493499756
HH_023_to_029,822,28,11200,88.03571428571429,126.03571428571429,-0.30386394,-0.5139087,-0.20297053,28,0.5054384469985962,0.5088487267494202,0.3045644164085388,0.3142043650150299,0.29445523023605347,0.27787789702415466,0.19234418869018555,0.20498476922512054,-0.31309425830841064,-0.010109186172485352
HH_023_to_029,847,12,4800,88.16666666666667,319.25,-0.26194432,-0.3345267,-0.20901188,12,0.3657267093658447,0.38132715225219727,0.22880783677101135,0.2512011229991913,0.2795065641403198,0.2655804455280304,0.11531394720077515,0.1193828284740448,-0.2504127621650696,0.05069872736930847
HH_023_to_029,854,12,4800,90.33333333333333,149.58333333333334,-0.28245538,-0.39242,-0.22615612,12,0.5592864751815796,0.5848652720451355,0.29536229372024536,0.3093257248401642,0.3905324339866638,0.3529919385910034,0.28219273686408997,0.3024098873138428,-0.2770937383174896,0.09517014026641846
HH_023_to_029,881,10,4000,91.7,308.4,-0.28548115,-0.39487994,-0.21185279,10,0.5939923524856567,0.5805774927139282,0.23945389688014984,0.2508532702922821,0.3873199224472046,0.4060453474521637,0.28891807794570923,0.29509633779525757,-0.3050742745399475,0.14786602556705475
HH_023_to_029,883,11,4400,91.18181818181819,343.72727272727275,-0.27119568,-0.4040643,-0.21148488,11,0.5239208936691284,0.5362067818641663,0.33898553252220154,0.33452245593070984,0.35748207569122314,0.3666927218437195,0.2703324258327484,0.2650110721588135,-0.25358846783638,0.018496543169021606
HH_023_to_029,892,12,4800,92.41666666666667,4.25,-0.27061966,-0.378833,-0.21299633,12,0.6677980422973633,0.6022982597351074,0.42622002959251404,0.4280073642730713,0.3411738872528076,0.3741145133972168,0.38780173659324646,0.3316785395145416,-0.2799963057041168,-0.08504614233970642
HH_023_to_029,900,10,4000,92.0,244.5,-0.36633366,-0.44441968,-0.23922318,10,0.5607460737228394,0.5613484978675842,0.2202989161014557,0.23596100509166718,0.20203524827957153,0.2169559746980667,0.21853426098823547,0.1950148344039917,-0.3422118127346039,-0.018263667821884155
HH_023_to_029,902,10,4000,92.7,290.8,-0.2661012,-0.37371248,-0.20174628,10,0.6547638177871704,0.624933123588562,0.4001619517803192,0.3727324604988098,0.530920684337616,0.5282574892044067,0.3290308713912964,0.35883191227912903,-0.325732946395874,0.13075873255729675
HH_023_to_029,935,17,6800,97.47058823529412,281.52941176470586,-0.32350662,-0.5295293,-0.22229812,17,0.5694193840026855,0.5718337297439575,0.3806026875972748,0.3644620478153229,0.492123007774353,0.4704156517982483,0.22962811589241028,0.2483271211385727,-0.33979126811027527,0.11152032017707825
HH_023_to_029,942,11,4400,96.36363636363636,110.9090909090909,-0.28384435,-0.38213888,-0.20000291,11,0.5324510335922241,0.5351020693778992,0.40267160534858704,0.38263165950775146,0.22175070643424988,0.24138478934764862,0.24158388376235962,0.2512577176094055,-0.2908671498298645,-0.18092089891433716
HH_023_to_029,970,18,7200,98.55555555555556,248.05555555555554,-0.29962128,-0.47772908,-0.20219174,18,0.5527639389038086,0.5684707164764404,0.27612602710723877,0.28815916180610657,0.27423882484436035,0.27820420265197754,0.2797635495662689,0.2688494920730591,-0.2730003893375397,-0.001887202262878418
HH_023_to_029,972,10,4000,99.1,13.7,-0.3095622,-0.45875135,-0.22438708,10,0.6369971036911011,0.6463930606842041,0.3362656235694885,0.3456903100013733,0.324765145778656,0.342070072889328,0.32824909687042236,0.33683085441589355,-0.3087480068206787,-0.01150047779083252
HH_023_to_029,982,24,9600,100.54166666666667,343.9583333333333,-0.3351406,-0.529215,-0.20973957,24,0.5853420495986938,0.576382577419281,0.2302762120962143,0.24475549161434174,0.3080393075942993,0.31911996006965637,0.23694050312042236,0.24124200642108917,-0.3484015464782715,0.07776309549808502
HH_023_to_029,996,34,13600,104.5,322.29411764705884,-0.29752988,-0.50406134,-0.20628044,34,0.6563515663146973,0.6680508852005005,0.3797228932380676,0.41792768239974976,0.46684151887893677,0.4401761591434479,0.3848955035209656,0.37052100896835327,-0.2714560627937317,0.08711862564086914
HH_023_to_029,997,16,6400,101.0625,351.5,-0.29555535,-0.39619592,-0.21253619,16,0.6317962408065796,0.6237016320228577,0.2558182179927826,0.27831393480300903,0.3859584331512451,0.36867278814315796,0.3156830072402954,0.3281463086605072,-0.3161132335662842,0.13014021515846252
HH_023_to_029,1015,10,4000,101.7,271.0,-0.23572719,-0.29198593,-0.219961,10,0.42353343963623047,0.4182418882846832,0.2638587951660156,0.281141072511673,0.364860475063324,0.3380090296268463,0.17037278413772583,0.1825147122144699,-0.25316065549850464,0.10100167989730835
HH_023_to_029,1017,12,4800,103.5,6.916666666666667,-0.2725241,-0.38527274,-0.20462173,12,0.4762372374534607,0.487913578748703,0.23021650314331055,0.25269463658332825,0.2548873722553253,0.2714065611362457,0.21899354457855225,0.2153894305229187,-0.25724369287490845,0.02467086911201477
HH_023_to_029,1027,18,7200,103.83333333333333,314.72222222222223,-0.31103823,-0.46483442,-0.20320876,18,0.5481773614883423,0.5666279792785645,0.3631490468978882,0.3493797183036804,0.3962550759315491,0.3942793309688568,0.24226057529449463,0.2555897533893585,-0.30591678619384766,0.03310602903366089
HH_023_to_029,1033,11,4400,105.45454545454545,18.636363636363637,-0.29475108,-0.4177843,-0.20699081,11,0.6205774545669556,0.6331579089164734,0.33214789628982544,0.3217991292476654,0.314330518245697,0.3167794942855835,0.37069031596183777,0.33840683102607727,-0.2498871386051178,-0.017817378044128418
HH_023_to_029,1041,14,5600,106.07142857142857,244.21428571428572,-0.3065863,-0.5071393,-0.21730657,14,0.5405780076980591,0.5289576649665833,0.28718599677085876,0.2975151240825653,0.1752864420413971,0.18572379648685455,0.2143244743347168,0.22237130999565125,-0.3262535333633423,-0.11189955472946167
HH_023_to_029,1043,12,4800,105.91666666666667,333.0,-0.28237113,-0.44596946,-0.20772499,12,0.5891296863555908,0.6072161793708801,0.4805758595466614,0.5093349814414978,0.3197117745876312,0.312956303358078,0.32169854640960693,0.3248450458049774,-0.2674311399459839,-0.16086408495903015
HH_023_to_029,1063,23,9200,109.04347826086956,118.34782608695652,-0.3138022,-0.41060108,-0.20018688,23,0.5778210163116455,0.5810164213180542,0.3002437949180603,0.3034020960330963,0.4217425584793091,0.4032578766345978,0.23247605562210083,0.2672141194343567,-0.3453449606895447,0.12149876356124878
HH_023_to_029,1074,18,7200,111.0,39.0,-0.2996642,-0.4235214,-0.2159864,18,0.6038598418235779,0.6098278164863586,0.34043627977371216,0.323003888130188,0.4771713614463806,0.4702620506286621,0.297843337059021,0.31016361713409424,-0.3060165047645569,0.13673508167266846
HH_023_to_029,1076,11,4400,108.9090909090909,184.63636363636363,-0.34006518,-0.45873472,-0.26257205,11,0.4788220524787903,0.5020487904548645,0.24045811593532562,0.2256629914045334,0.3181834816932678,0.30547893047332764,0.17225806415081024,0.16198360919952393,-0.30656398832798004,0.0777253657579422
HH_023_to_029,1096,40,16000,112.125,83.75,-0.2942507,-0.4635652,-0.20293811,40,0.648324728012085,0.6499870419502258,0.3636893630027771,0.3570341467857361,0.4257025122642517,0.42390042543411255,0.36345160007476807,0.35573631525039673,-0.2848731279373169,0.06201314926147461
HH_023_to_029,1101,23,9200,112.04347826086956,238.8695652173913,-0.33212778,-0.48654377,-0.21848664,23,0.5736840963363647,0.5726172924041748,0.2847808003425598,0.2781655788421631,0.26595938205718994,0.256936252117157,0.22726106643676758,0.24048954248428345,-0.34642302989959717,-0.018821418285369873
HH_023_to_029,1107,12,4800,112.0,99.41666666666667,-0.31227112,-0.44864923,-0.20627192,12,0.5342870950698853,0.5416393280029297,0.3878675401210785,0.3696012496948242,0.3316478133201599,0.3322473466396332,0.1891997754573822,0.22936826944351196,-0.34508731961250305,-0.05621972680091858
HH_023_to_029,1110,63,25200,116.36507936507937,127.31746031746032,-0.31308836,-0.55007625,-0.20182443,63,0.6123613119125366,0.5817186236381531,0.310346782207489,0.3737916052341461,0.3584263324737549,0.38211333751678467,0.2282056361436844,0.2686302363872528,-0.38415567576885223,0.04807955026626587
HH_023_to_029,1114,18,7200,113.77777777777777,303.8888888888889,-0.29525235,-0.4870542,-0.20458463,18,0.5284665822982788,0.5393177270889282,0.18624618649482727,0.20845386385917664,0.2745133638381958,0.31734827160835266,0.23940014839172363,0.2440653145313263,-0.2890664339065552,0.08826717734336853
HH_023_to_029,1120,11,4400,113.63636363636364,58.0,-0.2701851,-0.40309685,-0.20164469,11,0.5110943913459778,0.5289739370346069,0.3130394220352173,0.30796685814857483,0.3846980035305023,0.36100852489471436,0.2519318461418152,0.2587888538837433,-0.2591625452041626,0.07165858149528503
HH_023_to_029,1129,33,13200,116.24242424242425,11.393939393939394,-0.286401,-0.4718529,-0.20094234,33,0.6098692417144775,0.6185990571975708,0.3427077531814575,0.33555668592453003,0.39157235622406006,0.36972686648368835,0.33478766679763794,0.33219799399375916,-0.2750815749168396,0.04886460304260254
HH_023_to_029,1143,15,6000,112.46666666666667,330.93333333333334,-0.26796335,-0.40448028,-0.20727277,15,0.6010363101959229,0.6185871362686157,0.23430374264717102,0.2559094727039337,0.39847782254219055,0.42583683133125305,0.30492904782295227,0.3506237864494324,-0.2961072623729706,0.16417407989501953
HH_023_to_029,1145,25,10000,116.84,20.52,-0.3262542,-0.531982,-0.20052823,25,0.5129606127738953,0.5346900224685669,0.2338411659002304,0.2498149275779724,0.3331942856311798,0.34359195828437805,0.1722635179758072,0.2084358185529709,-0.3406970947980881,0.0993531197309494
HH_023_to_029,1148,13,5200,114.15384615384616,116.6923076923077,-0.34671623,-0.53377503,-0.23491058,13,0.683429479598999,0.664072573184967,0.4394432008266449,0.4172978699207306,0.3599918782711029,0.40706729888916016,0.3495117425918579,0.3173563778400421,-0.3339177370071411,-0.07945132255554199
HH_023_to_029,1161,10,4000,115.1,110.1,-0.28003037,-0.4148537,-0.21777624,10,0.5339795351028442,0.5553326606750488,0.36884695291519165,0.36063262820243835,0.31266701221466064,0.32506129145622253,0.2800442576408386,0.2753022313117981,-0.2539352774620056,-0.056179940700531006
HH_023_to_029,1165,13,5200,116.76923076923077,102.07692307692308,-0.33911008,-0.54434896,-0.21426404,13,0.7100599408149719,0.6973442435264587,0.2756001353263855,0.33262020349502563,0.46900150179862976,0.4247506260871887,0.36290737986564636,0.3582341969013214,-0.34715256094932556,0.19340136647224426
HH_023_to_029,1182,17,6800,119.17647058823529,139.35294117647058,-0.34593976,-0.5708301,-0.20379537,17,0.5963788032531738,0.6271212697029114,0.43906354904174805,0.4250110685825348,0.28904303908348083,0.27746373414993286,0.2824877202510834,0.2811815142631531,-0.31389108300209045,-0.1500205099582672
HH_023_to_029,1194,30,12000,120.7,291.73333333333335,-0.2778667,-0.448299,-0.20625708,30,0.5312094688415527,0.5380194783210754,0.2993236780166626,0.31112703680992126,0.395597904920578,0.3950861096382141,0.2526072561740875,0.2601528465747833,-0.2786022126674652,0.0962742269039154
HH_023_to_029,1218,29,11600,123.86206896551724,271.48275862068965,-0.3032978,-0.51410544,-0.20124972,29,0.5688124895095825,0.5530362725257874,0.28121963143348694,0.3190179169178009,0.3803848624229431,0.3698938190937042,0.24985843896865845,0.24973848462104797,-0.3189540505409241,0.09916523098945618
HH_023_to_029,1253,15,6000,126.13333333333334,110.86666666666666,-0.27883974,-0.35726535,-0.21014476,15,0.612610399723053,0.6211387515068054,0.2940867841243744,0.31859055161476135,0.45776915550231934,0.4494931399822235,0.34252026677131653,0.3422990143299103,-0.27009013295173645,0.16368237137794495
HH_023_to_029,1256,10,4000,126.7,154.1,-0.31901675,-0.47492626,-0.23508334,10,0.5121458768844604,0.5118540525436401,0.28209805488586426,0.3035270571708679,0.4115608334541321,0.36582404375076294,0.19791504740715027,0.19283728301525116,-0.3142308294773102,0.12946277856826782
HH_023_to_029,1262,15,6000,125.93333333333334,315.73333333333335,-0.24632247,-0.3100646,-0.20111394,15,0.6989630460739136,0.6484301686286926,0.37335774302482605,0.38318049907684326,0.3606145679950714,0.3738013505935669,0.42240992188453674,0.40210777521133423,-0.27655312418937683,-0.012743175029754639
HH_023_to_029,1271,29,11600,128.86206896551724,143.75862068965517,-0.2820021,-0.4261978,-0.2012428,29,0.6755084991455078,0.6732925176620483,0.41419413685798645,0.394081711769104,0.4227477014064789,0.40357354283332825,0.3914177119731903,0.3912903964519501,-0.2840907871723175,0.008553564548492432
HH_023_to_029,1278,16,6400,129.125,30.75,-0.34035212,-0.5648879,-0.20289585,16,0.6955225467681885,0.6771748065948486,0.3644964098930359,0.40495091676712036,0.37292057275772095,0.35289543867111206,0.3260941505432129,0.3368226885795593,-0.3694283962249756,0.008424162864685059
HH_023_to_029,1281,11,4400,129.9090909090909,102.18181818181819,-0.28874376,-0.3581568,-0.22101954,11,0.6045481562614441,0.594666063785553,0.3751797676086426,0.3752799928188324,0.4518589675426483,0.42608851194381714,0.3078365921974182,0.3059222996234894,-0.2967115640640259,0.07667919993400574
HH_023_to_029,1295,15,6000,129.8,318.8,-0.27176636,-0.39279747,-0.21160989,15,0.7028456330299377,0.6844592690467834,0.3041093349456787,0.32379257678985596,0.45847949385643005,0.46806228160858154,0.40285229682922363,0.4126928448677063,-0.2999933362007141,0.15437015891075134
HH_023_to_029,1307,20,8000,132.4,53.6,-0.28532076,-0.40176275,-0.20005578,20,0.6176204681396484,0.599483847618103,0.32027173042297363,0.3234260380268097,0.27352264523506165,0.3133386969566345,0.3095298409461975,0.3141630291938782,-0.3080906271934509,-0.04674908518791199
HH_023_to_029,1324,14,5600,133.28571428571428,234.92857142857142,-0.25499186,-0.35902587,-0.20367706,14,0.5089515447616577,0.5054562091827393,0.31050071120262146,0.3112209141254425,0.33058762550354004,0.3356657326221466,0.23408475518226624,0.2504643201828003,-0.2748667895793915,0.02008691430091858
HH_023_to_029,1370,10,4000,137.8,131.3,-0.3338231,-0.5409478,-0.21215296,10,0.5553640723228455,0.5736792683601379,0.304068922996521,0.31770870089530945,0.42865777015686035,0.4026425778865814,0.23135560750961304,0.23985612392425537,-0.3240084648132324,0.12458884716033936
HH_023_to_029,1371,12,4800,136.75,142.83333333333334,-0.29747486,-0.5074983,-0.2091856,12,0.5750054717063904,0.5796672701835632,0.342285692691803,0.3616388738155365,0.41177478432655334,0.4347020089626312,0.2810364067554474,0.2821923792362213,-0.293969064950943,0.06948909163475037
HH_023_to_029,1376,27,10800,137.74074074074073,309.3703703703704,-0.26992527,-0.43944913,-0.20018983,27,0.5374505519866943,0.5446181297302246,0.28576987981796265,0.3142027258872986,0.3773095905780792,0.4127070903778076,0.26647287607192993,0.2746928632259369,-0.2709776759147644,0.09153971076011658
HH_023_to_029,1390,21,8400,141.04761904761904,291.3333333333333,-0.28937373,-0.53024745,-0.20032582,21,0.5280072689056396,0.5293170809745789,0.2639593780040741,0.2715901732444763,0.4098357856273651,0.40995535254478455,0.24891632795333862,0.23994334042072296,-0.279090940952301,0.14587640762329102
HH_023_to_029,1405,10,4000,138.7,353.8,-0.35661513,-0.51891416,-0.23716812,10,0.5469614863395691,0.5527068376541138,0.2873821258544922,0.26734447479248047,0.2912011444568634,0.30165204405784607,0.17962270975112915,0.19609171152114868,-0.36733877658843994,0.003819018602371216
HH_023_to_029,1406,15,6000,140.6,6.0,-0.2937501,-0.4019111,-0.22766525,15,0.6236016154289246,0.6165204644203186,0.24353066086769104,0.25606968998908997,0.2929075062274933,0.3007165193557739,0.33518680930137634,0.32277029752731323,-0.2884148061275482,0.049376845359802246
HH_023_to_029,1413,11,4400,140.9090909090909,333.0,-0.27186638,-0.3797421,-0.2067714,11,0.5051100254058838,0.5386551022529602,0.25854557752609253,0.2694697082042694,0.3579789996147156,0.34765109419822693,0.23658917844295502,0.26678869128227234,-0.26852084696292877,0.09943342208862305
HH_023_to_029,1453,19,7600,144.57894736842104,108.05263157894737,-0.28248176,-0.3932278,-0.2170747,19,0.5737519264221191,0.5684839487075806,0.27862548828125,0.2804042100906372,0.44177737832069397,0.4314115047454834,0.29759296774864197,0.2860022485256195,-0.2761589586734772,0.16315189003944397
HH_023_to_029,1461,13,5200,145.15384615384616,281.3076923076923,-0.33340663,-0.52583885,-0.21067908,13,0.6180790066719055,0.604336142539978,0.38796910643577576,0.35674864053726196,0.41323593258857727,0.4000001549720764,0.23264315724372864,0.2709294855594635,-0.3854358494281769,0.025266826152801514
HH_023_to_029,1464,11,4400,146.45454545454547,330.3636363636364,-0.2560585,-0.31958565,-0.21976724,11,0.5482988357543945,0.5757275223731995,0.3024898171424866,0.3424536883831024,0.4922866225242615,0.45895785093307495,0.3075267970561981,0.31966903805732727,-0.2407720386981964,0.1897968053817749
HH_023_to_029,1470,18,7200,145.83333333333334,158.94444444444446,-0.30014116,-0.43093565,-0.21503042,18,0.46462178230285645,0.473979115486145,0.28752750158309937,0.28811609745025635,0.3404626250267029,0.3432522416114807,0.15987907350063324,0.17383791506290436,-0.3047427088022232,0.052935123443603516
HH_023_to_029,1492,12,4800,147.0,350.25,-0.2790325,-0.3702683,-0.20560871,12,0.4637659192085266,0.4584159553050995,0.28412550687789917,0.26234057545661926,0.4180351495742798,0.3860314190387726,0.15982180833816528,0.17938347160816193,-0.30394411087036133,0.13390964269638062
HH_023_to_029,1501,18,7200,148.0,301.22222222222223,-0.30206686,-0.56861186,-0.21742362,18,0.6429468393325806,0.6538354158401489,0.3257646858692169,0.32805344462394714,0.4922329783439636,0.46972909569740295,0.33925920724868774,0.3517686128616333,-0.3036876320838928,0.1664682924747467
HH_023_to_029,1505,13,5200,148.0,65.0,-0.24746254,-0.31807384,-0.20215261,13,0.461698055267334,0.4904676675796509,0.26602521538734436,0.27065062522888184,0.31379157304763794,0.306925505399704,0.23341146111488342,0.24300514161586761,-0.22828659415245056,0.04776635766029358
HH_023_to_029,1525,28,11200,151.25,254.5,-0.2916741,-0.4186345,-0.20237513,28,0.5316106081008911,0.5516589879989624,0.2936791777610779,0.2743188142776489,0.41392338275909424,0.368705689907074,0.24942028522491455,0.2599848806858063,-0.28219032287597656,0.12024420499801636
HH_023_to_029,1536,13,5200,151.3846153846154,246.53846153846155,-0.27042386,-0.3302282,-0.21054795,13,0.6171997785568237,0.6292436122894287,0.3024534583091736,0.3263784646987915,0.2536233067512512,0.26781952381134033,0.35861602425575256,0.35881978273391724,-0.25858375430107117,-0.04883015155792236
HH_023_to_029,1552,11,4400,153.0909090909091,23.90909090909091,-0.3294071,-0.43768978,-0.22778523,11,0.6253920793533325,0.6205105185508728,0.29833459854125977,0.29254594445228577,0.32274162769317627,0.3406904935836792,0.27501028776168823,0.29110342264175415,-0.3503817915916443,0.024407029151916504
HH_023_to_029,1564,18,7200,155.16666666666666,76.38888888888889,-0.30124715,-0.38787207,-0.21072078,18,0.5276287198066711,0.5277886986732483,0.31231045722961426,0.3094939589500427,0.24355560541152954,0.2583470046520233,0.2261860966682434,0.22654154896736145,-0.30144262313842773,-0.06875485181808472
HH_023_to_029,1566,11,4400,154.8181818181818,159.63636363636363,-0.29717013,-0.46260786,-0.20153467,11,0.5420461893081665,0.5415402054786682,0.2692757546901703,0.2621839642524719,0.2943786084651947,0.30389830470085144,0.24598152935504913,0.24437008798122406,-0.29606465995311737,0.025102853775024414
HH_023_to_029,1570,19,7600,154.94736842105263,304.3157894736842,-0.28315037,-0.36925265,-0.20520543,19,0.499487042427063,0.5193922519683838,0.30164021253585815,0.31486067175865173,0.33125609159469604,0.3480403423309326,0.22721374034881592,0.23624186217784882,-0.27227330207824707,0.02961587905883789
HH_023_to_029,1582,18,7200,154.5,350.6111111111111,-0.36755314,-0.5264123,-0.21653688,18,0.6845067739486694,0.6569942235946655,0.29784825444221497,0.27774569392204285,0.457265168428421,0.4074608385562897,0.2694101929664612,0.2894410789012909,-0.41509658098220825,0.15941691398620605
HH_023_to_029,1598,13,5200,156.3846153846154,117.0,-0.25400016,-0.38937765,-0.21301904,13,0.48637863993644714,0.5042555928230286,0.21320746839046478,0.23216202855110168,0.23931749165058136,0.2632889747619629,0.2602290213108063,0.25025540590286255,-0.22614961862564087,0.026110023260116577
HH_023_to_029,1628,10,4000,158.9,60.3,-0.3152384,-0.40801585,-0.21537423,10,0.6107136607170105,0.6226144433021545,0.3561786413192749,0.36070695519447327,0.26241645216941833,0.28619080781936646,0.2941952347755432,0.30737605690956116,-0.3165184259414673,-0.09376218914985657
HH_023_to_029,1640,19,7600,161.10526315789474,352.5263157894737,-0.32185107,-0.5647504,-0.202241,19,0.7020473480224609,0.6869997382164001,0.43426620960235596,0.4132373332977295,0.3925521969795227,0.41103309392929077,0.3250744044780731,0.365148663520813,-0.3769729435443878,-0.04171401262283325
HH_023_to_029,1644,11,4400,160.36363636363637,139.8181818181818,-0.2788056,-0.38959473,-0.20513502,11,0.5477647185325623,0.5653828978538513,0.32411056756973267,0.3391159474849701,0.3849058747291565,0.39968499541282654,0.23630200326442719,0.28657734394073486,-0.31146271526813507,0.06079530715942383
HH_023_to_029,1653,10,4000,162.7,110.2,-0.26117247,-0.38293156,-0.20161483,10,0.45073115825653076,0.46975478529930115,0.21142342686653137,0.21328508853912354,0.19734063744544983,0.18019315600395203,0.1744113564491272,0.20858235657215118,-0.27631980180740356,-0.014082789421081543
HH_023_to_029,1659,14,5600,161.28571428571428,257.2142857142857,-0.2898517,-0.41906178,-0.20599192,14,0.6041805744171143,0.6065441966056824,0.34705594182014465,0.34969139099121094,0.39814287424087524,0.3908625543117523,0.3208625912666321,0.316692590713501,-0.2833179831504822,0.05108693242073059
HH_023_to_029,1704,10,4000,166.6,89.7,-0.31531784,-0.4664788,-0.20659605,10,0.5513931512832642,0.5522064566612244,0.28984153270721436,0.28757166862487793,0.38163745403289795,0.36954671144485474,0.21895244717597961,0.23688867688179016,-0.33244070410728455,0.0917959213256836
HH_023_to_029,1728,12,4800,169.58333333333334,36.166666666666664,-0.31962493,-0.53246444,-0.21327081,12,0.5436596870422363,0.5386155247688293,0.35640284419059753,0.3422411382198334,0.35134220123291016,0.341795414686203,0.1959517002105713,0.21899062395095825,-0.34770798683166504,-0.005060642957687378
HH_023_to_029,1754,16,6400,171.375,5.9375,-0.27134958,-0.41082513,-0.20155446,16,0.4374834895133972,0.46289119124412537,0.23518279194831848,0.24985232949256897,0.21004118025302887,0.22267776727676392,0.17004066705703735,0.1915416121482849,-0.26744282245635986,-0.025141611695289612
HH_023_to_029,1755,31,12400,174.67741935483872,24.258064516129032,-0.28986123,-0.46020025,-0.2004619,31,0.5976436138153076,0.6165243983268738,0.3452857434749603,0.35739269852638245,0.36035698652267456,0.3675394654273987,0.3002682328224182,0.3266631066799164,-0.2973753809928894,0.015071243047714233
HH_023_to_029,1781,10,4000,173.5,296.7,-0.29906875,-0.39205593,-0.20023817,10,0.691429615020752,0.7048985958099365,0.29685598611831665,0.3686330318450928,0.41708076000213623,0.40722551941871643,0.4165556728839874,0.40582984685897827,-0.2748739421367645,0.12022477388381958
HH_023_to_029,1785,18,7200,175.22222222222223,36.888888888888886,-0.34149015,-0.52263176,-0.24199381,18,0.6115399599075317,0.6082162261009216,0.3883703649044037,0.37859708070755005,0.35731667280197144,0.38373053073883057,0.29655134677886963,0.2667260766029358,-0.3149886131286621,-0.03105369210243225
HH_023_to_029,1786,11,4400,172.63636363636363,76.63636363636364,-0.30959058,-0.43591607,-0.23035353,11,0.6266696453094482,0.6520923972129822,0.2505957782268524,0.26126134395599365,0.3329569399356842,0.36386725306510925,0.3189767897129059,0.34250181913375854,-0.30769285559654236,0.08236116170883179
HH_023_to_029,1789,15,6000,172.53333333333333,142.13333333333333,-0.29274306,-0.37320226,-0.21132135,15,0.5261918902397156,0.5212215185165405,0.3480667173862457,0.33502399921417236,0.28979456424713135,0.3273783326148987,0.2105281949043274,0.22847852110862732,-0.3156636953353882,-0.05827215313911438
HH_023_to_029,1808,15,6000,173.46666666666667,348.73333333333335,-0.30426103,-0.5175005,-0.20170388,15,0.47936496138572693,0.48397260904312134,0.25795096158981323,0.28833919763565063,0.2754881978034973,0.31335359811782837,0.15886059403419495,0.17971159517765045,-0.320504367351532,0.017537236213684082
HH_023_to_029,1816,23,9200,176.56521739130434,300.5652173913044,-0.30555642,-0.48167235,-0.21107143,23,0.6373382210731506,0.6398991942405701,0.32349976897239685,0.31645265221595764,0.4810038208961487,0.4815550148487091,0.34127020835876465,0.3343427777290344,-0.296068012714386,0.15750405192375183
HH_023_to_029,1848,18,7200,180.44444444444446,29.11111111111111,-0.29651806,-0.4640444,-0.20053193,18,0.515819251537323,0.5216699838638306,0.32048195600509644,0.2978631258010864,0.3388790488243103,0.38166606426239014,0.22620946168899536,0.2251519411802292,-0.28960978984832764,0.018397092819213867
HH_023_to_029,1857,11,4400,180.1818181818182,152.36363636363637,-0.2828051,-0.37227577,-0.2038978,11,0.4680497944355011,0.5173030495643616,0.311684787273407,0.355785071849823,0.2047148048877716,0.21493034064769745,0.22365818917751312,0.23449791967868805,-0.24439160525798798,-0.10696998238563538
HH_023_to_029,1866,18,7200,182.27777777777777,159.55555555555554,-0.2543079,-0.34077322,-0.20123005,18,0.5083996653556824,0.5048587322235107,0.3215072751045227,0.3030008375644684,0.40057092905044556,0.3789210021495819,0.2674119472503662,0.2505507171154022,-0.24098771810531616,0.07906365394592285
HH_023_to_029,1869,14,5600,180.64285714285714,223.42857142857142,-0.36073938,-0.58991694,-0.22423324,14,0.7522741556167603,0.7553700804710388,0.46249592304229736,0.4931594431400299,0.563742995262146,0.5657392144203186,0.42090660333633423,0.39463064074516296,-0.331367552280426,0.10124707221984863
HH_023_to_029,1887,20,8000,183.55,58.0,-0.29625762,-0.40933418,-0.21427399,20,0.5484721064567566,0.5192751884460449,0.24826771020889282,0.25931185483932495,0.3282929062843323,0.32610830664634705,0.22438418865203857,0.22301754355430603,-0.324087917804718,0.08002519607543945
HH_023_to_029,1889,13,5200,182.3846153846154,170.53846153846155,-0.2755814,-0.35652363,-0.22095248,13,0.5766082406044006,0.5920595526695251,0.2186717689037323,0.22165583074092865,0.4765814542770386,0.4353157877922058,0.3229619860649109,0.3164781332015991,-0.25364625453948975,0.2579096853733063
HH_023_to_029,1902,12,4800,183.75,126.5,-0.47128645,-0.71592766,-0.22236821,12,0.6748321652412415,0.674978494644165,0.22200129926204681,0.24149960279464722,0.437066912651062,0.39454424381256104,0.1804734170436859,0.20369206368923187,-0.49435874819755554,0.2150656133890152
HH_023_to_029,1904,27,10800,184.2962962962963,231.7037037037037,-0.30965313,-0.4869435,-0.20680892,27,0.665043830871582,0.6379584670066833,0.36729803681373596,0.3994896709918976,0.4399093985557556,0.460506409406662,0.28551530838012695,0.32830536365509033,-0.3795285224914551,0.07261136174201965
HH_023_to_029,1905,35,14000,186.11428571428573,256.0285714285714,-0.2862903,-0.43700638,-0.20172086,35,0.624573290348053,0.6185346245765686,0.3551650643348694,0.405210942029953,0.4354497194290161,0.46639904379844666,0.3221804201602936,0.3322443664073944,-0.3023928701877594,0.08028465509414673
HH_023_to_029,1924,10,4000,186.6,112.7,-0.25064358,-0.3093301,-0.20950893,10,0.6102862358093262,0.5983827710151672,0.28759562969207764,0.34613603353500366,0.2742052972316742,0.3552042245864868,0.3527030348777771,0.34773918986320496,-0.2575832009315491,-0.013390332460403442
HH_023_to_029,1925,10,4000,186.4,139.5,-0.32654503,-0.44200706,-0.22387543,10,0.6832239627838135,0.6716270446777344,0.30930399894714355,0.3196578323841095,0.5145209431648254,0.48860836029052734,0.33062946796417236,0.34508198499679565,-0.3525944948196411,0.20521694421768188
HH_023_to_029,1931,15,6000,187.66666666666666,323.53333333333336,-0.27582142,-0.4139784,-0.20487335,15,0.511859655380249,0.5425083637237549,0.3221542537212372,0.31046611070632935,0.4030523896217346,0.36726075410842896,0.24236157536506653,0.26668694615364075,-0.2694980800151825,0.08089813590049744
HH_023_to_029,1933,13,5200,188.15384615384616,28.0,-0.2970975,-0.37143672,-0.2199279,13,0.5552476644515991,0.5688583850860596,0.2889547348022461,0.2877363860607147,0.34774401783943176,0.3651198744773865,0.24854852259159088,0.27176085114479065,-0.30669914186000824,0.05878928303718567
HH_023_to_029,1950,16,6400,189.4375,132.1875,-0.28729832,-0.38148475,-0.2149773,16,0.46430057287216187,0.465185284614563,0.2804771661758423,0.2894671559333801,0.3543138802051544,0.31578701734542847,0.17083090543746948,0.177886962890625,-0.2934696674346924,0.07383671402931213
HH_023_to_029,1952,25,10000,190.0,356.8,-0.31378797,-0.4794562,-0.20622256,25,0.6318839192390442,0.6124387383460999,0.30479028820991516,0.3323989510536194,0.39109259843826294,0.35707223415374756,0.2783674895763397,0.2986507713794708,-0.35351642966270447,0.08630231022834778
HH_023_to_029,1976,12,4800,190.5,332.0833333333333,-0.29723606,-0.4405406,-0.21118045,12,0.5596028566360474,0.562141478061676,0.28373271226882935,0.2568327486515045,0.35905247926712036,0.3699311316013336,0.22742438316345215,0.26490548253059387,-0.3321784734725952,0.07531976699829102
HH_023_to_029,1978,13,5200,190.76923076923077,342.38461538461536,-0.2706111,-0.35848516,-0.20185511,13,0.450219064950943,0.4399626553058624,0.27279430627822876,0.2651866376399994,0.255215048789978,0.23937806487083435,0.16792908310890198,0.16935157775878906,-0.282289981842041,-0.017579257488250732
HH_023_to_029,1980,19,7600,195.0,56.10526315789474,-0.30545482,-0.41871524,-0.20096582,19,0.547349214553833,0.538489818572998,0.3031567931175232,0.30443164706230164,0.24986422061920166,0.2732531428337097,0.21566808223724365,0.23303504288196564,-0.33168113231658936,-0.05329257249832153
HH_023_to_029,1986,19,7600,192.78947368421052,238.21052631578948,-0.32504317,-0.5271926,-0.20104244,19,0.7143052220344543,0.7137904763221741,0.4933062791824341,0.4813596308231354,0.5470165014266968,0.5627889037132263,0.3730013966560364,0.38874730467796326,-0.34130382537841797,0.053710222244262695
HH_023_to_029,1987,11,4400,192.27272727272728,271.54545454545456,-0.2689877,-0.5387356,-0.20474859,11,0.5347472429275513,0.5287004113197327,0.21486714482307434,0.22055457532405853,0.2571150064468384,0.2642005681991577,0.2827167212963104,0.25971272587776184,-0.25203052163124084,0.04224786162376404
HH_023_to_029,1995,22,8800,193.72727272727272,121.45454545454545,-0.31971076,-0.5326632,-0.20214361,22,0.6443861722946167,0.6022430658340454,0.2577650547027588,0.2531967759132385,0.4550204873085022,0.4437710642814636,0.2555784583091736,0.28253233432769775,-0.3888077139854431,0.1972554326057434
HH_023_to_029,2005,10,4000,194.0,5.1,-0.28340575,-0.4408929,-0.20660856,10,0.5084513425827026,0.521232008934021,0.19004201889038086,0.2186627835035324,0.24080230295658112,0.24973730742931366,0.2513364553451538,0.23782627284526825,-0.25711488723754883,0.050760284066200256
HH_023_to_029,2014,10,4000,194.3,349.4,-0.2923327,-0.44470656,-0.20217124,10,0.6024965047836304,0.6236825585365295,0.2750355005264282,0.3032153248786926,0.3587134778499603,0.3853783905506134,0.3121761977672577,0.3313499093055725,-0.2903203070163727,0.0836779773235321
HH_023_to_029,2020,10,4000,195.0,318.9,-0.2648033,-0.32638445,-0.21073213,10,0.4691968262195587,0.4708961546421051,0.21516306698322296,0.23460105061531067,0.2443012148141861,0.26572468876838684,0.19578784704208374,0.20609286427497864,-0.273408979177475,0.029138147830963135
HH_023_to_029,2033,41,16400,199.97560975609755,258.219512195122,-0.29506856,-0.4612154,-0.2065081,41,0.646367073059082,0.6293913722038269,0.34158656001091003,0.33868908882141113,0.3557332754135132,0.36165815591812134,0.3215828835964203,0.3343227803707123,-0.32478418946266174,0.01414671540260315
HH_023_to_029,2035,15,6000,195.33333333333334,291.2,-0.3396611,-0.5098561,-0.20582241,15,0.6186333894729614,0.587833821773529,0.24553292989730835,0.2508131265640259,0.24603262543678284,0.2728210687637329,0.23530878126621246,0.2481728196144104,-0.38332460820674896,0.0004996955394744873
HH_023_to_029,2036,15,6000,195.2,331.8666666666667,-0.29178995,-0.5067347,-0.20362991,15,0.6730511784553528,0.6689729690551758,0.3241634964942932,0.31115689873695374,0.4409521818161011,0.40328389406204224,0.363008975982666,0.37718304991722107,-0.31004220247268677,0.11678868532180786
HH_023_to_029,2054,18,7200,199.77777777777777,284.27777777777777,-0.29011762,-0.47263718,-0.21938759,18,0.5514020919799805,0.5599198341369629,0.2407340705394745,0.298649400472641,0.38501137495040894,0.40105125308036804,0.2616115212440491,0.2698022127151489,-0.2897905707359314,0.14427730441093445
HH_023_to_029,2058,13,5200,198.53846153846155,208.15384615384616,-0.27264124,-0.34330535,-0.2245915,13,0.6198542714118958,0.6204913258552551,0.4154944121837616,0.3740985691547394,0.3939765691757202,0.40029069781303406,0.34292495250701904,0.3478500545024872,-0.2769293189048767,-0.021517843008041382
HH_023_to_029,2068,31,12400,201.96774193548387,141.32258064516128,-0.2838179,-0.4791832,-0.20654926,31,0.5199675559997559,0.5348580479621887,0.28749850392341614,0.30418407917022705,0.3482851982116699,0.37212932109832764,0.23903587460517883,0.2510402202606201,-0.280931681394577,0.060786694288253784
HH_023_to_029,2085,20,8000,202.95,333.25,-0.2928161,-0.47803473,-0.21159604,20,0.5875250101089478,0.5825514197349548,0.295173317193985,0.319197416305542,0.5064200162887573,0.49739471077919006,0.28936368227005005,0.28973525762557983,-0.2981613278388977,0.21124669909477234
HH_023_to_029,2088,73,29200,210.58904109589042,21.013698630136986,-0.29103112,-0.5223979,-0.20177525,73,0.6010095477104187,0.6335517764091492,0.2907406687736511,0.30265742540359497,0.3621237576007843,0.3543485999107361,0.31795385479927063,0.34252065420150757,-0.28305569291114807,0.07138308882713318
HH_023_to_029,2096,10,4000,204.3,81.0,-0.27241075,-0.33094943,-0.20993747,10,0.5238452553749084,0.5560339093208313,0.2852301299571991,0.29803887009620667,0.4341517984867096,0.407276451587677,0.26973751187324524,0.2836230993270874,-0.2541077435016632,0.1489216685295105
HH_023_to_029,2115,14,5600,206.85714285714286,240.85714285714286,-0.3063397,-0.45384917,-0.20567903,14,0.6982738971710205,0.6719341278076172,0.43185916543006897,0.4383096396923065,0.5465754866600037,0.5326317548751831,0.37770718336105347,0.3655944764614105,-0.32056671380996704,0.11471632122993469
HH_023_to_029,2137,15,6000,206.86666666666667,129.26666666666668,-0.29586977,-0.39661464,-0.2109049,15,0.6025468707084656,0.6025452017784119,0.19933485984802246,0.23264949023723602,0.38056325912475586,0.3533440828323364,0.29571980237960815,0.306675523519516,-0.3068270683288574,0.1812283992767334
HH_023_to_029,2152,13,5200,207.0,302.0,-0.36090633,-0.5175375,-0.2144796,13,0.5774268507957458,0.5945185422897339,0.3139078617095947,0.34287163615226746,0.3635029196739197,0.3617646396160126,0.21684530377388,0.23361222445964813,-0.36058154702186584,0.04959505796432495
HH_023_to_029,2157,12,4800,209.08333333333334,31.25,-0.32315248,-0.4909648,-0.21162891,12,0.7332621812820435,0.7160709500312805,0.4465733766555786,0.43861615657806396,0.4556501507759094,0.42945587635040283,0.40579885244369507,0.3929184377193451,-0.3274633288383484,0.00907677412033081
HH_023_to_029,2186,26,10400,211.1153846153846,275.8076923076923,-0.31920198,-0.5300225,-0.20590022,26,0.5793720483779907,0.5977466106414795,0.35769346356391907,0.363787978887558,0.3046916723251343,0.3044883906841278,0.26414597034454346,0.27854466438293457,-0.31522607803344727,-0.05300179123878479
HH_023_to_029,2228,11,4400,215.1818181818182,61.63636363636363,-0.30270815,-0.492032,-0.20186746,11,0.7189997434616089,0.706679105758667,0.327900767326355,0.34103962779045105,0.29233232140541077,0.27088463306427,0.422317236661911,0.40397101640701294,-0.2966825067996979,-0.035568445920944214
HH_023_to_029,2259,13,5200,216.6153846153846,199.23076923076923,-0.25713775,-0.3866982,-0.20087668,13,0.6015176773071289,0.5910208821296692,0.3028697967529297,0.3197272717952728,0.36737489700317383,0.35846951603889465,0.30163171887397766,0.333883136510849,-0.29988595843315125,0.06450510025024414
HH_023_to_029,2271,14,5600,218.42857142857142,274.7142857142857,-0.29883608,-0.4527763,-0.21003668,14,0.44588905572891235,0.47404569387435913,0.2585320770740509,0.2651979625225067,0.23978400230407715,0.2467985600233078,0.1813349723815918,0.17520961165428162,-0.26455408334732056,-0.018748074769973755
HH_023_to_029,2272,35,14000,221.8,330.2857142857143,-0.32028872,-0.55335534,-0.20343491,35,0.6150243282318115,0.6235294938087463,0.32737061381340027,0.34164270758628845,0.27522745728492737,0.28884121775627136,0.31540340185165405,0.30324065685272217,-0.29962092638015747,-0.0521431565284729
HH_023_to_029,2276,11,4400,219.36363636363637,48.27272727272727,-0.3199515,-0.47472456,-0.20402038,11,0.6966485381126404,0.6854370832443237,0.3678129315376282,0.3710800111293793,0.3769124746322632,0.4163120985031128,0.32500195503234863,0.3654854893684387,-0.37164658308029175,0.00909954309463501
HH_023_to_029,2290,13,5200,220.07692307692307,34.61538461538461,-0.31552792,-0.42703414,-0.20539415,13,0.6220818758010864,0.6162973046302795,0.3310702443122864,0.39060530066490173,0.3086511790752411,0.32054680585861206,0.32371947169303894,0.3007693588733673,-0.2983624041080475,-0.022419065237045288
HH_023_to_029,2314,12,4800,220.91666666666666,127.41666666666667,-0.301137,-0.43451783,-0.23071054,12,0.813249945640564,0.8060572147369385,0.4334021806716919,0.4570130407810211,0.6890807747840881,0.6723255515098572,0.4934066832065582,0.504920244216919,-0.31984326243400574,0.25567859411239624
HH_023_to_029,2315,12,4800,222.25,138.83333333333334,-0.30179682,-0.390084,-0.2022874,12,0.6796180009841919,0.6522789597511292,0.305756151676178,0.3134692907333374,0.2377776801586151,0.274062842130661,0.3732038140296936,0.35048219561576843,-0.3064141869544983,-0.06797847151756287
HH_023_to_029,2321,54,21600,224.05555555555554,308.4074074074074,-0.32278213,-0.54923606,-0.20484614,54,0.6134529113769531,0.6151230335235596,0.37247538566589355,0.3557679355144501,0.43658018112182617,0.42333847284317017,0.30383574962615967,0.2923409342765808,-0.30961716175079346,0.06410479545593262
VV_025_to_026,19,10,4000,6.7,94.1,-0.26873875,-0.3808488,-0.2158809,10,0.5766632556915283,0.534632682800293,0.6152611970901489,0.5921886563301086,0.33303940296173096,0.3234499394893646,0.43074026703834534,0.4363606572151184,-0.14592298865318298,-0.28222179412841797
VV_025_to_026,87,12,4800,13.833333333333334,222.25,-0.2971368,-0.4688848,-0.21884413,12,0.3951413035392761,0.4650222361087799,0.49175912141799927,0.4970422685146332,0.19586648046970367,0.19990535080432892,0.48112034797668457,0.48003527522087097,0.08597904443740845,-0.2958926409482956
VV_025_to_026,207,10,4000,30.4,362.1,-0.24054666,-0.28778026,-0.21330525,10,0.4887232780456543,0.48492398858070374,0.5116764307022095,0.5120033025741577,0.2696068584918976,0.2714565396308899,0.3464309573173523,0.38497787714004517,-0.142292320728302,-0.2420695722103119
VV_025_to_026,415,12,4800,56.416666666666664,38.25,-0.25954998,-0.37518278,-0.20161635,12,0.3856653571128845,0.3761175870895386,0.5858526229858398,0.5400339365005493,0.29606810212135315,0.28048402070999146,0.35541588068008423,0.38732656836509705,-0.030249476432800293,-0.2897845208644867
VV_025_to_026,482,10,4000,63.5,12.0,-0.24954386,-0.35161832,-0.20737472,10,0.34921303391456604,0.3824348449707031,0.4988861083984375,0.5106523036956787,0.2639007568359375,0.2611084580421448,0.3003530502319336,0.34499186277389526,-0.048859983682632446,-0.2349853515625
VV_025_to_026,566,10,4000,72.7,165.4,-0.26369178,-0.31806445,-0.20426172,10,0.28353673219680786,0.33221474289894104,0.3980773687362671,0.3859260678291321,0.12472973018884659,0.1222342997789383,0.26707810163497925,0.26372385025024414,-0.016458630561828613,-0.2733476385474205
VV_025_to_026,708,13,5200,88.15384615384616,341.61538461538464,-0.2737005,-0.39122793,-0.20555535,13,0.4472590982913971,0.4614872336387634,0.57378089427948,0.5661169290542603,0.2939375936985016,0.29241642355918884,0.5140794515609741,0.5405828952789307,0.06682035326957703,-0.2798433005809784
VV_025_to_026,854,10,4000,107.8,123.7,-0.2540111,-0.3007763,-0.22570002,10,0.477960467338562,0.4456252157688141,0.4932999014854431,0.50787752866745,0.22653841972351074,0.2538664638996124,0.4390797019004822,0.4480826258659363,-0.038880765438079834,-0.2667614817619324
VV_025_to_026,877,11,4400,108.72727272727273,333.54545454545456,-0.33324698,-0.5066437,-0.20293528,11,0.5413250923156738,0.5566103458404541,0.5976173877716064,0.6115262508392334,0.29003816843032837,0.27827924489974976,0.45647919178009033,0.43096333742141724,-0.0848459005355835,-0.3075792193412781
VV_025_to_026,935,11,4400,119.27272727272727,55.36363636363637,-0.29592788,-0.34689122,-0.23162149,11,0.22670672833919525,0.25982338190078735,0.4933597445487976,0.4860004186630249,0.14828307926654816,0.19007253646850586,0.19799719750881195,0.231547012925148,-0.0287095308303833,-0.34507666528224945
VV_025_to_026,1053,15,6000,132.86666666666667,250.8,-0.24888375,-0.3567862,-0.20026481,15,0.41878995299339294,0.38636791706085205,0.44343388080596924,0.46861258149147034,0.20007656514644623,0.21972879767417908,0.5009780526161194,0.49494341015815735,0.08218809962272644,-0.243357315659523
VV_025_to_026,1135,26,10400,143.76923076923077,46.0,-0.27352163,-0.45745713,-0.2011393,26,0.3356552720069885,0.34737393260002136,0.4735061526298523,0.47888368368148804,0.21044817566871643,0.20536202192306519,0.3958379030227661,0.38261762261390686,0.06018263101577759,-0.26305797696113586
VV_025_to_026,1265,13,5200,156.53846153846155,47.38461538461539,-0.2530194,-0.35528392,-0.20424902,13,0.45579278469085693,0.4584062397480011,0.5178324580192566,0.5078755617141724,0.2568676471710205,0.2548561692237854,0.45085009932518005,0.45811110734939575,-0.00494268536567688,-0.2609648108482361
VV_025_to_026,1298,13,5200,161.3846153846154,227.53846153846155,-0.23207484,-0.25902393,-0.21093947,13,0.23094536364078522,0.2373395562171936,0.43806207180023193,0.43788859248161316,0.2026137113571167,0.2058137059211731,0.3162107467651367,0.3182126581668854,0.0852653831243515,-0.23544836044311523
VV_025_to_026,1354,10,4000,168.8,57.8,-0.25364786,-0.33541757,-0.20635347,10,0.3229448199272156,0.31930655241012573,0.38987696170806885,0.41675347089767456,0.14701230823993683,0.1631055772304535,0.2639423608779907,0.2516184449195862,-0.059002459049224854,-0.24286465346813202
VV_025_to_026,1422,10,4000,177.9,7.3,-0.23272943,-0.26223806,-0.20587641,10,0.29782208800315857,0.3011191487312317,0.42735224962234497,0.4344230592250824,0.18892629444599152,0.2016935795545578,0.40703582763671875,0.4171830713748932,0.10921373963356018,-0.23842595517635345
