comparison,region_id,nisar_pixels,area_m2,lon,lat,s1_n,s1_mean_db,s1_median_db,s1_min_db,s1_max_db,s1_p25_db,s1_p75_db,s1_pct_le_minus1db,s1_pct_le_minus2db,s1_pct_le_minus3db
HH_023_to_029,22,23,9200.0,90.1669106,22.5087995,575,0.5549846291542053,0.7031314373016357,-7.143983364105225,6.371836185455322,-1.2687273025512695,2.5820975303649902,27.82608695652174,19.304347826086957,9.565217391304348
HH_023_to_029,28,10,4000.0,90.1568007,22.5088386,250,-0.5015161037445068,0.3721693158149719,-8.236520767211914,4.445623397827148,-1.6900683641433716,1.5424656867980957,31.2,24.8,20.0
HH_023_to_029,30,15,6000.0,90.1686859,22.5087894,375,0.5543009638786316,0.481343150138855,-5.505053997039795,8.367513656616211,-1.1371643543243408,2.009030818939209,29.06666666666667,9.333333333333334,3.733333333333334
HH_023_to_029,32,31,12400.0,90.176477,22.5086731,775,0.19735287129878998,0.12348271161317825,-10.905732154846191,9.118350982666016,-1.787076711654663,2.3028926849365234,32.12903225806451,23.483870967741936,16.387096774193548
HH_023_to_029,45,12,4800.0,90.2043415,22.5092983,300,-0.7727906107902527,-0.8772270679473877,-11.126558303833008,6.154172897338867,-1.9160585403442383,0.8314467072486877,47.333333333333336,23.666666666666668,15.0
HH_023_to_029,49,10,4000.0,90.218802,22.5097053,250,0.04457812383770943,0.10729408264160156,-4.2809858322143555,5.6825785636901855,-1.9392095804214478,1.4960622787475586,35.6,22.0,2.8000000000000003
HH_023_to_029,53,13,5200.0,90.1616915,22.5084431,325,-0.08065260946750641,-0.6715005040168762,-11.627962112426758,9.955268859863281,-2.8328394889831543,2.670816421508789,48.0,36.0,23.076923076923077
HH_023_to_029,86,11,4400.0,90.186467,22.5082456,275,-1.3626476526260376,-1.042738676071167,-9.541004180908203,5.872475624084473,-3.0615038871765137,0.20773109793663025,51.272727272727266,36.0,25.818181818181817
HH_023_to_029,107,15,6000.0,90.1812771,22.5074579,375,0.3370509445667267,0.3810850977897644,-6.638885021209717,6.126763820648193,-1.4888032674789429,1.9367609024047852,30.933333333333334,19.733333333333334,10.933333333333334
HH_023_to_029,109,40,16000.0,90.2053519,22.5077663,1000,0.05344570800662041,0.010728123597800732,-7.957492828369141,6.588336944580078,-1.9437042474746704,2.2424604892730713,36.7,24.4,13.8
HH_023_to_029,125,11,4400.0,90.1688461,22.5070504,275,-1.084999442100525,-1.8688263893127441,-5.523664474487305,7.558589935302734,-3.1979126930236816,0.499123752117157,63.63636363636363,49.09090909090909,29.818181818181817
HH_023_to_029,167,10,4000.0,90.164763,22.5061629,250,-4.938875675201416,-3.8508901596069336,-20.178546905517578,2.6126790046691895,-7.005180358886719,-2.172574520111084,86.4,76.0,60.0
HH_023_to_029,175,12,4800.0,90.1586041,22.5060001,300,-0.5506213307380676,-0.6500247120857239,-6.60506534576416,5.899694442749023,-1.9984478950500488,0.8161885738372803,40.666666666666664,25.0,12.333333333333334
HH_023_to_029,185,21,8400.0,90.1550589,22.5057484,525,-1.2399386167526245,-1.0904549360275269,-10.440587043762207,6.4100141525268555,-2.9087352752685547,0.6915802359580994,51.04761904761905,32.57142857142858,24.38095238095238
HH_023_to_029,186,20,8000.0,90.1629971,22.5055812,500,-1.1262264251708984,-1.525341272354126,-6.861622333526611,8.438251495361328,-2.846381664276123,0.17397268116474152,59.599999999999994,42.6,22.2
HH_023_to_029,188,21,8400.0,90.1662475,22.5055933,525,-5.360429763793945,-5.094924449920654,-15.804698944091797,1.217437505722046,-7.836962699890137,-2.5481886863708496,88.38095238095238,80.95238095238095,72.19047619047619
HH_023_to_029,200,11,4400.0,90.1789003,22.5059797,275,0.12716005742549896,-0.12238988280296326,-4.5654754638671875,5.379033088684082,-1.202615737915039,1.6074974536895752,29.09090909090909,12.727272727272727,7.636363636363637
HH_023_to_029,217,13,5200.0,90.2132106,22.5061355,325,1.1482691764831543,1.4529656171798706,-5.1023149490356445,7.372040748596191,-0.7916342616081238,2.921025514602661,23.076923076923077,10.76923076923077,4.615384615384616
HH_023_to_029,224,14,5600.0,90.2040889,22.5062164,350,-2.7750449180603027,-2.718303680419922,-7.505241394042969,3.180537462234497,-4.227869987487793,-1.3678021430969238,83.71428571428572,63.714285714285715,45.14285714285714
HH_023_to_029,233,18,7200.0,90.2029275,22.5055429,450,-0.42073968052864075,-0.45064684748649597,-10.210838317871094,7.301924228668213,-1.9970113039016724,1.2198959589004517,40.0,25.11111111111111,13.777777777777779
HH_023_to_029,235,46,18400.0,90.2181726,22.5053217,1145,0.7159439921379089,0.8927801251411438,-7.262807369232178,7.46556282043457,-1.4324603080749512,2.9870808124542236,28.471615720524017,20.262008733624455,12.05240174672489
HH_023_to_029,246,18,7200.0,90.1515533,22.5042809,450,-5.102292060852051,-6.266297340393066,-15.668298721313477,5.712562561035156,-8.001946449279785,-1.9936953783035278,80.22222222222221,74.66666666666667,70.44444444444444
HH_023_to_029,250,10,4000.0,90.1680281,22.5051553,250,-0.0706217810511589,-0.2647612988948822,-7.1988205909729,6.3919219970703125,-1.3164894580841064,1.2972252368927002,31.6,20.0,8.4
HH_023_to_029,265,13,5200.0,90.2193002,22.5057964,325,-5.888225078582764,-6.784132957458496,-13.665271759033203,8.233678817749023,-10.235280990600586,-3.2328202724456787,81.23076923076923,78.46153846153847,75.6923076923077
HH_023_to_029,294,13,5200.0,90.1781375,22.5044691,325,0.67033851146698,0.9716353416442871,-9.611207962036133,9.213525772094727,-1.5531467199325562,3.275607109069824,30.76923076923077,21.846153846153847,12.923076923076923
HH_023_to_029,296,49,19600.0,90.1965035,22.5039642,1225,-6.092573642730713,-4.002299785614014,-19.775794982910156,7.239642143249512,-13.724526405334473,0.5013314485549927,66.20408163265306,60.0,54.285714285714285
HH_023_to_029,300,16,6400.0,90.2162528,22.5049314,400,1.5951734781265259,1.5534439086914062,-5.944210052490234,10.39306640625,-0.6154597997665405,3.6581075191497803,20.5,12.0,7.5
HH_023_to_029,305,25,10000.0,90.1590704,22.5036905,625,0.17351806163787842,0.2411683052778244,-8.35635757446289,7.3831868171691895,-1.578143835067749,2.1380808353424072,34.56,22.24,15.36
HH_023_to_029,310,10,4000.0,90.1828304,22.5043138,250,1.5759562253952026,1.8530616760253906,-5.014825344085693,6.687570095062256,-0.6707834601402283,3.7715909481048584,21.2,13.600000000000001,7.199999999999999
HH_023_to_029,342,23,9200.0,90.1800791,22.5030263,575,1.244072437286377,1.2712682485580444,-3.278104782104492,6.3850789070129395,-0.3238449692726135,2.648188829421997,14.43478260869565,1.7391304347826086,0.17391304347826086
HH_023_to_029,346,13,5200.0,90.1935762,22.5037114,325,-1.3505932092666626,-1.7483949661254883,-8.497735977172852,5.410876750946045,-2.8258895874023438,0.013079103082418442,58.769230769230774,41.23076923076923,24.307692307692307
HH_023_to_029,362,15,6000.0,90.1786081,22.5030304,375,-1.808538794517517,-1.9070297479629517,-9.768643379211426,7.316234588623047,-3.66618013381958,-0.2939089238643646,64.53333333333333,48.0,34.66666666666667
HH_023_to_029,370,49,19600.0,90.1562913,22.5019768,1225,0.8774363994598389,0.7676981687545776,-6.014456272125244,8.183309555053711,-0.7358641028404236,2.401841878890991,22.122448979591837,9.63265306122449,3.1020408163265305
HH_023_to_029,374,10,4000.0,90.1706414,22.5027642,250,0.8372142910957336,1.406333565711975,-5.031130313873291,4.696143627166748,-0.008158493787050247,2.708357334136963,20.4,16.400000000000002,12.4
HH_023_to_029,388,16,6400.0,90.1508104,22.5021504,390,0.7026554346084595,0.5908510088920593,-5.515807151794434,10.270451545715332,-0.8133774995803833,2.180746555328369,22.30769230769231,8.974358974358974,3.8461538461538463
HH_023_to_029,389,12,4800.0,90.1526745,22.5022398,300,0.34242483973503113,0.695231556892395,-7.064165115356445,5.632811069488525,-1.7249075174331665,2.882624864578247,28.999999999999996,22.333333333333332,18.333333333333332
HH_023_to_029,393,17,6800.0,90.1814727,22.5023988,425,1.0261011123657227,0.8379944562911987,-3.9777884483337402,5.73575496673584,-0.30188682675361633,2.393970251083374,14.588235294117647,5.647058823529412,1.1764705882352942
HH_023_to_029,398,12,4800.0,90.1582508,22.5019021,300,0.516843318939209,0.5556197166442871,-6.59513521194458,8.306589126586914,-0.8585036993026733,1.6182379722595215,24.0,10.666666666666668,6.333333333333334
HH_023_to_029,402,11,4400.0,90.1981687,22.502558,275,-0.4954342842102051,-0.8489997386932373,-6.751155376434326,8.67817211151123,-2.7259349822998047,1.7157397270202637,47.63636363636364,31.272727272727273,22.181818181818183
HH_023_to_029,432,12,4800.0,90.1619613,22.5017569,300,-1.4111238718032837,-1.1577625274658203,-7.683772563934326,3.657881021499634,-2.9524283409118652,0.4608648717403412,53.0,37.333333333333336,25.0
HH_023_to_029,478,64,25600.0,90.1545898,22.4993345,1600,-0.6919257640838623,-0.373748242855072,-18.87372398376465,9.23316478729248,-2.583376884460449,1.7208305597305298,41.9375,30.4375,21.25
HH_023_to_029,480,15,6000.0,90.1723173,22.5009222,375,-0.4539516270160675,-0.26317963004112244,-8.617557525634766,5.221220016479492,-2.202910900115967,1.5098743438720703,38.4,27.200000000000003,16.0
HH_023_to_029,488,13,5200.0,90.1594935,22.5004474,325,0.866705596446991,0.21492606401443481,-7.463374614715576,10.465188980102539,-1.7722922563552856,3.3421084880828857,30.76923076923077,21.846153846153847,16.307692307692307
HH_023_to_029,495,21,8400.0,90.2159962,22.5013723,525,-3.0168275833129883,-2.4572503566741943,-11.271090507507324,6.348404407501221,-7.103962421417236,0.6840468645095825,57.52380952380952,52.0,48.0
HH_023_to_029,508,13,5200.0,90.2120705,22.5011304,325,-0.16953302919864655,-0.1378924697637558,-5.580229759216309,5.489568710327148,-1.880889654159546,1.3556970357894897,32.92307692307692,24.0,13.538461538461538
HH_023_to_029,556,11,4400.0,90.1656137,22.4992639,275,0.03214510902762413,-0.13993096351623535,-4.888285160064697,4.614931583404541,-1.0605274438858032,1.3588552474975586,28.363636363636363,11.272727272727273,5.454545454545454
HH_023_to_029,557,10,4000.0,90.1696419,22.4993708,250,0.40420955419540405,0.4819534122943878,-7.317154884338379,6.190688133239746,-1.2701029777526855,2.158170700073242,28.000000000000004,17.599999999999998,10.0
HH_023_to_029,562,14,5600.0,90.2147481,22.4999408,350,0.11696521192789078,0.3064645528793335,-6.793541431427002,6.125462532043457,-1.774327039718628,2.194598913192749,34.0,23.142857142857142,14.285714285714285
HH_023_to_029,579,16,6400.0,90.1668833,22.4987672,400,-0.43933922052383423,0.04963836446404457,-8.258684158325195,5.793235778808594,-1.9669318199157715,1.4487011432647705,37.5,24.75,18.0
HH_023_to_029,580,25,10000.0,90.1757119,22.4989503,625,-0.08510797470808029,0.0751357451081276,-6.953306674957275,5.15927267074585,-1.9024183750152588,1.4426828622817993,35.68,24.16,11.84
HH_023_to_029,605,13,5200.0,90.1829146,22.4988315,325,0.6801226139068604,1.0718920230865479,-6.806933879852295,6.204231262207031,-1.1900453567504883,3.0229032039642334,27.692307692307693,19.692307692307693,12.615384615384615
HH_023_to_029,608,13,5200.0,90.2138264,22.4992722,325,-2.8621737957000732,-3.5068116188049316,-9.186506271362305,6.525031089782715,-5.544576644897461,-0.5065464973449707,70.76923076923077,62.153846153846146,55.38461538461539
HH_023_to_029,619,51,20400.0,90.1567248,22.497447,1275,-0.42284366488456726,-0.09988396614789963,-11.402386665344238,6.456491947174072,-1.934813380241394,1.5649808645248413,37.01960784313725,24.235294117647058,16.705882352941178
HH_023_to_029,623,58,23200.0,90.1771166,22.4972125,1450,0.08142973482608795,0.055161938071250916,-11.158136367797852,9.850818634033203,-1.767703890800476,1.849185824394226,34.06896551724138,22.06896551724138,12.551724137931034
HH_023_to_029,624,13,5200.0,90.1808003,22.4984473,325,0.02759895846247673,0.2391054630279541,-5.212953090667725,4.4027485847473145,-1.4098997116088867,1.6570360660552979,31.076923076923073,20.923076923076923,13.230769230769232
HH_023_to_029,626,11,4400.0,90.1883716,22.4987931,275,0.9137943983078003,0.8772768974304199,-5.019893169403076,5.440423488616943,-0.7051833271980286,2.760216474533081,18.181818181818183,8.363636363636363,4.363636363636364
HH_023_to_029,649,34,13600.0,90.1585708,22.4973345,850,0.5141010880470276,0.6360448598861694,-6.3599324226379395,8.099908828735352,-0.7236721515655518,1.9195808172225952,21.529411764705884,11.058823529411764,5.411764705882352
HH_023_to_029,651,21,8400.0,90.1698473,22.4978254,525,-0.02399536222219467,-0.08388254046440125,-5.004787445068359,5.8532185554504395,-1.6080477237701416,1.3575373888015747,31.61904761904762,19.80952380952381,6.095238095238095
HH_023_to_029,704,75,30000.0,90.1517413,22.4953797,1835,-1.030566930770874,-0.6706473231315613,-14.212960243225098,7.1062116622924805,-3.003499746322632,1.289079189300537,46.049046321525886,35.20435967302452,25.068119891008173
HH_023_to_029,707,15,6000.0,90.1642214,22.4965195,375,1.051082968711853,1.211465835571289,-3.86358380317688,7.192490100860596,-0.850724458694458,2.8863561153411865,22.933333333333334,13.600000000000001,3.4666666666666663
HH_023_to_029,750,24,9600.0,90.1820168,22.49637,600,-0.7223498821258545,-1.1517657041549683,-6.290004730224609,6.868795871734619,-2.3223061561584473,0.9503173828125,52.33333333333333,30.666666666666664,17.166666666666668
HH_023_to_029,765,11,4400.0,90.1612043,22.4955101,275,0.585736095905304,0.8608226776123047,-7.06108283996582,4.405540943145752,-0.9396609663963318,2.1738438606262207,23.272727272727273,11.272727272727273,6.181818181818182
HH_023_to_029,779,14,5600.0,90.1757725,22.4955611,350,0.24002104997634888,0.7198376655578613,-5.208396911621094,4.31561279296875,-1.91935133934021,2.038637399673462,32.857142857142854,24.571428571428573,15.428571428571427
HH_023_to_029,822,28,11200.0,90.1739825,22.4945304,700,0.46222683787345886,0.32469916343688965,-7.729775905609131,10.097511291503906,-1.003748893737793,2.1230721473693848,25.142857142857146,12.714285714285714,6.714285714285714
HH_023_to_029,847,12,4800.0,90.2115065,22.4951609,300,-0.7268324494361877,-0.5855464935302734,-9.134039878845215,4.645012855529785,-2.1250674724578857,0.8760156631469727,42.0,25.333333333333336,15.666666666666668
HH_023_to_029,854,12,4800.0,90.178564,22.4941959,300,-2.024972438812256,-1.8866527080535889,-8.900012016296387,5.72352933883667,-3.9740426540374756,-0.26206332445144653,64.66666666666666,47.0,33.0
HH_023_to_029,881,10,4000.0,90.2094121,22.4944868,250,0.9156367182731628,0.5954028964042664,-5.712699890136719,6.608698844909668,-1.02425217628479,2.894190788269043,27.200000000000003,13.200000000000001,3.2
HH_023_to_029,883,11,4400.0,90.2162711,22.494699,275,0.5675067901611328,0.4385887086391449,-4.522261142730713,5.848119258880615,-0.921180009841919,2.1517701148986816,24.727272727272727,13.454545454545455,8.0
HH_023_to_029,892,12,4800.0,90.1503478,22.493323,280,0.4404047429561615,0.44249653816223145,-5.391249656677246,4.699090003967285,-1.1717939376831055,2.390688896179199,28.214285714285715,15.714285714285714,7.857142857142857
HH_023_to_029,900,10,4000.0,90.1970033,22.4942171,250,-4.700745105743408,-4.627696514129639,-12.340471267700195,2.5861587524414062,-6.972215175628662,-2.6543686389923096,92.0,88.0,66.4
HH_023_to_029,902,10,4000.0,90.2059977,22.494247,250,-0.6516414284706116,-0.18999262154102325,-6.237692356109619,3.586519718170166,-2.4171664714813232,1.4200551509857178,39.6,30.8,22.8
HH_023_to_029,935,17,6800.0,90.2042145,22.4933548,425,0.579868495464325,0.6195012331008911,-6.62746524810791,7.055863857269287,-0.6121730208396912,2.12672758102417,20.705882352941178,12.0,2.823529411764706
HH_023_to_029,942,11,4400.0,90.1710755,22.4929759,275,-0.744301438331604,-1.068716049194336,-5.575038909912109,4.885032653808594,-1.8618332147598267,0.30656492710113525,50.90909090909091,21.454545454545453,6.909090909090909
HH_023_to_029,970,18,7200.0,90.1977177,22.4930461,450,-5.853274822235107,-5.619558334350586,-13.863091468811035,2.148240566253662,-8.343674659729004,-3.210125684738159,94.0,86.44444444444444,78.0
HH_023_to_029,972,10,4000.0,90.1522077,22.4921494,250,-2.4472298622131348,-2.1115405559539795,-10.057988166809082,5.36025333404541,-5.417924880981445,0.26840531826019287,62.0,50.8,42.4
HH_023_to_029,982,24,9600.0,90.2163498,22.4930107,600,-2.3890089988708496,-1.5974197387695312,-14.267704010009766,5.852346897125244,-4.970982551574707,0.7995736002922058,55.333333333333336,45.166666666666664,35.833333333333336
HH_023_to_029,996,34,13600.0,90.2121568,22.4922235,850,0.0593622550368309,0.3411398231983185,-8.505267143249512,5.437060356140137,-1.582244634628296,1.791764736175537,32.23529411764706,20.11764705882353,11.882352941176471
HH_023_to_029,997,16,6400.0,90.2178163,22.492942,400,0.2946197986602783,0.7294711470603943,-4.750212669372559,4.101731300354004,-1.3056211471557617,1.8040412664413452,28.000000000000004,17.0,5.5
HH_023_to_029,1015,10,4000.0,90.202185,22.4925561,250,-1.8530923128128052,-2.1082077026367188,-11.84831428527832,7.21250057220459,-4.882580757141113,1.2117364406585693,60.0,52.400000000000006,40.0
HH_023_to_029,1017,12,4800.0,90.1509067,22.4913321,300,-1.231852412223816,-1.4618525505065918,-7.499398231506348,7.4549031257629395,-3.022308826446533,0.4430297017097473,56.00000000000001,37.333333333333336,26.0
HH_023_to_029,1027,18,7200.0,90.2106839,22.4923184,450,0.1610448807477951,0.1061054915189743,-4.670900344848633,7.1817307472229,-1.5037094354629517,1.7508502006530762,32.666666666666664,18.22222222222222,8.0
HH_023_to_029,1033,11,4400.0,90.1531898,22.4910196,275,-2.1128857135772705,-1.8257708549499512,-9.163311958312988,4.508413791656494,-3.5683741569519043,-0.1667020469903946,61.09090909090909,48.72727272727273,29.818181818181817
HH_023_to_029,1041,14,5600.0,90.196999,22.4916767,350,-2.3443217277526855,-2.0536227226257324,-11.841422080993652,4.506288051605225,-3.670767068862915,-0.39869585633277893,63.42857142857142,50.28571428571429,38.857142857142854
HH_023_to_029,1043,12,4800.0,90.2142411,22.4920039,300,-1.1441693305969238,-0.7852652072906494,-10.262843132019043,3.47186541557312,-2.692692756652832,0.7564443349838257,46.33333333333333,31.0,22.666666666666664
HH_023_to_029,1063,23,9200.0,90.1725666,22.4907131,575,1.5126464366912842,1.3732361793518066,-5.112091064453125,9.631688117980957,0.3189883232116699,2.5929698944091797,10.08695652173913,4.521739130434783,1.2173913043478262
HH_023_to_029,1074,18,7200.0,90.1571648,22.4900888,450,-0.3834415078163147,-0.16267770528793335,-9.576000213623047,5.456995010375977,-2.548743724822998,1.8794819116592407,39.111111111111114,29.555555555555557,21.333333333333336
HH_023_to_029,1076,11,4400.0,90.1854392,22.4909629,275,0.21451996266841888,0.41369959712028503,-8.224724769592285,5.590152263641357,-1.0756021738052368,2.182326555252075,26.90909090909091,16.0,10.545454545454545
HH_023_to_029,1096,40,16000.0,90.1658591,22.4900389,1000,-1.0454667806625366,-0.05715951696038246,-13.052453994750977,6.24697732925415,-2.079071044921875,1.2380132675170898,34.599999999999994,25.6,19.3
HH_023_to_029,1101,23,9200.0,90.1959828,22.4905809,575,0.40885674953460693,0.36731213331222534,-6.223291873931885,9.470128059387207,-1.2027924060821533,1.8629368543624878,27.1304347826087,16.695652173913047,9.043478260869566
HH_023_to_029,1107,12,4800.0,90.1689011,22.490115,300,1.4330580234527588,1.4458582401275635,-6.447890281677246,6.113753318786621,0.45979976654052734,2.6846516132354736,10.0,7.666666666666666,4.666666666666667
HH_023_to_029,1110,63,25200.0,90.1743353,22.4894224,1575,0.0675402283668518,0.05152871459722519,-8.571150779724121,8.35283374786377,-1.8883886337280273,1.8881006240844727,35.492063492063494,23.809523809523807,12.444444444444445
HH_023_to_029,1114,18,7200.0,90.208616,22.4904873,450,1.290094256401062,1.6158357858657837,-7.081925868988037,10.043399810791016,-0.48882657289505005,3.1057748794555664,21.333333333333336,15.777777777777777,8.222222222222223
HH_023_to_029,1120,11,4400.0,90.1608642,22.4896781,275,0.7297584414482117,-0.10347433388233185,-4.6073503494262695,8.537041664123535,-1.2583214044570923,2.093043565750122,30.909090909090907,14.545454545454545,5.090909090909091
HH_023_to_029,1129,33,13200.0,90.1518232,22.489048,825,0.48551493883132935,0.47945576906204224,-6.941840171813965,8.07582950592041,-1.084223747253418,1.990885853767395,27.151515151515156,13.818181818181818,8.121212121212121
HH_023_to_029,1143,15,6000.0,90.2138634,22.4908149,375,-0.5699371099472046,-1.0742661952972412,-6.432979583740234,8.473090171813965,-2.7141594886779785,0.856264591217041,50.93333333333333,37.333333333333336,20.266666666666666
HH_023_to_029,1145,25,10000.0,90.1535976,22.4889715,625,-1.0077284574508667,-0.2568335235118866,-12.025924682617188,7.998111248016357,-4.178356170654297,2.251850128173828,43.36,35.52,31.2
HH_023_to_029,1148,13,5200.0,90.1722638,22.4897853,325,0.3162713944911957,0.012093637138605118,-4.223022937774658,7.743043422698975,-1.271186113357544,1.497632384300232,28.000000000000004,14.153846153846153,4.615384615384616
HH_023_to_029,1161,10,4000.0,90.1709871,22.489592,250,1.8109227418899536,1.4307467937469482,-2.8609564304351807,9.50248908996582,-0.4380740225315094,3.855679512023926,19.2,7.199999999999999,0.0
HH_023_to_029,1165,13,5200.0,90.1694352,22.4892634,325,1.4984248876571655,1.340421438217163,-4.22151517868042,7.0026044845581055,-0.23452915251255035,3.0092933177948,13.538461538461538,4.3076923076923075,2.1538461538461537
HH_023_to_029,1182,17,6800.0,90.1766829,22.4889561,425,-0.7991902232170105,-1.0840985774993896,-9.736686706542969,5.9245734214782715,-2.422175168991089,1.0017454624176025,52.0,32.70588235294118,17.41176470588235
HH_023_to_029,1194,30,12000.0,90.2062804,22.4891972,750,-0.4145343005657196,-0.6591418981552124,-5.771852493286133,7.884219169616699,-2.112246513366699,1.1136378049850464,44.13333333333333,26.13333333333333,11.066666666666666
HH_023_to_029,1218,29,11600.0,90.2023592,22.4885583,725,-1.1982976198196411,-0.9186733365058899,-8.844393730163574,7.43880033493042,-2.9998245239257812,0.7151657938957214,48.82758620689655,35.86206896551724,24.82758620689655
HH_023_to_029,1253,15,6000.0,90.1711765,22.4876036,375,1.750512719154358,1.8283742666244507,-4.520782947540283,6.676736354827881,0.6930273175239563,3.0033445358276367,6.4,2.1333333333333333,1.0666666666666667
HH_023_to_029,1256,10,4000.0,90.1795742,22.4876486,250,1.4377305507659912,1.8416999578475952,-4.543989181518555,7.360136985778809,-0.3268681764602661,3.3238024711608887,19.2,14.000000000000002,8.0
HH_023_to_029,1262,15,6000.0,90.2109602,22.4883335,375,0.17158150672912598,0.0977572351694107,-3.9348950386047363,6.020341873168945,-1.5028083324432373,1.612162470817566,32.266666666666666,15.466666666666667,5.066666666666666
HH_023_to_029,1271,29,11600.0,90.1775739,22.4872232,725,-0.6298012137413025,-0.24187085032463074,-14.245372772216797,6.043951034545898,-2.3239121437072754,1.4014207124710083,39.17241379310345,28.551724137931032,17.655172413793103
HH_023_to_029,1278,16,6400.0,90.1556296,22.4867897,400,-2.2606215476989746,-1.5332067012786865,-10.967090606689453,4.849588394165039,-4.177204608917236,-0.2189931571483612,58.75,47.5,37.0
HH_023_to_029,1281,11,4400.0,90.1695038,22.4868926,275,1.2716447114944458,1.6133509874343872,-5.444446086883545,4.668409824371338,-0.09815939515829086,2.5697720050811768,9.454545454545455,4.0,0.7272727272727273
HH_023_to_029,1295,15,6000.0,90.2115697,22.487646,375,-1.2493964433670044,-1.2264134883880615,-5.962651252746582,3.2482268810272217,-2.7556986808776855,0.15524636209011078,56.00000000000001,40.53333333333333,21.066666666666666
HH_023_to_029,1307,20,8000.0,90.1600789,22.486277,500,-3.304394006729126,-2.711683988571167,-13.568347930908203,4.142385482788086,-6.051982402801514,-0.08220810443162918,67.2,58.199999999999996,46.6
HH_023_to_029,1324,14,5600.0,90.1952947,22.4867342,350,1.9587255716323853,2.210092544555664,-4.172897815704346,10.414756774902344,-1.1375782489776611,4.7460713386535645,25.71428571428571,18.0,9.714285714285714
HH_023_to_029,1370,10,4000.0,90.1751873,22.4855679,250,0.6510938405990601,0.7392774820327759,-4.444004058837891,5.181866645812988,-0.2668684720993042,1.7610087394714355,12.0,5.6000000000000005,2.8000000000000003
HH_023_to_029,1371,12,4800.0,90.1774231,22.4857966,300,1.0247852802276611,0.8382465243339539,-4.527876377105713,7.119293689727783,-1.1344661712646484,3.085184335708618,27.666666666666668,15.0,5.0
HH_023_to_029,1376,27,10800.0,90.2097673,22.4861813,675,-0.19244027137756348,-0.5065488219261169,-5.530984878540039,6.9907636642456055,-1.821624994277954,1.4973883628845215,39.407407407407405,22.37037037037037,11.407407407407408
HH_023_to_029,1390,21,8400.0,90.2062765,22.4855238,525,0.42710649967193604,0.7658045291900635,-7.990084648132324,8.526193618774414,-1.3636516332626343,2.5582685470581055,28.76190476190476,19.047619047619047,12.761904761904763
HH_023_to_029,1405,10,4000.0,90.2183989,22.4861574,250,0.5270819664001465,0.5849587321281433,-4.989842891693115,5.324963569641113,-1.0176831483840942,1.996513843536377,25.2,14.399999999999999,3.5999999999999996
HH_023_to_029,1406,15,6000.0,90.1508658,22.484634,375,-1.5867451429367065,-1.7344533205032349,-7.693577766418457,7.648684978485107,-3.4127254486083984,0.1935097575187683,64.53333333333333,44.800000000000004,30.933333333333334
HH_023_to_029,1413,11,4400.0,90.2143675,22.4856889,275,-1.5343997478485107,-1.5683982372283936,-6.080506324768066,3.4272572994232178,-3.072373390197754,-0.49768704175949097,61.09090909090909,42.18181818181818,26.181818181818183
HH_023_to_029,1453,19,7600.0,90.1706977,22.4842653,475,-0.8017044067382812,-0.5764964818954468,-9.42995834350586,6.19927453994751,-2.0793004035949707,0.44078782200813293,41.68421052631579,26.105263157894736,13.894736842105262
HH_023_to_029,1461,13,5200.0,90.2043445,22.484749,325,1.0368913412094116,0.959087073802948,-4.009801387786865,5.92103910446167,-0.038959428668022156,2.04710054397583,10.461538461538462,3.6923076923076925,0.9230769230769231
HH_023_to_029,1464,11,4400.0,90.2138756,22.4846793,275,1.2819751501083374,0.9510875940322876,-5.037879943847656,7.1360039710998535,-0.6184227466583252,2.729066848754883,17.09090909090909,5.090909090909091,2.181818181818182
HH_023_to_029,1470,18,7200.0,90.180585,22.4842122,450,-3.212897777557373,-3.45945405960083,-11.308788299560547,6.70659065246582,-5.8755292892456055,-0.8281269073486328,73.55555555555556,61.33333333333333,54.888888888888886
HH_023_to_029,1492,12,4800.0,90.2177394,22.4846476,300,1.9122933149337769,1.9286963939666748,-4.1974897384643555,9.177545547485352,0.7384597659111023,3.064694881439209,10.0,2.3333333333333335,1.0
HH_023_to_029,1501,18,7200.0,90.2082221,22.4843024,450,1.3554348945617676,1.1766448020935059,-4.48508882522583,8.067853927612305,-0.564959704875946,3.2474091053009033,17.555555555555554,6.666666666666667,2.2222222222222223
HH_023_to_029,1505,13,5200.0,90.16235,22.4835009,325,-1.398852825164795,-0.850379228591919,-8.68404769897461,3.7164082527160645,-3.090747833251953,0.5987306237220764,48.61538461538461,33.84615384615385,25.23076923076923
HH_023_to_029,1525,28,11200.0,90.1991607,22.4835584,700,-0.42108917236328125,-0.4666062593460083,-5.095277309417725,6.631941795349121,-1.9831849336624146,0.784456729888916,41.285714285714285,24.285714285714285,10.285714285714285
HH_023_to_029,1536,13,5200.0,90.1976151,22.4835072,325,-3.7799906730651855,-3.917623519897461,-11.38877010345459,3.6618974208831787,-6.686650276184082,-0.5419064164161682,71.6923076923077,64.0,58.15384615384615
HH_023_to_029,1552,11,4400.0,90.1543896,22.4824414,275,1.6015784740447998,1.7131993770599365,-4.16903829574585,6.129183292388916,0.08007187396287918,3.1643762588500977,10.545454545454545,6.181818181818182,1.8181818181818181
HH_023_to_029,1564,18,7200.0,90.164588,22.4822465,450,0.20586365461349487,-0.06259912997484207,-4.106770038604736,7.608741760253906,-1.309659719467163,1.3814363479614258,30.88888888888889,12.666666666666668,3.111111111111111
HH_023_to_029,1566,11,4400.0,90.1807522,22.4825931,275,-0.39550212025642395,-0.5132891535758972,-5.785795211791992,5.463339805603027,-1.852107048034668,1.1353187561035156,40.36363636363636,22.181818181818183,9.454545454545455
HH_023_to_029,1570,19,7600.0,90.208848,22.4830591,475,0.4288294017314911,0.6592407822608948,-6.322751998901367,7.18049430847168,-1.3443297147750854,2.32539701461792,28.631578947368418,19.789473684210527,11.157894736842106
HH_023_to_029,1582,18,7200.0,90.2178366,22.4832953,450,1.038076400756836,1.0655276775360107,-4.868724346160889,7.938266754150391,-0.23895107209682465,2.2791061401367188,15.555555555555555,7.777777777777778,4.222222222222222
HH_023_to_029,1598,13,5200.0,90.1724785,22.4821654,325,0.735183596611023,0.631771445274353,-3.1034774780273438,5.467674732208252,-0.7687581777572632,1.880375862121582,19.384615384615383,7.384615384615385,0.6153846153846154
HH_023_to_029,1628,10,4000.0,90.1614775,22.4815178,250,-0.8526296019554138,-0.44542014598846436,-12.505743026733398,3.4912915229797363,-1.514428734779358,0.9178190231323242,37.2,20.0,14.000000000000002
HH_023_to_029,1640,19,7600.0,90.2182324,22.4821097,475,1.7227190732955933,1.9021246433258057,-9.720549583435059,9.038954734802246,-0.4688289761543274,4.496020793914795,20.210526315789473,14.526315789473685,8.842105263157894
HH_023_to_029,1644,11,4400.0,90.176924,22.481525,275,-0.6336820721626282,-0.7793208360671997,-4.230735778808594,6.997487545013428,-2.1998932361602783,0.7551386952400208,47.27272727272727,28.363636363636363,13.090909090909092
HH_023_to_029,1653,10,4000.0,90.1711812,22.4810025,250,-2.348923921585083,-2.257699966430664,-11.97625732421875,2.5054714679718018,-3.290895462036133,-0.777657687664032,69.6,56.00000000000001,32.4
HH_023_to_029,1659,14,5600.0,90.1997243,22.4817565,350,-0.029232177883386612,-0.24630948901176453,-6.440378189086914,5.263495445251465,-1.3449018001556396,1.747971773147583,32.0,18.571428571428573,12.285714285714286
HH_023_to_029,1704,10,4000.0,90.1672148,22.4802288,250,0.3940906822681427,1.0195355415344238,-6.14919900894165,6.83582878112793,-1.1805486679077148,2.121870517730713,26.8,20.0,12.0
HH_023_to_029,1728,12,4800.0,90.1568306,22.4795073,300,-0.33607831597328186,-0.4410099387168884,-5.135993957519531,5.8182220458984375,-2.01203989982605,1.3752936124801636,42.66666666666667,25.333333333333336,10.666666666666668
HH_023_to_029,1754,16,6400.0,90.1509674,22.4790803,400,0.793683648109436,1.037369966506958,-6.0832109451293945,6.08708381652832,-0.9716771841049194,2.307920455932617,25.0,11.5,7.000000000000001
HH_023_to_029,1755,31,12400.0,90.154537,22.4785472,775,-2.5722527503967285,-2.267162799835205,-10.626651763916016,7.099530220031738,-5.053437232971191,-0.4404527246952057,67.61290322580645,53.5483870967742,42.32258064516129
HH_023_to_029,1781,10,4000.0,90.2074362,22.4796853,250,0.08868975192308426,0.8390192985534668,-10.091598510742188,6.557292461395264,-1.796314001083374,2.300121784210205,29.599999999999998,23.599999999999998,18.4
HH_023_to_029,1785,18,7200.0,90.1569917,22.4784922,450,-1.8763717412948608,-1.359199047088623,-11.24119758605957,5.849533557891846,-3.8429901599884033,0.20681443810462952,56.888888888888886,41.55555555555556,31.333333333333336
HH_023_to_029,1786,11,4400.0,90.1647003,22.4790948,275,-7.421235084533691,-7.877784729003906,-17.871479034423828,4.050341606140137,-11.813960075378418,-3.39680552482605,84.72727272727273,81.81818181818183,77.45454545454545
HH_023_to_029,1789,15,6000.0,90.1774182,22.4793367,375,-1.6883015632629395,-1.577620029449463,-8.127440452575684,5.153493881225586,-3.484914541244507,0.0894928053021431,58.93333333333334,44.266666666666666,31.466666666666665
HH_023_to_029,1808,15,6000.0,90.2175404,22.4798662,375,0.813946545124054,1.1162378787994385,-8.201482772827148,6.261066436767578,-0.4741973876953125,2.2304329872131348,20.0,10.666666666666668,4.0
HH_023_to_029,1816,23,9200.0,90.2081979,22.4791452,575,-0.8443740606307983,-1.0877166986465454,-6.671419620513916,5.6382317543029785,-3.036221504211426,1.0796557664871216,51.13043478260869,37.04347826086957,25.217391304347824
HH_023_to_029,1848,18,7200.0,90.1555007,22.4775231,450,-0.9929898381233215,-1.0313103199005127,-7.276998519897461,5.811429977416992,-2.591696262359619,0.51463782787323,50.66666666666667,35.77777777777777,17.77777777777778
HH_023_to_029,1857,11,4400.0,90.1794327,22.4779913,275,-3.16560697555542,-2.6164536476135254,-15.249747276306152,5.5139007568359375,-6.355502128601074,0.4826321005821228,61.81818181818181,55.27272727272727,44.72727272727273
HH_023_to_029,1866,18,7200.0,90.1808369,22.4776375,450,-1.554901123046875,-1.4758479595184326,-9.272698402404785,5.059320449829102,-3.127163887023926,0.021253641694784164,56.00000000000001,42.66666666666667,27.111111111111114
HH_023_to_029,1869,14,5600.0,90.1932339,22.4781491,350,0.37390345335006714,0.4652646481990814,-3.3923683166503906,4.879674911499023,-1.1549437046051025,1.8659014701843262,29.714285714285715,11.714285714285715,2.2857142857142856
HH_023_to_029,1887,20,8000.0,90.1611216,22.4770617,500,-0.3083588182926178,-0.38486647605895996,-12.814910888671875,6.470054626464844,-2.002690315246582,1.7148332595825195,38.2,25.2,17.2
HH_023_to_029,1889,13,5200.0,90.1829699,22.4776555,325,0.4595831632614136,0.44805002212524414,-4.573781490325928,4.023301601409912,-0.8310001492500305,1.8907668590545654,22.46153846153846,12.307692307692308,3.6923076923076925
HH_023_to_029,1902,12,4800.0,90.1744236,22.4772594,300,-2.451934337615967,-2.630305290222168,-9.480363845825195,7.744106292724609,-4.934258460998535,-0.41648799180984497,69.0,56.333333333333336,47.66666666666667
HH_023_to_029,1904,27,10800.0,90.1948541,22.4775177,675,0.9380423426628113,0.8913387060165405,-6.181783199310303,7.849295616149902,-0.5778943300247192,2.8877429962158203,20.88888888888889,13.777777777777779,8.296296296296296
HH_023_to_029,1905,35,14000.0,90.1995842,22.4772718,875,-0.09184256196022034,-0.028795283287763596,-8.122499465942383,9.610577583312988,-1.935613751411438,1.9937011003494263,35.65714285714286,24.571428571428573,17.142857142857142
HH_023_to_029,1924,10,4000.0,90.1717543,22.4766981,250,-3.4150357246398926,-3.074507713317871,-14.257088661193848,4.867544651031494,-6.06791877746582,-0.2007279247045517,68.0,57.199999999999996,50.4
HH_023_to_029,1925,10,4000.0,90.1769576,22.4768254,250,0.7881309986114502,0.6564099788665771,-3.5154528617858887,7.032325267791748,-0.5054892301559448,2.1545135974884033,20.0,8.0,2.8000000000000003
HH_023_to_029,1931,15,6000.0,90.2126982,22.477219,375,0.1274021863937378,-0.02727062627673149,-5.315717697143555,6.1273040771484375,-1.3246983289718628,1.5552833080291748,29.333333333333332,17.333333333333336,8.266666666666666
HH_023_to_029,1933,13,5200.0,90.1553133,22.4761281,325,-3.0203702449798584,-2.876049041748047,-16.520580291748047,4.2673420906066895,-4.284668922424316,-0.54006427526474,69.23076923076923,61.23076923076923,46.15384615384615
HH_023_to_029,1950,16,6400.0,90.1755488,22.4762524,400,-2.218717575073242,-2.040562391281128,-13.254164695739746,7.026510238647461,-5.485221862792969,1.2460874319076538,57.25,50.5,41.25
HH_023_to_029,1952,25,10000.0,90.2191665,22.4769095,625,0.39407607913017273,0.453334778547287,-7.844526767730713,7.210066795349121,-1.5492851734161377,2.5870375633239746,31.04,20.8,13.44
HH_023_to_029,1976,12,4800.0,90.2143687,22.4767364,300,-0.9287027716636658,-1.195560336112976,-6.415450572967529,7.832161903381348,-3.119191884994507,0.5831535458564758,52.33333333333333,40.33333333333333,27.666666666666668
HH_023_to_029,1978,13,5200.0,90.21637,22.4767223,325,-0.22795487940311432,-0.22259178757667542,-6.988988876342773,6.262925148010254,-1.4490272998809814,1.224177360534668,32.92307692307692,17.23076923076923,9.230769230769232
HH_023_to_029,1980,19,7600.0,90.1607959,22.4749889,475,-1.5450788736343384,-0.7313910722732544,-10.883277893066406,7.9082441329956055,-5.770642280578613,2.316690444946289,47.578947368421055,42.526315789473685,36.63157894736842
HH_023_to_029,1986,19,7600.0,90.1961485,22.476007,475,1.4108995199203491,1.343332290649414,-7.036196708679199,8.216630935668945,-0.4133925139904022,3.2384464740753174,17.684210526315788,9.05263157894737,4.842105263157895
HH_023_to_029,1987,11,4400.0,90.2026196,22.4762128,275,-0.8002065420150757,-0.6380088329315186,-6.123833656311035,3.591000556945801,-2.2601184844970703,0.8587350249290466,43.63636363636363,29.09090909090909,15.272727272727273
HH_023_to_029,1995,22,8800.0,90.1734804,22.4754417,550,-0.595506489276886,-0.3226664662361145,-9.275919914245605,6.334664344787598,-2.606947660446167,1.5567982196807861,41.27272727272727,29.63636363636364,20.363636363636363
HH_023_to_029,2005,10,4000.0,90.1508884,22.4749946,250,-0.30573663115501404,-0.134140744805336,-5.881555557250977,4.954481601715088,-1.3222354650497437,0.5564199686050415,30.0,11.200000000000001,4.3999999999999995
HH_023_to_029,2014,10,4000.0,90.217745,22.4761087,250,0.4375392496585846,0.29613131284713745,-4.616270065307617,7.527089595794678,-1.2296055555343628,1.620246171951294,29.599999999999998,10.8,3.2
HH_023_to_029,2020,10,4000.0,90.211825,22.47588,250,0.8963977694511414,0.4654226303100586,-11.120553016662598,11.774128913879395,-2.6726016998291016,4.229616641998291,39.2,31.2,23.200000000000003
HH_023_to_029,2033,41,16400.0,90.20006,22.4747777,1025,-0.5868079662322998,-0.8604708313941956,-6.824665546417236,6.076844215393066,-2.118093490600586,0.9046948552131653,47.41463414634146,28.878048780487802,13.365853658536587
HH_023_to_029,2035,15,6000.0,90.2064473,22.4757267,375,-1.8253284692764282,-1.6865010261535645,-10.996805191040039,3.365264415740967,-3.5636141300201416,0.12148825824260712,59.46666666666667,43.733333333333334,33.86666666666667
HH_023_to_029,2036,15,6000.0,90.2143436,22.4758874,375,0.2193254977464676,0.10726027190685272,-7.3847551345825195,6.501669883728027,-1.5235233306884766,1.6340380907058716,30.933333333333334,18.133333333333333,8.533333333333333
HH_023_to_029,2054,18,7200.0,90.2051192,22.4749013,450,-0.1477232575416565,0.07409094274044037,-6.62952995300293,4.415901184082031,-1.39432692527771,1.412946343421936,33.33333333333333,18.0,10.888888888888888
HH_023_to_029,2058,13,5200.0,90.190333,22.4748679,325,0.4807243347167969,0.17120131850242615,-3.802304267883301,6.602267265319824,-0.9854099750518799,1.8067069053649902,24.923076923076923,13.846153846153847,2.769230769230769
HH_023_to_029,2068,31,12400.0,90.1773685,22.4740222,775,-1.7372517585754395,-1.5325169563293457,-12.180499076843262,6.481788635253906,-4.066588401794434,0.7970409393310547,56.00000000000001,44.516129032258064,34.064516129032256
HH_023_to_029,2085,20,8000.0,90.2146402,22.4744935,500,0.06157272309064865,0.3297681212425232,-5.431997776031494,6.010245323181152,-1.5963318347930908,1.6580060720443726,33.0,19.8,11.200000000000001
HH_023_to_029,2088,73,29200.0,90.1540396,22.4720556,1825,1.1730893850326538,1.3028671741485596,-7.7067461013793945,8.183730125427246,-1.089202642440796,3.5269174575805664,25.808219178082194,16.054794520547947,9.917808219178083
HH_023_to_029,2096,10,4000.0,90.165664,22.4733958,250,-0.792000949382782,-0.7577701210975647,-6.674428462982178,6.575573921203613,-2.5294275283813477,0.7060346007347107,43.2,33.2,21.2
HH_023_to_029,2115,14,5600.0,90.1967136,22.4734773,350,-1.5050833225250244,-0.9827649593353271,-8.284601211547852,4.6642165184021,-3.699228525161743,0.7478999495506287,49.714285714285715,40.0,32.0
HH_023_to_029,2137,15,6000.0,90.1750455,22.4730972,375,-2.082474708557129,-1.9853781461715698,-10.024624824523926,6.665004730224609,-3.5851547718048096,-0.4850804805755615,67.73333333333333,49.86666666666667,34.66666666666667
HH_023_to_029,2152,13,5200.0,90.2085867,22.4736576,325,-1.0572372674942017,-1.4403877258300781,-8.850478172302246,8.238753318786621,-3.9305458068847656,0.7796663641929626,56.30769230769231,43.69230769230769,37.230769230769226
HH_023_to_029,2157,12,4800.0,90.1560216,22.4723624,300,0.8462108969688416,0.8600548505783081,-5.077356338500977,7.2465410232543945,-1.5903218984603882,3.1052136421203613,30.333333333333336,20.0,10.0
HH_023_to_029,2186,26,10400.0,90.2035156,22.4728267,650,1.2518290281295776,1.0551341772079468,-6.8948893547058105,12.47174072265625,-1.012961983680725,2.9391026496887207,25.076923076923073,12.0,6.0
HH_023_to_029,2228,11,4400.0,90.1619441,22.4713659,275,-0.4394392669200897,0.5589370727539062,-7.933940410614014,5.3946614265441895,-3.1391355991363525,1.9492199420928955,35.27272727272727,28.72727272727273,25.454545454545453
HH_023_to_029,2259,13,5200.0,90.1886662,22.4715755,325,0.08076115697622299,0.1363331824541092,-7.310760498046875,4.746664047241211,-1.340313196182251,1.5790963172912598,28.923076923076923,16.0,9.230769230769232
HH_023_to_029,2271,14,5600.0,90.2033298,22.4715033,350,1.2595210075378418,1.141042709350586,-3.4499430656433105,7.2072343826293945,-0.8334386944770813,2.9762320518493652,21.714285714285715,8.857142857142856,2.2857142857142856
HH_023_to_029,2272,35,14000.0,90.2141327,22.4710817,835,0.27539241313934326,0.29859066009521484,-6.537703990936279,7.526965141296387,-1.4882738590240479,2.1347529888153076,32.81437125748503,19.281437125748504,11.976047904191617
HH_023_to_029,2276,11,4400.0,90.1593647,22.4705655,265,0.9842833280563354,0.7861800193786621,-4.140349864959717,6.611486434936523,-0.47411683201789856,2.2882487773895264,13.584905660377359,4.905660377358491,1.8867924528301887
HH_023_to_029,2290,13,5200.0,90.1567156,22.47039,295,0.2341732680797577,1.0170776844024658,-9.13286018371582,6.8656182289123535,-1.9812233448028564,3.04826021194458,30.16949152542373,25.08474576271186,19.661016949152543
HH_023_to_029,2314,12,4800.0,90.1747377,22.4705554,300,0.7938334345817566,1.3442245721817017,-6.938590049743652,8.464029312133789,-1.1495121717453003,2.948162078857422,26.0,18.333333333333332,11.0
HH_023_to_029,2315,12,4800.0,90.1769594,22.4703536,260,-0.7879588603973389,-0.6923967599868774,-7.628695487976074,5.205898284912109,-2.5949363708496094,0.9160592555999756,45.76923076923077,32.69230769230769,20.0
HH_023_to_029,2321,54,21600.0,90.2098926,22.4706012,1245,0.14500866830348969,0.4504412114620209,-8.9241943359375,7.335237979888916,-1.3197143077850342,1.8911960124969482,29.31726907630522,17.59036144578313,10.763052208835342
VV_025_to_026,19,10,4000.0,90.1674814,22.5090991,250,0.814774215221405,1.0359816551208496,-4.256672382354736,5.391669750213623,-0.6919090151786804,2.3284058570861816,20.4,14.000000000000002,3.2
VV_025_to_026,87,12,4800.0,90.1923973,22.5082479,300,-2.9726145267486572,-3.132713794708252,-14.221352577209473,4.436692714691162,-5.3417067527771,-0.4472730755805969,72.0,61.33333333333333,51.0
VV_025_to_026,207,10,4000.0,90.2196199,22.5057297,250,-6.406593322753906,-7.05075216293335,-13.665271759033203,2.1029090881347656,-10.406387329101562,-2.4687304496765137,86.4,79.60000000000001,72.39999999999999
VV_025_to_026,415,12,4800.0,90.1568177,22.4999362,300,-3.0014779567718506,-2.383589744567871,-12.349124908447266,4.714677333831787,-6.115543365478516,-0.08235953748226166,64.33333333333333,54.333333333333336,44.666666666666664
VV_025_to_026,482,10,4000.0,90.151746,22.4985678,250,0.2923588752746582,0.48222774267196655,-5.351685523986816,5.629222869873047,-0.9633232355117798,1.5771560668945312,24.8,14.399999999999999,6.800000000000001
VV_025_to_026,566,10,4000.0,90.1815711,22.4974318,250,-0.7770969271659851,-0.8735947012901306,-5.194421291351318,4.638692855834961,-2.1324350833892822,0.44854870438575745,46.800000000000004,28.4,12.0
VV_025_to_026,708,13,5200.0,90.21585,22.4952384,325,0.08780151605606079,0.24162425100803375,-6.797384262084961,5.8178300857543945,-2.359238386154175,2.5502004623413086,37.230769230769226,26.769230769230766,18.461538461538463
VV_025_to_026,854,10,4000.0,90.1736014,22.4909558,250,0.8458088040351868,0.691536545753479,-4.247993469238281,6.362307548522949,-0.6117221117019653,2.475499391555786,21.6,12.4,7.199999999999999
VV_025_to_026,877,11,4400.0,90.2143571,22.4914985,275,-0.3884260654449463,-0.24153286218643188,-10.289361953735352,4.532627582550049,-1.3341395854949951,0.9975784420967102,33.45454545454545,19.636363636363637,12.727272727272727
VV_025_to_026,935,11,4400.0,90.160373,22.488652,275,-0.7862997651100159,-0.6261577606201172,-5.312814712524414,4.561359405517578,-2.078195095062256,0.6453577876091003,41.45454545454545,25.818181818181817,13.454545454545455
VV_025_to_026,1053,15,6000.0,90.1983754,22.4868634,375,-0.8939146995544434,-1.178041934967041,-8.306015968322754,7.035233974456787,-3.4429211616516113,1.7263598442077637,51.46666666666667,39.733333333333334,30.933333333333334
VV_025_to_026,1135,26,10400.0,90.1586449,22.4841993,650,-2.5511457920074463,-1.9456512928009033,-15.824577331542969,7.943752288818359,-4.535440444946289,0.2985727787017822,61.38461538461538,49.38461538461538,40.76923076923077
VV_025_to_026,1265,13,5200.0,90.1589609,22.4818998,325,-0.5584109425544739,-0.9208344221115112,-9.066323280334473,6.525726795196533,-1.9496930837631226,0.9032472968101501,47.38461538461539,23.076923076923077,9.230769230769232
VV_025_to_026,1298,13,5200.0,90.1939619,22.4816384,325,-0.28823310136795044,-0.6972468495368958,-3.5118319988250732,5.194888591766357,-1.5805549621582031,0.7806453108787537,40.0,13.538461538461538,2.4615384615384617
VV_025_to_026,1354,10,4000.0,90.1610285,22.4797227,250,-2.2047460079193115,-0.8653921484947205,-13.94803237915039,8.702458381652832,-6.371325492858887,1.091111183166504,46.400000000000006,36.0,34.8
VV_025_to_026,1422,10,4000.0,90.1512561,22.4779075,250,0.49110499024391174,0.8966140747070312,-5.559307098388672,5.617129325866699,-0.9780092239379883,2.0039401054382324,24.8,16.8,8.4
