comparison,region_id,pixels,area_m2,lon,lat,s1_n,s1_mean_db,s1_median_db,s1_min_db,s1_max_db,s1_pct_le_minus1db,s1_pct_le_minus2db,s1_pct_le_minus3db
HH_023_to_029,22,23,9200.0,90.1669106,22.5087995,25,-0.09602363407611847,-0.42852792143821716,-2.6548714637756348,5.591893196105957,32.0,20.0,0.0
HH_023_to_029,28,10,4000.0,90.1568007,22.5088386,25,1.9072128534317017,1.9376347064971924,-1.0874419212341309,4.445623397827148,4.0,0.0,0.0
HH_023_to_029,30,15,6000.0,90.1686859,22.5087894,25,1.601391315460205,1.767723798751831,-1.065852165222168,2.6949520111083984,4.0,0.0,0.0
HH_023_to_029,32,31,12400.0,90.176477,22.5086731,25,-1.483243703842163,-1.0379905700683594,-5.374917030334473,0.34295159578323364,56.00000000000001,28.000000000000004,12.0
HH_023_to_029,45,12,4800.0,90.2043415,22.5092983,25,-0.1545715183019638,-0.1929892599582672,-2.491015911102295,3.292120933532715,36.0,12.0,0.0
HH_023_to_029,49,10,4000.0,90.218802,22.5097053,25,-1.7729893922805786,-2.1955933570861816,-3.466832399368286,0.8055729269981384,76.0,56.00000000000001,4.0
HH_023_to_029,53,13,5200.0,90.1616915,22.5084431,25,1.6698492765426636,0.4872003495693207,-4.559514999389648,9.82748794555664,36.0,28.000000000000004,4.0
HH_023_to_029,86,11,4400.0,90.186467,22.5082456,25,-0.4345153570175171,-0.43979015946388245,-2.634993553161621,1.3388394117355347,28.000000000000004,8.0,0.0
HH_023_to_029,107,15,6000.0,90.1812771,22.5074579,25,-2.093954563140869,-1.700495958328247,-7.341742038726807,1.7124745845794678,64.0,48.0,40.0
HH_023_to_029,109,40,16000.0,90.2053519,22.5077663,49,0.6357109546661377,0.23073676228523254,-4.348937034606934,6.3345537185668945,34.69387755102041,20.408163265306122,8.16326530612245
HH_023_to_029,125,11,4400.0,90.1688461,22.5070504,25,-2.2209529876708984,-2.282986879348755,-3.809708595275879,-0.15846797823905945,92.0,56.00000000000001,24.0
HH_023_to_029,167,10,4000.0,90.164763,22.5061629,25,-2.0830767154693604,-1.9635432958602905,-4.403170585632324,-0.540274441242218,88.0,48.0,16.0
HH_023_to_029,175,12,4800.0,90.1586041,22.5060001,25,-2.6255154609680176,-2.744050979614258,-4.652344226837158,-0.5236494541168213,92.0,76.0,32.0
HH_023_to_029,185,21,8400.0,90.1550589,22.5057484,25,2.582643508911133,3.283158540725708,-2.2497825622558594,6.4100141525268555,12.0,4.0,0.0
HH_023_to_029,186,20,8000.0,90.1629971,22.5055812,25,0.10398807376623154,-0.29347580671310425,-3.6028857231140137,5.081581115722656,40.0,32.0,8.0
HH_023_to_029,188,21,8400.0,90.1662475,22.5055933,25,-4.812995433807373,-4.487267017364502,-7.112009525299072,-3.199506998062134,100.0,100.0,100.0
HH_023_to_029,200,11,4400.0,90.1789003,22.5059797,25,-2.372797727584839,-2.3048362731933594,-4.985491752624512,0.39708587527275085,80.0,56.00000000000001,36.0
HH_023_to_029,217,13,5200.0,90.2132106,22.5061355,25,2.382387638092041,2.8121349811553955,-1.5115916728973389,5.205389976501465,8.0,0.0,0.0
HH_023_to_029,224,14,5600.0,90.2040889,22.5062164,25,-2.9036428928375244,-2.937307834625244,-6.104423999786377,0.5042761564254761,84.0,64.0,48.0
HH_023_to_029,233,18,7200.0,90.2029275,22.5055429,25,-0.11805189400911331,0.49716413021087646,-5.693525791168213,3.303541898727417,40.0,24.0,12.0
HH_023_to_029,235,46,18400.0,90.2181726,22.5053217,49,-2.8958218097686768,-2.3293561935424805,-7.114455223083496,0.6699185967445374,79.59183673469387,59.183673469387756,42.857142857142854
HH_023_to_029,246,18,7200.0,90.1515533,22.5042809,25,-6.662848472595215,-6.753079414367676,-7.853124618530273,-5.004195690155029,100.0,100.0,100.0
HH_023_to_029,250,10,4000.0,90.1680281,22.5051553,25,1.7548630237579346,1.6867119073867798,-1.0510272979736328,4.332337379455566,4.0,0.0,0.0
HH_023_to_029,265,13,5200.0,90.2193002,22.5057964,25,-6.99656867980957,-6.958529472351074,-10.339479446411133,-4.410852909088135,100.0,100.0,100.0
HH_023_to_029,294,13,5200.0,90.1781375,22.5044691,25,0.9092128276824951,0.5833258032798767,-1.9933615922927856,5.592672348022461,8.0,0.0,0.0
HH_023_to_029,296,49,19600.0,90.1965035,22.5039642,49,-10.754363059997559,-12.217559814453125,-17.174915313720703,-1.139574408531189,100.0,97.95918367346938,93.87755102040816
HH_023_to_029,300,16,6400.0,90.2162528,22.5049314,25,2.9604063034057617,2.481321334838867,0.5996741056442261,6.08095121383667,0.0,0.0,0.0
HH_023_to_029,305,25,10000.0,90.1590704,22.5036905,25,2.5847508907318115,2.99870228767395,-1.1118040084838867,5.554986000061035,4.0,0.0,0.0
HH_023_to_029,310,10,4000.0,90.1828304,22.5043138,25,-2.0633809566497803,-2.2133326530456543,-5.014825344085693,2.335488796234131,72.0,56.00000000000001,36.0
HH_023_to_029,342,23,9200.0,90.1800791,22.5030263,25,1.0955125093460083,1.0000741481781006,-1.5511302947998047,3.291720151901245,12.0,0.0,0.0
HH_023_to_029,346,13,5200.0,90.1935762,22.5037114,25,-2.446889638900757,-2.2171881198883057,-4.47031831741333,-1.1920232772827148,100.0,60.0,28.000000000000004
HH_023_to_029,362,15,6000.0,90.1786081,22.5030304,25,-3.9410345554351807,-3.384120225906372,-7.713563442230225,-0.8507819175720215,96.0,80.0,60.0
HH_023_to_029,370,49,19600.0,90.1562913,22.5019768,49,-1.2641934156417847,-1.7313398122787476,-3.847029209136963,2.8378796577453613,69.38775510204081,36.734693877551024,8.16326530612245
HH_023_to_029,374,10,4000.0,90.1706414,22.5027642,25,2.4916787147521973,2.7289180755615234,1.013492465019226,3.584023952484131,0.0,0.0,0.0
HH_023_to_029,388,16,6400.0,90.1508104,22.5021504,25,1.234411597251892,1.2426843643188477,-5.515807151794434,10.270451545715332,24.0,12.0,8.0
HH_023_to_029,389,12,4800.0,90.1526745,22.5022398,25,3.6256284713745117,3.7233784198760986,1.7597761154174805,5.140100479125977,0.0,0.0,0.0
HH_023_to_029,393,17,6800.0,90.1814727,22.5023988,25,-0.15997572243213654,-0.4481219947338104,-2.221862316131592,2.745712995529175,36.0,4.0,0.0
HH_023_to_029,398,12,4800.0,90.1582508,22.5019021,25,0.013091678731143475,-0.1998235136270523,-1.7474777698516846,2.1651573181152344,20.0,0.0,0.0
HH_023_to_029,402,11,4400.0,90.1981687,22.502558,25,-1.3675228357315063,-1.076069951057434,-4.328857421875,0.7156264185905457,52.0,32.0,20.0
HH_023_to_029,432,12,4800.0,90.1619613,22.5017569,25,-2.229233741760254,-2.447335720062256,-4.243882656097412,0.325797438621521,76.0,56.00000000000001,32.0
HH_023_to_029,478,64,25600.0,90.1545898,22.4993345,81,-0.6641051173210144,-1.2602787017822266,-5.157937526702881,7.273746013641357,53.086419753086425,32.098765432098766,14.814814814814813
HH_023_to_029,480,15,6000.0,90.1723173,22.5009222,25,0.28540268540382385,-0.1854516714811325,-2.921994686126709,4.337601184844971,20.0,4.0,0.0
HH_023_to_029,488,13,5200.0,90.1594935,22.5004474,25,-1.1015841960906982,-1.3985297679901123,-7.463374614715576,4.686524391174316,52.0,36.0,28.000000000000004
HH_023_to_029,495,21,8400.0,90.2159962,22.5013723,25,0.3441057503223419,0.33935868740081787,-3.6554715633392334,2.920269012451172,24.0,12.0,8.0
HH_023_to_029,508,13,5200.0,90.2120705,22.5011304,25,-1.692121148109436,-1.216950535774231,-4.461735248565674,0.8119212985038757,52.0,40.0,28.000000000000004
HH_023_to_029,556,11,4400.0,90.1656137,22.4992639,25,1.5630371570587158,1.5964187383651733,-0.0690288320183754,2.947460412979126,0.0,0.0,0.0
HH_023_to_029,557,10,4000.0,90.1696419,22.4993708,25,0.25722432136535645,0.43337124586105347,-2.916224956512451,3.4679927825927734,28.000000000000004,16.0,0.0
HH_023_to_029,562,14,5600.0,90.2147481,22.4999408,25,1.3812335729599,1.021774411201477,-2.321639060974121,4.711787223815918,12.0,8.0,0.0
HH_023_to_029,579,16,6400.0,90.1668833,22.4987672,25,0.09785161167383194,-0.44872555136680603,-2.0010921955108643,4.171224117279053,36.0,4.0,0.0
HH_023_to_029,580,25,10000.0,90.1757119,22.4989503,25,1.7149158716201782,1.4316450357437134,-0.20926299691200256,4.441544532775879,0.0,0.0,0.0
HH_023_to_029,605,13,5200.0,90.1829146,22.4988315,25,1.7173799276351929,1.1062248945236206,-1.8073904514312744,6.204231262207031,16.0,0.0,0.0
HH_023_to_029,608,13,5200.0,90.2138264,22.4992722,25,0.3833259642124176,0.48493492603302,-3.63787841796875,3.9360358715057373,28.000000000000004,20.0,8.0
HH_023_to_029,619,51,20400.0,90.1567248,22.497447,49,-0.3483632504940033,-0.3169310688972473,-2.57119083404541,1.499137282371521,20.408163265306122,4.081632653061225,0.0
HH_023_to_029,623,58,23200.0,90.1771166,22.4972125,49,-1.6239150762557983,-2.6234984397888184,-6.585659503936768,6.056880950927734,69.38775510204081,61.224489795918366,40.816326530612244
HH_023_to_029,624,13,5200.0,90.1808003,22.4984473,25,0.4834274649620056,0.665723443031311,-2.5421202182769775,3.4178194999694824,16.0,8.0,0.0
HH_023_to_029,626,11,4400.0,90.1883716,22.4987931,25,0.6996220350265503,-0.0139910988509655,-1.5058562755584717,5.440423488616943,12.0,0.0,0.0
HH_023_to_029,649,34,13600.0,90.1585708,22.4973345,25,0.32705867290496826,0.48098355531692505,-1.6611995697021484,2.1360957622528076,20.0,0.0,0.0
HH_023_to_029,651,21,8400.0,90.1698473,22.4978254,25,2.5256056785583496,2.717968463897705,-0.4068875312805176,4.737290382385254,0.0,0.0,0.0
HH_023_to_029,704,75,30000.0,90.1517413,22.4953797,81,-0.23234866559505463,-0.04650294408202171,-5.8879876136779785,5.360164165496826,38.2716049382716,27.160493827160494,16.049382716049383
HH_023_to_029,707,15,6000.0,90.1642214,22.4965195,25,1.0631954669952393,0.9152256846427917,-2.0507123470306396,4.03269624710083,8.0,4.0,0.0
HH_023_to_029,750,24,9600.0,90.1820168,22.49637,25,-1.8761930465698242,-1.694833755493164,-3.48372483253479,-0.6291326880455017,92.0,40.0,12.0
HH_023_to_029,765,11,4400.0,90.1612043,22.4955101,25,1.2084400653839111,0.986609697341919,-4.175040245056152,4.405540943145752,20.0,8.0,8.0
HH_023_to_029,779,14,5600.0,90.1757725,22.4955611,25,0.22015278041362762,1.020585536956787,-4.13424015045166,2.7002005577087402,28.000000000000004,20.0,16.0
HH_023_to_029,822,28,11200.0,90.1739825,22.4945304,25,2.294647693634033,2.0351133346557617,-1.5216220617294312,6.427934646606445,4.0,0.0,0.0
HH_023_to_029,847,12,4800.0,90.2115065,22.4951609,25,-1.3598095178604126,-1.467522144317627,-4.07760763168335,1.0498296022415161,56.00000000000001,32.0,20.0
HH_023_to_029,854,12,4800.0,90.178564,22.4941959,25,-0.327195405960083,-0.34340959787368774,-2.942232847213745,1.7014575004577637,28.000000000000004,12.0,0.0
HH_023_to_029,881,10,4000.0,90.2094121,22.4944868,25,-1.4158806800842285,-1.774119257926941,-4.889106273651123,3.2264950275421143,68.0,40.0,16.0
HH_023_to_029,883,11,4400.0,90.2162711,22.494699,25,-0.32117193937301636,-0.2544613778591156,-3.9745829105377197,4.14649772644043,40.0,28.000000000000004,20.0
HH_023_to_029,892,12,4800.0,90.1503478,22.493323,25,-2.834169387817383,-2.746274709701538,-5.391249656677246,0.13891726732254028,84.0,68.0,44.0
HH_023_to_029,900,10,4000.0,90.1970033,22.4942171,25,-5.531059741973877,-5.171079158782959,-12.340471267700195,-0.1819016933441162,88.0,84.0,72.0
HH_023_to_029,902,10,4000.0,90.2059977,22.494247,25,1.8130325078964233,1.7697917222976685,1.2343074083328247,2.463411808013916,0.0,0.0,0.0
HH_023_to_029,935,17,6800.0,90.2042145,22.4933548,25,2.120547294616699,2.4998958110809326,-1.453752040863037,3.9621481895446777,4.0,0.0,0.0
HH_023_to_029,942,11,4400.0,90.1710755,22.4929759,25,-0.7564644813537598,-0.9923628568649292,-2.000246524810791,1.0015090703964233,48.0,4.0,0.0
HH_023_to_029,970,18,7200.0,90.1977177,22.4930461,25,-4.549824237823486,-4.835313320159912,-7.915751934051514,-1.3791553974151611,100.0,92.0,68.0
HH_023_to_029,972,10,4000.0,90.1522077,22.4921494,25,-4.669989109039307,-5.104935646057129,-9.518457412719727,0.20474188029766083,92.0,76.0,72.0
HH_023_to_029,982,24,9600.0,90.2163498,22.4930107,25,-1.7609202861785889,-1.7600101232528687,-9.303153991699219,3.3906750679016113,52.0,48.0,32.0
HH_023_to_029,996,34,13600.0,90.2121568,22.4922235,25,-1.0416563749313354,-1.5847229957580566,-5.525557994842529,3.4118762016296387,56.00000000000001,32.0,16.0
HH_023_to_029,997,16,6400.0,90.2178163,22.492942,25,-1.4588255882263184,-1.6299545764923096,-4.6104631423950195,2.211103677749634,68.0,48.0,20.0
HH_023_to_029,1015,10,4000.0,90.202185,22.4925561,25,1.6340633630752563,1.219732642173767,-2.6029052734375,7.21250057220459,8.0,4.0,0.0
HH_023_to_029,1017,12,4800.0,90.1509067,22.4913321,25,-2.0281026363372803,-1.4618525505065918,-7.499398231506348,1.8071410655975342,56.00000000000001,40.0,40.0
HH_023_to_029,1027,18,7200.0,90.2106839,22.4923184,25,1.297362208366394,1.370229959487915,-2.187249183654785,4.811805725097656,16.0,4.0,0.0
HH_023_to_029,1033,11,4400.0,90.1531898,22.4910196,25,-2.4835762977600098,-2.6524529457092285,-3.9730918407440186,0.03850758820772171,92.0,76.0,28.000000000000004
HH_023_to_029,1041,14,5600.0,90.196999,22.4916767,25,-2.418140411376953,-2.0153865814208984,-5.4179229736328125,-0.2540161907672882,88.0,52.0,32.0
HH_023_to_029,1043,12,4800.0,90.2142411,22.4920039,25,0.5540785193443298,0.8644428253173828,-5.212675094604492,3.705273151397705,20.0,12.0,8.0
HH_023_to_029,1063,23,9200.0,90.1725666,22.4907131,25,2.7344491481781006,2.3435261249542236,-0.005566719453781843,8.083369255065918,0.0,0.0,0.0
HH_023_to_029,1074,18,7200.0,90.1571648,22.4900888,25,0.26226523518562317,0.3096243739128113,-2.268829822540283,3.760828733444214,44.0,8.0,0.0
HH_023_to_029,1076,11,4400.0,90.1854392,22.4909629,25,-0.5072453618049622,-0.5180895328521729,-2.3208298683166504,1.0979678630828857,40.0,8.0,0.0
HH_023_to_029,1096,40,16000.0,90.1658591,22.4900389,49,0.898766279220581,1.2131420373916626,-3.9643633365631104,5.400398254394531,34.69387755102041,22.448979591836736,8.16326530612245
HH_023_to_029,1101,23,9200.0,90.1959828,22.4905809,25,2.4240479469299316,1.9213820695877075,-1.0925463438034058,6.873895645141602,4.0,0.0,0.0
HH_023_to_029,1107,12,4800.0,90.1689011,22.490115,25,0.9147824048995972,0.8375351428985596,-0.37815603613853455,4.121865749359131,0.0,0.0,0.0
HH_023_to_029,1110,63,25200.0,90.1743353,22.4894224,49,-0.03617476299405098,0.25270235538482666,-2.899993658065796,3.1756069660186768,36.734693877551024,16.3265306122449,0.0
HH_023_to_029,1114,18,7200.0,90.208616,22.4904873,25,-1.8968820571899414,-1.3146159648895264,-7.081925868988037,1.9451760053634644,52.0,44.0,32.0
HH_023_to_029,1120,11,4400.0,90.1608642,22.4896781,25,0.5297093391418457,0.0061544268392026424,-2.0143544673919678,5.562872886657715,12.0,4.0,0.0
HH_023_to_029,1129,33,13200.0,90.1518232,22.489048,25,-0.6781480312347412,-0.8633363246917725,-2.487074375152588,2.4285993576049805,48.0,12.0,0.0
HH_023_to_029,1143,15,6000.0,90.2138634,22.4908149,25,-2.4185969829559326,-2.2945759296417236,-4.384057521820068,-0.7106714248657227,92.0,64.0,24.0
HH_023_to_029,1145,25,10000.0,90.1535976,22.4889715,25,1.7911388874053955,1.3470582962036133,-0.45293182134628296,6.302495002746582,0.0,0.0,0.0
HH_023_to_029,1148,13,5200.0,90.1722638,22.4897853,25,0.5009169578552246,-0.028802838176488876,-1.4192253351211548,4.393625259399414,8.0,0.0,0.0
HH_023_to_029,1161,10,4000.0,90.1709871,22.489592,25,-1.1365041732788086,-1.6716755628585815,-2.8609564304351807,2.860887050628662,64.0,32.0,0.0
HH_023_to_029,1165,13,5200.0,90.1694352,22.4892634,25,2.0938942432403564,2.580024003982544,-4.132868766784668,5.475184440612793,16.0,16.0,8.0
HH_023_to_029,1182,17,6800.0,90.1766829,22.4889561,25,-2.7587838172912598,-2.64365291595459,-4.500866413116455,-1.0840985774993896,100.0,76.0,36.0
HH_023_to_029,1194,30,12000.0,90.2062804,22.4891972,25,-1.114037036895752,-0.8382530212402344,-5.418436527252197,3.282848596572876,48.0,44.0,28.000000000000004
HH_023_to_029,1218,29,11600.0,90.2023592,22.4885583,25,-4.91273832321167,-4.841044902801514,-8.434568405151367,-0.8652741312980652,88.0,88.0,80.0
HH_023_to_029,1253,15,6000.0,90.1711765,22.4876036,25,-0.4376104772090912,-0.29012757539749146,-4.520782947540283,2.75100040435791,32.0,32.0,20.0
HH_023_to_029,1256,10,4000.0,90.1795742,22.4876486,25,1.8547422885894775,1.7116032838821411,-0.45229318737983704,4.124046325683594,0.0,0.0,0.0
HH_023_to_029,1262,15,6000.0,90.2109602,22.4883335,25,0.8841094374656677,0.6701386570930481,-1.8899905681610107,5.248687267303467,8.0,0.0,0.0
HH_023_to_029,1271,29,11600.0,90.1775739,22.4872232,25,-0.09805416315793991,-0.14067983627319336,-1.5379836559295654,1.4798767566680908,12.0,0.0,0.0
HH_023_to_029,1278,16,6400.0,90.1556296,22.4867897,25,-0.23290663957595825,-0.33259379863739014,-2.1991119384765625,3.1580212116241455,24.0,4.0,0.0
HH_023_to_029,1281,11,4400.0,90.1695038,22.4868926,25,1.855682373046875,1.9804524183273315,0.19414812326431274,3.285616397857666,0.0,0.0,0.0
HH_023_to_029,1295,15,6000.0,90.2115697,22.487646,25,-1.5133349895477295,-1.385438323020935,-4.216597557067871,0.7952355742454529,56.00000000000001,40.0,20.0
HH_023_to_029,1307,20,8000.0,90.1600789,22.486277,25,-3.640956401824951,-4.247679710388184,-7.966700553894043,2.265193223953247,80.0,80.0,64.0
HH_023_to_029,1324,14,5600.0,90.1952947,22.4867342,25,4.04983377456665,4.500804424285889,-3.7662811279296875,8.890057563781738,8.0,4.0,4.0
HH_023_to_029,1370,10,4000.0,90.1751873,22.4855679,25,-0.09479036927223206,-0.05755585432052612,-2.0012619495391846,2.101465940475464,24.0,4.0,0.0
HH_023_to_029,1371,12,4800.0,90.1774231,22.4857966,25,2.058539628982544,2.651207208633423,-1.8643290996551514,5.923741340637207,16.0,0.0,0.0
HH_023_to_029,1376,27,10800.0,90.2097673,22.4861813,25,-0.27555105090141296,-0.4888036847114563,-3.9618608951568604,1.9566233158111572,24.0,8.0,4.0
HH_023_to_029,1390,21,8400.0,90.2062765,22.4855238,25,1.8041273355484009,2.5381062030792236,-5.2440505027771,6.722541809082031,24.0,16.0,12.0
HH_023_to_029,1405,10,4000.0,90.2183989,22.4861574,25,1.7930865287780762,1.7833977937698364,-2.401872158050537,5.324963569641113,8.0,4.0,0.0
HH_023_to_029,1406,15,6000.0,90.1508658,22.484634,25,-3.818514823913574,-4.022763252258301,-6.771740436553955,-1.2821882963180542,100.0,88.0,68.0
HH_023_to_029,1413,11,4400.0,90.2143675,22.4856889,25,-2.824066162109375,-3.120858669281006,-4.431874752044678,0.30873048305511475,88.0,80.0,56.00000000000001
HH_023_to_029,1453,19,7600.0,90.1706977,22.4842653,25,-0.2420770674943924,-0.2536618709564209,-1.321373462677002,0.9128720164299011,8.0,0.0,0.0
HH_023_to_029,1461,13,5200.0,90.2043445,22.484749,25,2.0917224884033203,2.1130330562591553,-0.6547114253044128,4.624225616455078,0.0,0.0,0.0
HH_023_to_029,1464,11,4400.0,90.2138756,22.4846793,25,0.5106850266456604,0.31938737630844116,-3.2819905281066895,4.4428534507751465,24.0,12.0,4.0
HH_023_to_029,1470,18,7200.0,90.180585,22.4842122,25,-1.3054596185684204,-1.6764886379241943,-4.064739227294922,0.934870719909668,60.0,36.0,12.0
HH_023_to_029,1492,12,4800.0,90.2177394,22.4846476,25,3.272188186645508,3.166033983230591,-0.45386627316474915,7.792385101318359,0.0,0.0,0.0
HH_023_to_029,1501,18,7200.0,90.2082221,22.4843024,25,-0.6691136360168457,-0.5061686635017395,-2.3774445056915283,0.2208917737007141,24.0,4.0,0.0
HH_023_to_029,1505,13,5200.0,90.16235,22.4835009,25,0.3211786150932312,0.0671452134847641,-2.1152586936950684,3.322969675064087,24.0,8.0,0.0
HH_023_to_029,1525,28,11200.0,90.1991607,22.4835584,25,3.5099875926971436,3.604203462600708,-0.285957396030426,6.631941795349121,0.0,0.0,0.0
HH_023_to_029,1536,13,5200.0,90.1976151,22.4835072,25,-2.9267897605895996,-2.6983654499053955,-4.7126617431640625,-1.4313569068908691,100.0,84.0,44.0
HH_023_to_029,1552,11,4400.0,90.1543896,22.4824414,25,3.6447227001190186,3.594313859939575,1.3221179246902466,4.8854594230651855,0.0,0.0,0.0
HH_023_to_029,1564,18,7200.0,90.164588,22.4822465,25,-1.9968839883804321,-1.9327975511550903,-3.449615001678467,-0.27226075530052185,80.0,48.0,24.0
HH_023_to_029,1566,11,4400.0,90.1807522,22.4825931,25,2.617809772491455,2.359872579574585,-0.052449263632297516,5.320260524749756,0.0,0.0,0.0
HH_023_to_029,1570,19,7600.0,90.208848,22.4830591,25,-2.361856460571289,-2.534853458404541,-5.919672966003418,2.220278024673462,72.0,64.0,36.0
HH_023_to_029,1582,18,7200.0,90.2178366,22.4832953,25,0.32080307602882385,0.467924028635025,-1.9670981168746948,2.0712056159973145,12.0,0.0,0.0
HH_023_to_029,1598,13,5200.0,90.1724785,22.4821654,25,0.8768194317817688,0.7414531707763672,-0.9650701880455017,2.7187111377716064,0.0,0.0,0.0
HH_023_to_029,1628,10,4000.0,90.1614775,22.4815178,25,0.0628492534160614,-0.33055031299591064,-2.6735124588012695,2.958308458328247,28.000000000000004,8.0,0.0
HH_023_to_029,1640,19,7600.0,90.2182324,22.4821097,25,5.114757537841797,5.563350200653076,1.079002857208252,7.759306907653809,0.0,0.0,0.0
HH_023_to_029,1644,11,4400.0,90.176924,22.481525,25,-0.2508138418197632,-0.513355016708374,-4.012016296386719,3.314707040786743,44.0,36.0,28.000000000000004
HH_023_to_029,1653,10,4000.0,90.1711812,22.4810025,25,-2.289583683013916,-2.711940288543701,-6.597766876220703,0.9213358163833618,68.0,52.0,40.0
HH_023_to_029,1659,14,5600.0,90.1997243,22.4817565,25,0.21479278802871704,-0.4918668866157532,-2.064281463623047,4.541942119598389,28.000000000000004,4.0,0.0
HH_023_to_029,1704,10,4000.0,90.1672148,22.4802288,25,2.292290210723877,1.9650893211364746,-0.06460652500391006,6.83582878112793,0.0,0.0,0.0
HH_023_to_029,1728,12,4800.0,90.1568306,22.4795073,25,1.7009164094924927,2.091677665710449,-0.8418149352073669,3.2269551753997803,0.0,0.0,0.0
HH_023_to_029,1754,16,6400.0,90.1509674,22.4790803,25,2.058248281478882,1.8757973909378052,0.35541728138923645,3.968541145324707,0.0,0.0,0.0
HH_023_to_029,1755,31,12400.0,90.154537,22.4785472,25,-5.314377307891846,-5.601419448852539,-11.465814590454102,1.4004266262054443,84.0,80.0,72.0
HH_023_to_029,1781,10,4000.0,90.2074362,22.4796853,25,0.37206849455833435,-0.0637366771697998,-1.02215576171875,2.774381160736084,4.0,0.0,0.0
HH_023_to_029,1785,18,7200.0,90.1569917,22.4784922,25,1.4765056371688843,0.8907703161239624,-2.2389304637908936,5.82732629776001,20.0,12.0,0.0
HH_023_to_029,1786,11,4400.0,90.1647003,22.4790948,25,-2.8434417247772217,-2.969182014465332,-6.6154022216796875,0.9812355041503906,72.0,60.0,48.0
HH_023_to_029,1789,15,6000.0,90.1774182,22.4793367,25,-2.135843276977539,-2.219529390335083,-4.8368611335754395,1.1178354024887085,76.0,60.0,28.000000000000004
HH_023_to_029,1808,15,6000.0,90.2175404,22.4798662,25,1.6068854331970215,2.0214931964874268,-2.5792720317840576,3.27266788482666,8.0,4.0,0.0
HH_023_to_029,1816,23,9200.0,90.2081979,22.4791452,25,-1.6602238416671753,-1.5895439386367798,-5.446986198425293,2.4526848793029785,56.00000000000001,48.0,40.0
HH_023_to_029,1848,18,7200.0,90.1555007,22.4775231,25,-0.8409006595611572,0.14409586787223816,-7.031450271606445,2.0123324394226074,32.0,24.0,20.0
HH_023_to_029,1857,11,4400.0,90.1794327,22.4779913,25,-3.438741683959961,-2.6164536476135254,-9.327181816101074,0.4583391845226288,76.0,64.0,44.0
HH_023_to_029,1866,18,7200.0,90.1808369,22.4776375,25,-2.504913568496704,-1.7680189609527588,-8.274588584899902,1.6476836204528809,68.0,48.0,44.0
HH_023_to_029,1869,14,5600.0,90.1932339,22.4781491,25,1.9422608613967896,1.9493340253829956,-1.5855973958969116,4.526206970214844,8.0,0.0,0.0
HH_023_to_029,1887,20,8000.0,90.1611216,22.4770617,25,0.25771287083625793,-0.2554227113723755,-1.0054101943969727,2.3125476837158203,4.0,0.0,0.0
HH_023_to_029,1889,13,5200.0,90.1829699,22.4776555,25,0.3088618516921997,0.23703184723854065,-1.8469334840774536,2.304077625274658,8.0,0.0,0.0
HH_023_to_029,1902,12,4800.0,90.1744236,22.4772594,25,-5.086111068725586,-5.179352760314941,-9.295537948608398,-1.0596895217895508,100.0,84.0,80.0
HH_023_to_029,1904,27,10800.0,90.1948541,22.4775177,25,-0.11825959384441376,-0.34022900462150574,-1.735488772392273,1.9473499059677124,12.0,0.0,0.0
HH_023_to_029,1905,35,14000.0,90.1995842,22.4772718,25,-0.029065679758787155,-0.5360554456710815,-2.9302408695220947,2.612785816192627,20.0,8.0,0.0
HH_023_to_029,1924,10,4000.0,90.1717543,22.4766981,25,-9.878072738647461,-10.133956909179688,-14.257088661193848,-5.398758888244629,100.0,100.0,100.0
HH_023_to_029,1925,10,4000.0,90.1769576,22.4768254,25,1.6501147747039795,1.52974534034729,-0.32834553718566895,3.764662504196167,0.0,0.0,0.0
HH_023_to_029,1931,15,6000.0,90.2126982,22.477219,25,-0.710146963596344,-0.47975367307662964,-3.4887800216674805,0.7635956406593323,28.000000000000004,16.0,4.0
HH_023_to_029,1933,13,5200.0,90.1553133,22.4761281,25,-2.973557233810425,-2.978245258331299,-4.036724090576172,-1.6857458353042603,100.0,88.0,44.0
HH_023_to_029,1950,16,6400.0,90.1755488,22.4762524,25,-9.090242385864258,-9.45840072631836,-13.564187049865723,-2.622631788253784,100.0,100.0,92.0
HH_023_to_029,1952,25,10000.0,90.2191665,22.4769095,25,2.7739784717559814,2.5695152282714844,0.3223772644996643,6.3492326736450195,0.0,0.0,0.0
HH_023_to_029,1976,12,4800.0,90.2143687,22.4767364,25,-1.0645605325698853,-0.9986841082572937,-2.678220748901367,0.1597474217414856,48.0,20.0,0.0
HH_023_to_029,1978,13,5200.0,90.21637,22.4767223,25,-0.1579134166240692,-0.3377425968647003,-1.512794017791748,1.7176592350006104,20.0,0.0,0.0
HH_023_to_029,1980,19,7600.0,90.1607959,22.4749889,25,0.32750260829925537,0.6430816650390625,-4.551601886749268,4.198780536651611,28.000000000000004,16.0,12.0
HH_023_to_029,1986,19,7600.0,90.1961485,22.476007,25,4.111804008483887,4.138899326324463,-0.1332436203956604,8.216630935668945,0.0,0.0,0.0
HH_023_to_029,1987,11,4400.0,90.2026196,22.4762128,25,-1.6069912910461426,-1.9474425315856934,-5.700685977935791,2.1626667976379395,60.0,44.0,32.0
HH_023_to_029,1995,22,8800.0,90.1734804,22.4754417,25,1.5050935745239258,1.5209932327270508,-0.7340889573097229,4.862084865570068,0.0,0.0,0.0
HH_023_to_029,2005,10,4000.0,90.1508884,22.4749946,25,0.48815956711769104,0.2898753881454468,-0.785483717918396,2.6446592807769775,0.0,0.0,0.0
HH_023_to_029,2014,10,4000.0,90.217745,22.4761087,25,0.6213529706001282,0.6625151634216309,-1.5103387832641602,3.9563937187194824,20.0,0.0,0.0
HH_023_to_029,2020,10,4000.0,90.211825,22.47588,25,2.0245583057403564,1.5991920232772827,-2.300686836242676,5.023674011230469,8.0,4.0,0.0
HH_023_to_029,2033,41,16400.0,90.20006,22.4747777,49,-0.27238020300865173,-0.4628508985042572,-4.492727756500244,3.838399887084961,46.93877551020408,22.448979591836736,12.244897959183673
HH_023_to_029,2035,15,6000.0,90.2064473,22.4757267,25,-1.6482294797897339,-0.4274972677230835,-8.334944725036621,2.5102081298828125,44.0,36.0,32.0
HH_023_to_029,2036,15,6000.0,90.2143436,22.4758874,25,-1.5453981161117554,-1.736672043800354,-3.6232190132141113,0.897960901260376,60.0,40.0,20.0
HH_023_to_029,2054,18,7200.0,90.2051192,22.4749013,25,-0.7965101003646851,-0.9508825540542603,-2.252537250518799,0.7446491122245789,40.0,4.0,0.0
HH_023_to_029,2058,13,5200.0,90.190333,22.4748679,25,-0.06974656879901886,-0.186910480260849,-2.0360870361328125,3.0048930644989014,32.0,4.0,0.0
HH_023_to_029,2068,31,12400.0,90.1773685,22.4740222,25,-1.8943889141082764,-2.1425833702087402,-4.246857643127441,1.7488104104995728,80.0,52.0,24.0
HH_023_to_029,2085,20,8000.0,90.2146402,22.4744935,25,1.2474594116210938,1.0026533603668213,-1.4418632984161377,3.1719934940338135,4.0,0.0,0.0
HH_023_to_029,2088,73,29200.0,90.1540396,22.4720556,81,0.6271551251411438,0.6357360482215881,-4.928574085235596,5.048180103302002,17.28395061728395,14.814814814814813,12.345679012345679
HH_023_to_029,2096,10,4000.0,90.165664,22.4733958,25,-3.9579834938049316,-4.033271789550781,-6.123269081115723,-0.6891437768936157,92.0,92.0,68.0
HH_023_to_029,2115,14,5600.0,90.1967136,22.4734773,25,-0.7711040377616882,-0.5998063087463379,-4.463545799255371,2.498452663421631,40.0,28.000000000000004,20.0
HH_023_to_029,2137,15,6000.0,90.1750455,22.4730972,25,-4.29208517074585,-4.215119361877441,-9.305220603942871,0.07149652391672134,92.0,80.0,64.0
HH_023_to_029,2152,13,5200.0,90.2085867,22.4736576,25,5.589128494262695,6.011115074157715,1.714347004890442,8.238753318786621,0.0,0.0,0.0
HH_023_to_029,2157,12,4800.0,90.1560216,22.4723624,25,-1.5777082443237305,-1.7619109153747559,-3.3613574504852295,0.8364356160163879,60.0,40.0,20.0
HH_023_to_029,2186,26,10400.0,90.2035156,22.4728267,25,2.3065590858459473,2.9727399349212646,-2.8372673988342285,4.642526149749756,12.0,4.0,0.0
HH_023_to_029,2228,11,4400.0,90.1619441,22.4713659,25,0.31146880984306335,0.7311853766441345,-5.177268028259277,5.162670612335205,40.0,28.000000000000004,24.0
HH_023_to_029,2259,13,5200.0,90.1886662,22.4715755,25,-1.1029067039489746,-1.4347058534622192,-2.6677048206329346,1.8630337715148926,68.0,12.0,0.0
HH_023_to_029,2271,14,5600.0,90.2033298,22.4715033,25,1.6349589824676514,1.7845020294189453,-1.126140832901001,4.547629356384277,4.0,0.0,0.0
HH_023_to_029,2272,35,14000.0,90.2141327,22.4710817,25,-3.514404535293579,-3.654895782470703,-6.178009033203125,-1.0410175323486328,100.0,88.0,68.0
HH_023_to_029,2276,11,4400.0,90.1593647,22.4705655,25,1.940210223197937,1.95772123336792,-0.4728166460990906,5.001440525054932,0.0,0.0,0.0
HH_023_to_029,2290,13,5200.0,90.1567156,22.47039,25,-0.4761335849761963,-0.7181673049926758,-5.89591121673584,3.457444190979004,44.0,40.0,12.0
HH_023_to_029,2314,12,4800.0,90.1747377,22.4705554,25,2.015028476715088,2.0975341796875,-1.1357117891311646,3.73628568649292,4.0,0.0,0.0
HH_023_to_029,2315,12,4800.0,90.1769594,22.4703536,25,-2.6792633533477783,-2.5520970821380615,-4.435781478881836,-0.9726841449737549,96.0,68.0,36.0
HH_023_to_029,2321,54,21600.0,90.2098926,22.4706012,49,1.4287577867507935,1.37471604347229,-1.9522669315338135,4.359001159667969,4.081632653061225,0.0,0.0
VV_025_to_026,19,10,4000.0,90.1674814,22.5090991,25,0.7907509803771973,0.4082697629928589,-2.10599946975708,3.8755698204040527,16.0,8.0,0.0
VV_025_to_026,87,12,4800.0,90.1923973,22.5082479,25,-0.6633833050727844,-0.24633201956748962,-4.03205680847168,2.042306900024414,36.0,24.0,20.0
VV_025_to_026,207,10,4000.0,90.2196199,22.5057297,25,-8.458274841308594,-8.45164966583252,-13.660283088684082,-2.3921430110931396,100.0,100.0,96.0
VV_025_to_026,415,12,4800.0,90.1568177,22.4999362,25,-2.7012524604797363,-1.7781622409820557,-7.278838634490967,1.401993989944458,68.0,48.0,48.0
VV_025_to_026,482,10,4000.0,90.151746,22.4985678,25,-1.1690282821655273,-0.8737949132919312,-5.351685523986816,1.0806267261505127,48.0,24.0,8.0
VV_025_to_026,566,10,4000.0,90.1815711,22.4974318,25,3.4865362644195557,3.0600287914276123,0.4488255977630615,7.79754638671875,0.0,0.0,0.0
VV_025_to_026,708,13,5200.0,90.21585,22.4952384,25,0.8905034065246582,0.4148982763290405,-0.9874170422554016,3.645301103591919,0.0,0.0,0.0
VV_025_to_026,854,10,4000.0,90.1736014,22.4909558,25,-0.36614665389060974,-0.6217337846755981,-4.135900497436523,3.497180938720703,32.0,20.0,12.0
VV_025_to_026,877,11,4400.0,90.2143571,22.4914985,25,-0.14448945224285126,0.19603696465492249,-3.9305260181427,2.8137564659118652,28.000000000000004,16.0,8.0
VV_025_to_026,935,11,4400.0,90.160373,22.488652,25,-0.0026408815756440163,0.04618111252784729,-1.2951165437698364,1.6247780323028564,20.0,0.0,0.0
VV_025_to_026,1053,15,6000.0,90.1983754,22.4868634,25,-0.9660666584968567,-1.0021677017211914,-4.630428314208984,2.6678788661956787,52.0,40.0,32.0
VV_025_to_026,1135,26,10400.0,90.1586449,22.4841993,25,-2.8741674423217773,-3.045508861541748,-5.489323139190674,1.5698033571243286,84.0,76.0,52.0
VV_025_to_026,1265,13,5200.0,90.1589609,22.4818998,25,-2.1796042919158936,-1.9395352602005005,-9.066323280334473,1.6923720836639404,64.0,48.0,32.0
VV_025_to_026,1298,13,5200.0,90.1939619,22.4816384,25,-0.4350959062576294,-0.9526357650756836,-3.3518056869506836,2.8162052631378174,48.0,20.0,4.0
VV_025_to_026,1354,10,4000.0,90.1610285,22.4797227,25,-3.001870632171631,-2.1131374835968018,-10.110147476196289,-0.5950267314910889,88.0,52.0,40.0
VV_025_to_026,1422,10,4000.0,90.1512561,22.4779075,25,1.2171587944030762,1.145332932472229,-1.9466092586517334,4.262653350830078,12.0,0.0,0.0
