candidate_key,comparison,region_id,lon,lat,area_m2,nisar_change,nisar_change_strength,nisar_signal_percentile,nisar_signal_band,s1_anomaly_percentile,s1_anomaly_stability,cross_radar_status,optical_status,rainfall_context_status,comparison_population_size,evidence_limitation,observation_summary,inference_summary,limitation_summary
HH_023_to_029_265,HH_023_to_029,265,90.2193002,22.5057964,5200,-0.3435297310352325,0.3435297310352325,0.8564102564102564,upper_quartile,1.0,high_sensitivity,dual_radar_upper_quartile_but_sensitive,tested_but_inconclusive_no_valid_pixels,partial_missing_GUNW_023_14day,195,kNN anomaly position is sensitive to neighbourhood size; optical verification attempted but no valid pixels available; 14-day rainfall unavailable for GUNW_023.,"NISAR change -0.3435297310352325 (band upper_quartile, percentile 0.8564102564102564); Sentinel-1 comparison-aware anomaly percentile 1.0; cross-radar: both radar sources are in the upper quartile of their comparison populations, but the anomaly position is sensitive to neighbourhood size (k); optical: tested_but_inconclusive_no_valid_pixels; rainfall: partial_missing_GUNW_023_14day","A multi-radar signal in which both radar sources are upper-quartile for their comparison population, but the anomaly position moves with neighbourhood size. This merits further investigation with explicit attention to k-sensitivity.","kNN anomaly position is sensitive to neighbourhood size; optical verification attempted but no valid pixels available; 14-day rainfall unavailable for GUNW_023. No independent ground-truth event label is available for erosion, deposition, bank failure or any other physical process, so the observed signal cannot be attributed to a specific process from these data alone. Rainfall is AOI-level environmental context and is not a spatial discriminator between candidate regions."
HH_023_to_029_1786,HH_023_to_029,1786,90.1647003,22.4790948,4400,-0.3076928555965423,0.3076928555965423,0.6,middle_half,0.9914529914529916,high_sensitivity,s1_upper_quartile_but_sensitive,tested_but_inconclusive_no_valid_pixels,partial_missing_GUNW_023_14day,195,kNN anomaly position is sensitive to neighbourhood size; optical verification attempted but no valid pixels available; 14-day rainfall unavailable for GUNW_023.,"NISAR change -0.3076928555965423 (band middle_half, percentile 0.6); Sentinel-1 comparison-aware anomaly percentile 0.9914529914529915; cross-radar: only the Sentinel-1 anomaly is upper-quartile, and it is sensitive to neighbourhood size (k); optical: tested_but_inconclusive_no_valid_pixels; rainfall: partial_missing_GUNW_023_14day","An upper-quartile pattern in one radar source only. The second radar source does not reinforce it, so the signal is not corroborated across radars and remains a hypothesis for further investigation.","kNN anomaly position is sensitive to neighbourhood size; optical verification attempted but no valid pixels available; 14-day rainfall unavailable for GUNW_023. No independent ground-truth event label is available for erosion, deposition, bank failure or any other physical process, so the observed signal cannot be attributed to a specific process from these data alone. Rainfall is AOI-level environmental context and is not a spatial discriminator between candidate regions."
HH_023_to_029_296,HH_023_to_029,296,90.1965035,22.5039642,19600,-0.3083744049072265,0.3083744049072265,0.6102564102564103,middle_half,0.9897435897435898,moderate_sensitivity,s1_upper_quartile_nisar_not_upper_quartile,not_tested,partial_missing_GUNW_023_14day,195,moderate sensitivity to kNN neighbourhood size; optical verification not performed; 14-day rainfall unavailable for GUNW_023.,"NISAR change -0.3083744049072265 (band middle_half, percentile 0.6102564102564103); Sentinel-1 comparison-aware anomaly percentile 0.9897435897435898; cross-radar: only the Sentinel-1 anomaly is upper-quartile; the NISAR measurement is not upper-quartile; optical: not_tested; rainfall: partial_missing_GUNW_023_14day","An upper-quartile pattern in one radar source only. The second radar source does not reinforce it, so the signal is not corroborated across radars and remains a hypothesis for further investigation.","moderate sensitivity to kNN neighbourhood size; optical verification not performed; 14-day rainfall unavailable for GUNW_023. No independent ground-truth event label is available for erosion, deposition, bank failure or any other physical process, so the observed signal cannot be attributed to a specific process from these data alone. Rainfall is AOI-level environmental context and is not a spatial discriminator between candidate regions."
HH_023_to_029_478,HH_023_to_029,478,90.1545898,22.4993345,25600,-0.2930508255958557,0.2930508255958557,0.38974358974358975,lower_half,0.9863247863247864,low_sensitivity,s1_upper_quartile_nisar_not_upper_quartile,not_tested,partial_missing_GUNW_023_14day,195,optical verification not performed; 14-day rainfall unavailable for GUNW_023.,"NISAR change -0.2930508255958557 (band lower_half, percentile 0.38974358974358975); Sentinel-1 comparison-aware anomaly percentile 0.9863247863247864; cross-radar: only the Sentinel-1 anomaly is upper-quartile; the NISAR measurement is not upper-quartile; optical: not_tested; rainfall: partial_missing_GUNW_023_14day","An upper-quartile pattern in one radar source only. The second radar source does not reinforce it, so the signal is not corroborated across radars and remains a hypothesis for further investigation.","optical verification not performed; 14-day rainfall unavailable for GUNW_023. No independent ground-truth event label is available for erosion, deposition, bank failure or any other physical process, so the observed signal cannot be attributed to a specific process from these data alone. Rainfall is AOI-level environmental context and is not a spatial discriminator between candidate regions."
HH_023_to_029_167,HH_023_to_029,167,90.164763,22.5061629,4000,-0.2980999052524566,0.2980999052524566,0.46153846153846156,lower_half,0.9811965811965812,moderate_sensitivity,s1_upper_quartile_nisar_not_upper_quartile,not_tested,partial_missing_GUNW_023_14day,195,moderate sensitivity to kNN neighbourhood size; optical verification not performed; 14-day rainfall unavailable for GUNW_023.,"NISAR change -0.2980999052524566 (band lower_half, percentile 0.46153846153846156); Sentinel-1 comparison-aware anomaly percentile 0.9811965811965813; cross-radar: only the Sentinel-1 anomaly is upper-quartile; the NISAR measurement is not upper-quartile; optical: not_tested; rainfall: partial_missing_GUNW_023_14day","An upper-quartile pattern in one radar source only. The second radar source does not reinforce it, so the signal is not corroborated across radars and remains a hypothesis for further investigation.","moderate sensitivity to kNN neighbourhood size; optical verification not performed; 14-day rainfall unavailable for GUNW_023. No independent ground-truth event label is available for erosion, deposition, bank failure or any other physical process, so the observed signal cannot be attributed to a specific process from these data alone. Rainfall is AOI-level environmental context and is not a spatial discriminator between candidate regions."
HH_023_to_029_246,HH_023_to_029,246,90.1515533,22.5042809,7200,-0.3234554529190063,0.3234554529190063,0.7282051282051282,middle_half,0.9743589743589745,moderate_sensitivity,s1_upper_quartile_nisar_not_upper_quartile,tested_but_inconclusive_no_valid_pixels,partial_missing_GUNW_023_14day,195,moderate sensitivity to kNN neighbourhood size; optical verification attempted but no valid pixels available; 14-day rainfall unavailable for GUNW_023.,"NISAR change -0.3234554529190063 (band middle_half, percentile 0.7282051282051282); Sentinel-1 comparison-aware anomaly percentile 0.9743589743589743; cross-radar: only the Sentinel-1 anomaly is upper-quartile; the NISAR measurement is not upper-quartile; optical: tested_but_inconclusive_no_valid_pixels; rainfall: partial_missing_GUNW_023_14day","An upper-quartile pattern in one radar source only. The second radar source does not reinforce it, so the signal is not corroborated across radars and remains a hypothesis for further investigation.","moderate sensitivity to kNN neighbourhood size; optical verification attempted but no valid pixels available; 14-day rainfall unavailable for GUNW_023. No independent ground-truth event label is available for erosion, deposition, bank failure or any other physical process, so the observed signal cannot be attributed to a specific process from these data alone. Rainfall is AOI-level environmental context and is not a spatial discriminator between candidate regions."
HH_023_to_029_188,HH_023_to_029,188,90.1662475,22.5055933,8400,-0.3361970782279968,0.3361970782279968,0.8102564102564103,upper_quartile,0.9675213675213676,high_sensitivity,dual_radar_upper_quartile_but_sensitive,tested_but_inconclusive_no_valid_pixels,partial_missing_GUNW_023_14day,195,kNN anomaly position is sensitive to neighbourhood size; optical verification attempted but no valid pixels available; 14-day rainfall unavailable for GUNW_023.,"NISAR change -0.3361970782279968 (band upper_quartile, percentile 0.8102564102564103); Sentinel-1 comparison-aware anomaly percentile 0.9675213675213675; cross-radar: both radar sources are in the upper quartile of their comparison populations, but the anomaly position is sensitive to neighbourhood size (k); optical: tested_but_inconclusive_no_valid_pixels; rainfall: partial_missing_GUNW_023_14day","A multi-radar signal in which both radar sources are upper-quartile for their comparison population, but the anomaly position moves with neighbourhood size. This merits further investigation with explicit attention to k-sensitivity.","kNN anomaly position is sensitive to neighbourhood size; optical verification attempted but no valid pixels available; 14-day rainfall unavailable for GUNW_023. No independent ground-truth event label is available for erosion, deposition, bank failure or any other physical process, so the observed signal cannot be attributed to a specific process from these data alone. Rainfall is AOI-level environmental context and is not a spatial discriminator between candidate regions."
HH_023_to_029_970,HH_023_to_029,970,90.1977177,22.4930461,7200,-0.2730003893375397,0.2730003893375397,0.20512820512820512,lower_half,0.9606837606837608,high_sensitivity,s1_upper_quartile_but_sensitive,tested_but_inconclusive_no_valid_pixels,partial_missing_GUNW_023_14day,195,kNN anomaly position is sensitive to neighbourhood size; optical verification attempted but no valid pixels available; 14-day rainfall unavailable for GUNW_023.,"NISAR change -0.2730003893375397 (band lower_half, percentile 0.20512820512820512); Sentinel-1 comparison-aware anomaly percentile 0.9606837606837607; cross-radar: only the Sentinel-1 anomaly is upper-quartile, and it is sensitive to neighbourhood size (k); optical: tested_but_inconclusive_no_valid_pixels; rainfall: partial_missing_GUNW_023_14day","An upper-quartile pattern in one radar source only. The second radar source does not reinforce it, so the signal is not corroborated across radars and remains a hypothesis for further investigation.","kNN anomaly position is sensitive to neighbourhood size; optical verification attempted but no valid pixels available; 14-day rainfall unavailable for GUNW_023. No independent ground-truth event label is available for erosion, deposition, bank failure or any other physical process, so the observed signal cannot be attributed to a specific process from these data alone. Rainfall is AOI-level environmental context and is not a spatial discriminator between candidate regions."
HH_023_to_029_224,HH_023_to_029,224,90.2040889,22.5062164,5600,-0.2983033359050751,0.2983033359050751,0.4717948717948718,lower_half,0.9572649572649572,low_sensitivity,s1_upper_quartile_nisar_not_upper_quartile,not_tested,partial_missing_GUNW_023_14day,195,optical verification not performed; 14-day rainfall unavailable for GUNW_023.,"NISAR change -0.2983033359050751 (band lower_half, percentile 0.4717948717948718); Sentinel-1 comparison-aware anomaly percentile 0.9572649572649573; cross-radar: only the Sentinel-1 anomaly is upper-quartile; the NISAR measurement is not upper-quartile; optical: not_tested; rainfall: partial_missing_GUNW_023_14day","An upper-quartile pattern in one radar source only. The second radar source does not reinforce it, so the signal is not corroborated across radars and remains a hypothesis for further investigation.","optical verification not performed; 14-day rainfall unavailable for GUNW_023. No independent ground-truth event label is available for erosion, deposition, bank failure or any other physical process, so the observed signal cannot be attributed to a specific process from these data alone. Rainfall is AOI-level environmental context and is not a spatial discriminator between candidate regions."
HH_023_to_029_2020,HH_023_to_029,2020,90.211825,22.47588,4000,-0.273408979177475,0.273408979177475,0.21025641025641026,lower_half,0.9504273504273504,low_sensitivity,s1_upper_quartile_nisar_not_upper_quartile,not_tested,partial_missing_GUNW_023_14day,195,optical verification not performed; 14-day rainfall unavailable for GUNW_023.,"NISAR change -0.273408979177475 (band lower_half, percentile 0.21025641025641026); Sentinel-1 comparison-aware anomaly percentile 0.9504273504273505; cross-radar: only the Sentinel-1 anomaly is upper-quartile; the NISAR measurement is not upper-quartile; optical: not_tested; rainfall: partial_missing_GUNW_023_14day","An upper-quartile pattern in one radar source only. The second radar source does not reinforce it, so the signal is not corroborated across radars and remains a hypothesis for further investigation.","optical verification not performed; 14-day rainfall unavailable for GUNW_023. No independent ground-truth event label is available for erosion, deposition, bank failure or any other physical process, so the observed signal cannot be attributed to a specific process from these data alone. Rainfall is AOI-level environmental context and is not a spatial discriminator between candidate regions."
HH_023_to_029_900,HH_023_to_029,900,90.1970033,22.4942171,4000,-0.3422118127346039,0.3422118127346039,0.841025641025641,upper_quartile,0.9487179487179488,high_sensitivity,dual_radar_upper_quartile_but_sensitive,not_tested,partial_missing_GUNW_023_14day,195,kNN anomaly position is sensitive to neighbourhood size; optical verification not performed; 14-day rainfall unavailable for GUNW_023.,"NISAR change -0.3422118127346039 (band upper_quartile, percentile 0.841025641025641); Sentinel-1 comparison-aware anomaly percentile 0.9487179487179488; cross-radar: both radar sources are in the upper quartile of their comparison populations, but the anomaly position is sensitive to neighbourhood size (k); optical: not_tested; rainfall: partial_missing_GUNW_023_14day","A multi-radar signal in which both radar sources are upper-quartile for their comparison population, but the anomaly position moves with neighbourhood size. This merits further investigation with explicit attention to k-sensitivity.","kNN anomaly position is sensitive to neighbourhood size; optical verification not performed; 14-day rainfall unavailable for GUNW_023. No independent ground-truth event label is available for erosion, deposition, bank failure or any other physical process, so the observed signal cannot be attributed to a specific process from these data alone. Rainfall is AOI-level environmental context and is not a spatial discriminator between candidate regions."
HH_023_to_029_1536,HH_023_to_029,1536,90.1976151,22.4835072,5200,-0.2585837543010711,0.2585837543010711,0.13333333333333333,lower_half,0.9452991452991452,moderate_sensitivity,s1_upper_quartile_nisar_not_upper_quartile,not_tested,partial_missing_GUNW_023_14day,195,moderate sensitivity to kNN neighbourhood size; optical verification not performed; 14-day rainfall unavailable for GUNW_023.,"NISAR change -0.2585837543010711 (band lower_half, percentile 0.13333333333333333); Sentinel-1 comparison-aware anomaly percentile 0.9452991452991452; cross-radar: only the Sentinel-1 anomaly is upper-quartile; the NISAR measurement is not upper-quartile; optical: not_tested; rainfall: partial_missing_GUNW_023_14day","An upper-quartile pattern in one radar source only. The second radar source does not reinforce it, so the signal is not corroborated across radars and remains a hypothesis for further investigation.","moderate sensitivity to kNN neighbourhood size; optical verification not performed; 14-day rainfall unavailable for GUNW_023. No independent ground-truth event label is available for erosion, deposition, bank failure or any other physical process, so the observed signal cannot be attributed to a specific process from these data alone. Rainfall is AOI-level environmental context and is not a spatial discriminator between candidate regions."
HH_023_to_029_2186,HH_023_to_029,2186,90.2035156,22.4728267,10400,-0.3152260780334472,0.3152260780334472,0.6666666666666666,middle_half,0.9452991452991452,low_sensitivity,s1_upper_quartile_nisar_not_upper_quartile,not_tested,partial_missing_GUNW_023_14day,195,optical verification not performed; 14-day rainfall unavailable for GUNW_023.,"NISAR change -0.3152260780334472 (band middle_half, percentile 0.6666666666666666); Sentinel-1 comparison-aware anomaly percentile 0.9452991452991452; cross-radar: only the Sentinel-1 anomaly is upper-quartile; the NISAR measurement is not upper-quartile; optical: not_tested; rainfall: partial_missing_GUNW_023_14day","An upper-quartile pattern in one radar source only. The second radar source does not reinforce it, so the signal is not corroborated across radars and remains a hypothesis for further investigation.","optical verification not performed; 14-day rainfall unavailable for GUNW_023. No independent ground-truth event label is available for erosion, deposition, bank failure or any other physical process, so the observed signal cannot be attributed to a specific process from these data alone. Rainfall is AOI-level environmental context and is not a spatial discriminator between candidate regions."
HH_023_to_029_1628,HH_023_to_029,1628,90.1614775,22.4815178,4000,-0.3165184259414673,0.3165184259414673,0.6923076923076923,middle_half,0.9333333333333332,low_sensitivity,s1_upper_quartile_nisar_not_upper_quartile,not_tested,partial_missing_GUNW_023_14day,195,optical verification not performed; 14-day rainfall unavailable for GUNW_023.,"NISAR change -0.3165184259414673 (band middle_half, percentile 0.6923076923076923); Sentinel-1 comparison-aware anomaly percentile 0.9333333333333332; cross-radar: only the Sentinel-1 anomaly is upper-quartile; the NISAR measurement is not upper-quartile; optical: not_tested; rainfall: partial_missing_GUNW_023_14day","An upper-quartile pattern in one radar source only. The second radar source does not reinforce it, so the signal is not corroborated across radars and remains a hypothesis for further investigation.","optical verification not performed; 14-day rainfall unavailable for GUNW_023. No independent ground-truth event label is available for erosion, deposition, bank failure or any other physical process, so the observed signal cannot be attributed to a specific process from these data alone. Rainfall is AOI-level environmental context and is not a spatial discriminator between candidate regions."
HH_023_to_029_1653,HH_023_to_029,1653,90.1711812,22.4810025,4000,-0.2763198018074035,0.2763198018074035,0.24102564102564103,lower_half,0.9264957264957264,moderate_sensitivity,s1_upper_quartile_nisar_not_upper_quartile,not_tested,partial_missing_GUNW_023_14day,195,moderate sensitivity to kNN neighbourhood size; optical verification not performed; 14-day rainfall unavailable for GUNW_023.,"NISAR change -0.2763198018074035 (band lower_half, percentile 0.24102564102564103); Sentinel-1 comparison-aware anomaly percentile 0.9264957264957264; cross-radar: only the Sentinel-1 anomaly is upper-quartile; the NISAR measurement is not upper-quartile; optical: not_tested; rainfall: partial_missing_GUNW_023_14day","An upper-quartile pattern in one radar source only. The second radar source does not reinforce it, so the signal is not corroborated across radars and remains a hypothesis for further investigation.","moderate sensitivity to kNN neighbourhood size; optical verification not performed; 14-day rainfall unavailable for GUNW_023. No independent ground-truth event label is available for erosion, deposition, bank failure or any other physical process, so the observed signal cannot be attributed to a specific process from these data alone. Rainfall is AOI-level environmental context and is not a spatial discriminator between candidate regions."
HH_023_to_029_1933,HH_023_to_029,1933,90.1553133,22.4761281,5200,-0.3066991418600082,0.3066991418600082,0.5897435897435898,middle_half,0.9196581196581196,high_sensitivity,s1_upper_quartile_but_sensitive,not_tested,partial_missing_GUNW_023_14day,195,kNN anomaly position is sensitive to neighbourhood size; optical verification not performed; 14-day rainfall unavailable for GUNW_023.,"NISAR change -0.3066991418600082 (band middle_half, percentile 0.5897435897435898); Sentinel-1 comparison-aware anomaly percentile 0.9196581196581196; cross-radar: only the Sentinel-1 anomaly is upper-quartile, and it is sensitive to neighbourhood size (k); optical: not_tested; rainfall: partial_missing_GUNW_023_14day","An upper-quartile pattern in one radar source only. The second radar source does not reinforce it, so the signal is not corroborated across radars and remains a hypothesis for further investigation.","kNN anomaly position is sensitive to neighbourhood size; optical verification not performed; 14-day rainfall unavailable for GUNW_023. No independent ground-truth event label is available for erosion, deposition, bank failure or any other physical process, so the observed signal cannot be attributed to a specific process from these data alone. Rainfall is AOI-level environmental context and is not a spatial discriminator between candidate regions."
HH_023_to_029_53,HH_023_to_029,53,90.1616915,22.5084431,5200,-0.3040426075458526,0.3040426075458526,0.5333333333333333,middle_half,0.917948717948718,moderate_sensitivity,s1_upper_quartile_nisar_not_upper_quartile,not_tested,partial_missing_GUNW_023_14day,195,moderate sensitivity to kNN neighbourhood size; optical verification not performed; 14-day rainfall unavailable for GUNW_023.,"NISAR change -0.3040426075458526 (band middle_half, percentile 0.5333333333333333); Sentinel-1 comparison-aware anomaly percentile 0.9179487179487179; cross-radar: only the Sentinel-1 anomaly is upper-quartile; the NISAR measurement is not upper-quartile; optical: not_tested; rainfall: partial_missing_GUNW_023_14day","An upper-quartile pattern in one radar source only. The second radar source does not reinforce it, so the signal is not corroborated across radars and remains a hypothesis for further investigation.","moderate sensitivity to kNN neighbourhood size; optical verification not performed; 14-day rainfall unavailable for GUNW_023. No independent ground-truth event label is available for erosion, deposition, bank failure or any other physical process, so the observed signal cannot be attributed to a specific process from these data alone. Rainfall is AOI-level environmental context and is not a spatial discriminator between candidate regions."
HH_023_to_029_608,HH_023_to_029,608,90.2138264,22.4992722,5200,-0.2401995509862899,0.2401995509862899,0.03076923076923077,lower_half,0.9145299145299144,moderate_sensitivity,s1_upper_quartile_nisar_not_upper_quartile,not_tested,partial_missing_GUNW_023_14day,195,moderate sensitivity to kNN neighbourhood size; optical verification not performed; 14-day rainfall unavailable for GUNW_023.,"NISAR change -0.2401995509862899 (band lower_half, percentile 0.03076923076923077); Sentinel-1 comparison-aware anomaly percentile 0.9145299145299145; cross-radar: only the Sentinel-1 anomaly is upper-quartile; the NISAR measurement is not upper-quartile; optical: not_tested; rainfall: partial_missing_GUNW_023_14day","An upper-quartile pattern in one radar source only. The second radar source does not reinforce it, so the signal is not corroborated across radars and remains a hypothesis for further investigation.","moderate sensitivity to kNN neighbourhood size; optical verification not performed; 14-day rainfall unavailable for GUNW_023. No independent ground-truth event label is available for erosion, deposition, bank failure or any other physical process, so the observed signal cannot be attributed to a specific process from these data alone. Rainfall is AOI-level environmental context and is not a spatial discriminator between candidate regions."
HH_023_to_029_1145,HH_023_to_029,1145,90.1535976,22.4889715,10000,-0.3406970947980881,0.3406970947980881,0.8256410256410256,upper_quartile,0.9094017094017094,low_sensitivity,dual_radar_upper_quartile_stable,not_tested,partial_missing_GUNW_023_14day,195,optical verification not performed; 14-day rainfall unavailable for GUNW_023.,"NISAR change -0.3406970947980881 (band upper_quartile, percentile 0.8256410256410256); Sentinel-1 comparison-aware anomaly percentile 0.9094017094017094; cross-radar: both radar sources are in the upper quartile of their comparison populations, with low sensitivity to neighbourhood size (k); optical: not_tested; rainfall: partial_missing_GUNW_023_14day",An unusual multi-radar signal in which both radar sources are upper-quartile for their comparison population and stable across neighbourhood sizes. This merits further investigation as a research hypothesis.,"optical verification not performed; 14-day rainfall unavailable for GUNW_023. No independent ground-truth event label is available for erosion, deposition, bank failure or any other physical process, so the observed signal cannot be attributed to a specific process from these data alone. Rainfall is AOI-level environmental context and is not a spatial discriminator between candidate regions."
HH_023_to_029_982,HH_023_to_029,982,90.2163498,22.4930107,9600,-0.3484015464782715,0.3484015464782715,0.8923076923076924,upper_quartile,0.888888888888889,low_sensitivity,dual_radar_upper_quartile_stable,not_tested,partial_missing_GUNW_023_14day,195,optical verification not performed; 14-day rainfall unavailable for GUNW_023.,"NISAR change -0.3484015464782715 (band upper_quartile, percentile 0.8923076923076924); Sentinel-1 comparison-aware anomaly percentile 0.888888888888889; cross-radar: both radar sources are in the upper quartile of their comparison populations, with low sensitivity to neighbourhood size (k); optical: not_tested; rainfall: partial_missing_GUNW_023_14day",An unusual multi-radar signal in which both radar sources are upper-quartile for their comparison population and stable across neighbourhood sizes. This merits further investigation as a research hypothesis.,"optical verification not performed; 14-day rainfall unavailable for GUNW_023. No independent ground-truth event label is available for erosion, deposition, bank failure or any other physical process, so the observed signal cannot be attributed to a specific process from these data alone. Rainfall is AOI-level environmental context and is not a spatial discriminator between candidate regions."
HH_023_to_029_1902,HH_023_to_029,1902,90.1744236,22.4772594,4800,-0.4943587481975555,0.4943587481975555,1.0,upper_quartile,0.8803418803418803,low_sensitivity,dual_radar_upper_quartile_stable,not_tested,partial_missing_GUNW_023_14day,195,optical verification not performed; 14-day rainfall unavailable for GUNW_023.,"NISAR change -0.4943587481975555 (band upper_quartile, percentile 1.0); Sentinel-1 comparison-aware anomaly percentile 0.8803418803418803; cross-radar: both radar sources are in the upper quartile of their comparison populations, with low sensitivity to neighbourhood size (k); optical: not_tested; rainfall: partial_missing_GUNW_023_14day",An unusual multi-radar signal in which both radar sources are upper-quartile for their comparison population and stable across neighbourhood sizes. This merits further investigation as a research hypothesis.,"optical verification not performed; 14-day rainfall unavailable for GUNW_023. No independent ground-truth event label is available for erosion, deposition, bank failure or any other physical process, so the observed signal cannot be attributed to a specific process from these data alone. Rainfall is AOI-level environmental context and is not a spatial discriminator between candidate regions."
HH_023_to_029_1640,HH_023_to_029,1640,90.2182324,22.4821097,7600,-0.3769729435443878,0.3769729435443878,0.9487179487179487,upper_quartile,0.8752136752136752,low_sensitivity,dual_radar_upper_quartile_stable,not_tested,partial_missing_GUNW_023_14day,195,optical verification not performed; 14-day rainfall unavailable for GUNW_023.,"NISAR change -0.3769729435443878 (band upper_quartile, percentile 0.9487179487179487); Sentinel-1 comparison-aware anomaly percentile 0.8752136752136752; cross-radar: both radar sources are in the upper quartile of their comparison populations, with low sensitivity to neighbourhood size (k); optical: not_tested; rainfall: partial_missing_GUNW_023_14day",An unusual multi-radar signal in which both radar sources are upper-quartile for their comparison population and stable across neighbourhood sizes. This merits further investigation as a research hypothesis.,"optical verification not performed; 14-day rainfall unavailable for GUNW_023. No independent ground-truth event label is available for erosion, deposition, bank failure or any other physical process, so the observed signal cannot be attributed to a specific process from these data alone. Rainfall is AOI-level environmental context and is not a spatial discriminator between candidate regions."
HH_023_to_029_2035,HH_023_to_029,2035,90.2064473,22.4757267,6000,-0.3833246082067489,0.3833246082067489,0.9641025641025641,upper_quartile,0.8495726495726497,low_sensitivity,dual_radar_upper_quartile_stable,not_tested,partial_missing_GUNW_023_14day,195,optical verification not performed; 14-day rainfall unavailable for GUNW_023.,"NISAR change -0.3833246082067489 (band upper_quartile, percentile 0.9641025641025641); Sentinel-1 comparison-aware anomaly percentile 0.8495726495726497; cross-radar: both radar sources are in the upper quartile of their comparison populations, with low sensitivity to neighbourhood size (k); optical: not_tested; rainfall: partial_missing_GUNW_023_14day",An unusual multi-radar signal in which both radar sources are upper-quartile for their comparison population and stable across neighbourhood sizes. This merits further investigation as a research hypothesis.,"optical verification not performed; 14-day rainfall unavailable for GUNW_023. No independent ground-truth event label is available for erosion, deposition, bank failure or any other physical process, so the observed signal cannot be attributed to a specific process from these data alone. Rainfall is AOI-level environmental context and is not a spatial discriminator between candidate regions."
HH_023_to_029_1980,HH_023_to_029,1980,90.1607959,22.4749889,7600,-0.3316811323165893,0.3316811323165893,0.7794871794871795,upper_quartile,0.8478632478632478,low_sensitivity,dual_radar_upper_quartile_stable,not_tested,partial_missing_GUNW_023_14day,195,optical verification not performed; 14-day rainfall unavailable for GUNW_023.,"NISAR change -0.3316811323165893 (band upper_quartile, percentile 0.7794871794871795); Sentinel-1 comparison-aware anomaly percentile 0.8478632478632478; cross-radar: both radar sources are in the upper quartile of their comparison populations, with low sensitivity to neighbourhood size (k); optical: not_tested; rainfall: partial_missing_GUNW_023_14day",An unusual multi-radar signal in which both radar sources are upper-quartile for their comparison population and stable across neighbourhood sizes. This merits further investigation as a research hypothesis.,"optical verification not performed; 14-day rainfall unavailable for GUNW_023. No independent ground-truth event label is available for erosion, deposition, bank failure or any other physical process, so the observed signal cannot be attributed to a specific process from these data alone. Rainfall is AOI-level environmental context and is not a spatial discriminator between candidate regions."
HH_023_to_029_2152,HH_023_to_029,2152,90.2085867,22.4736576,5200,-0.3605815470218658,0.3605815470218658,0.9179487179487179,upper_quartile,0.8153846153846155,low_sensitivity,dual_radar_upper_quartile_stable,not_tested,partial_missing_GUNW_023_14day,195,optical verification not performed; 14-day rainfall unavailable for GUNW_023.,"NISAR change -0.3605815470218658 (band upper_quartile, percentile 0.9179487179487179); Sentinel-1 comparison-aware anomaly percentile 0.8153846153846155; cross-radar: both radar sources are in the upper quartile of their comparison populations, with low sensitivity to neighbourhood size (k); optical: not_tested; rainfall: partial_missing_GUNW_023_14day",An unusual multi-radar signal in which both radar sources are upper-quartile for their comparison population and stable across neighbourhood sizes. This merits further investigation as a research hypothesis.,"optical verification not performed; 14-day rainfall unavailable for GUNW_023. No independent ground-truth event label is available for erosion, deposition, bank failure or any other physical process, so the observed signal cannot be attributed to a specific process from these data alone. Rainfall is AOI-level environmental context and is not a spatial discriminator between candidate regions."
HH_023_to_029_488,HH_023_to_029,488,90.1594935,22.5004474,5200,-0.3373000025749206,0.3373000025749206,0.8153846153846154,upper_quartile,0.8119658119658121,moderate_sensitivity,dual_radar_upper_quartile_stable,not_tested,partial_missing_GUNW_023_14day,195,moderate sensitivity to kNN neighbourhood size; optical verification not performed; 14-day rainfall unavailable for GUNW_023.,"NISAR change -0.3373000025749206 (band upper_quartile, percentile 0.8153846153846154); Sentinel-1 comparison-aware anomaly percentile 0.8119658119658121; cross-radar: both radar sources are in the upper quartile of their comparison populations, with low sensitivity to neighbourhood size (k); optical: not_tested; rainfall: partial_missing_GUNW_023_14day",An unusual multi-radar signal in which both radar sources are upper-quartile for their comparison population and stable across neighbourhood sizes. This merits further investigation as a research hypothesis.,"moderate sensitivity to kNN neighbourhood size; optical verification not performed; 14-day rainfall unavailable for GUNW_023. No independent ground-truth event label is available for erosion, deposition, bank failure or any other physical process, so the observed signal cannot be attributed to a specific process from these data alone. Rainfall is AOI-level environmental context and is not a spatial discriminator between candidate regions."
HH_023_to_029_1041,HH_023_to_029,1041,90.196999,22.4916767,5600,-0.3262535333633423,0.3262535333633423,0.764102564102564,upper_quartile,0.8102564102564104,low_sensitivity,dual_radar_upper_quartile_stable,not_tested,partial_missing_GUNW_023_14day,195,optical verification not performed; 14-day rainfall unavailable for GUNW_023.,"NISAR change -0.3262535333633423 (band upper_quartile, percentile 0.764102564102564); Sentinel-1 comparison-aware anomaly percentile 0.8102564102564104; cross-radar: both radar sources are in the upper quartile of their comparison populations, with low sensitivity to neighbourhood size (k); optical: not_tested; rainfall: partial_missing_GUNW_023_14day",An unusual multi-radar signal in which both radar sources are upper-quartile for their comparison population and stable across neighbourhood sizes. This merits further investigation as a research hypothesis.,"optical verification not performed; 14-day rainfall unavailable for GUNW_023. No independent ground-truth event label is available for erosion, deposition, bank failure or any other physical process, so the observed signal cannot be attributed to a specific process from these data alone. Rainfall is AOI-level environmental context and is not a spatial discriminator between candidate regions."
HH_023_to_029_902,HH_023_to_029,902,90.2059977,22.494247,4000,-0.325732946395874,0.325732946395874,0.7589743589743589,upper_quartile,0.7743589743589743,low_sensitivity,dual_radar_upper_quartile_stable,not_tested,partial_missing_GUNW_023_14day,195,optical verification not performed; 14-day rainfall unavailable for GUNW_023.,"NISAR change -0.325732946395874 (band upper_quartile, percentile 0.7589743589743589); Sentinel-1 comparison-aware anomaly percentile 0.7743589743589743; cross-radar: both radar sources are in the upper quartile of their comparison populations, with low sensitivity to neighbourhood size (k); optical: not_tested; rainfall: partial_missing_GUNW_023_14day",An unusual multi-radar signal in which both radar sources are upper-quartile for their comparison population and stable across neighbourhood sizes. This merits further investigation as a research hypothesis.,"optical verification not performed; 14-day rainfall unavailable for GUNW_023. No independent ground-truth event label is available for erosion, deposition, bank failure or any other physical process, so the observed signal cannot be attributed to a specific process from these data alone. Rainfall is AOI-level environmental context and is not a spatial discriminator between candidate regions."
HH_023_to_029_294,HH_023_to_029,294,90.1781375,22.5044691,5200,-0.4015032947063446,0.4015032947063446,0.9846153846153847,upper_quartile,0.7504273504273504,low_sensitivity,dual_radar_upper_quartile_stable,not_tested,partial_missing_GUNW_023_14day,195,optical verification not performed; 14-day rainfall unavailable for GUNW_023.,"NISAR change -0.4015032947063446 (band upper_quartile, percentile 0.9846153846153847); Sentinel-1 comparison-aware anomaly percentile 0.7504273504273504; cross-radar: both radar sources are in the upper quartile of their comparison populations, with low sensitivity to neighbourhood size (k); optical: not_tested; rainfall: partial_missing_GUNW_023_14day",An unusual multi-radar signal in which both radar sources are upper-quartile for their comparison population and stable across neighbourhood sizes. This merits further investigation as a research hypothesis.,"optical verification not performed; 14-day rainfall unavailable for GUNW_023. No independent ground-truth event label is available for erosion, deposition, bank failure or any other physical process, so the observed signal cannot be attributed to a specific process from these data alone. Rainfall is AOI-level environmental context and is not a spatial discriminator between candidate regions."
VV_025_to_026_207,VV_025_to_026,207,90.2196199,22.5057297,4000,-0.2420695722103119,0.2420695722103119,0.25,lower_half,1.0,high_sensitivity,s1_upper_quartile_but_sensitive,tested_but_inconclusive_no_valid_pixels,partial_missing_GUNW_023_14day,16,kNN anomaly position is sensitive to neighbourhood size; optical verification attempted but no valid pixels available; 14-day rainfall unavailable for GUNW_023; small comparison population.,"NISAR change -0.2420695722103119 (band lower_half, percentile 0.25); Sentinel-1 comparison-aware anomaly percentile 1.0; cross-radar: only the Sentinel-1 anomaly is upper-quartile, and it is sensitive to neighbourhood size (k); optical: tested_but_inconclusive_no_valid_pixels; rainfall: partial_missing_GUNW_023_14day","An upper-quartile pattern in one radar source only. The second radar source does not reinforce it, so the signal is not corroborated across radars and remains a hypothesis for further investigation.","kNN anomaly position is sensitive to neighbourhood size; optical verification attempted but no valid pixels available; 14-day rainfall unavailable for GUNW_023; small comparison population. No independent ground-truth event label is available for erosion, deposition, bank failure or any other physical process, so the observed signal cannot be attributed to a specific process from these data alone. The comparison population for this comparison type contains only 16 candidates, so the anomaly percentile is coarse and must be treated as a limitation. Rainfall is AOI-level environmental context and is not a spatial discriminator between candidate regions."
VV_025_to_026_87,VV_025_to_026,87,90.1923973,22.5082479,4800,-0.2958926409482956,0.2958926409482956,0.875,upper_quartile,0.9375,high_sensitivity,dual_radar_upper_quartile_but_sensitive,not_tested,partial_missing_GUNW_023_14day,16,kNN anomaly position is sensitive to neighbourhood size; optical verification not performed; 14-day rainfall unavailable for GUNW_023; small comparison population.,"NISAR change -0.2958926409482956 (band upper_quartile, percentile 0.875); Sentinel-1 comparison-aware anomaly percentile 0.9375; cross-radar: both radar sources are in the upper quartile of their comparison populations, but the anomaly position is sensitive to neighbourhood size (k); optical: not_tested; rainfall: partial_missing_GUNW_023_14day","A multi-radar signal in which both radar sources are upper-quartile for their comparison population, but the anomaly position moves with neighbourhood size. This merits further investigation with explicit attention to k-sensitivity.","kNN anomaly position is sensitive to neighbourhood size; optical verification not performed; 14-day rainfall unavailable for GUNW_023; small comparison population. No independent ground-truth event label is available for erosion, deposition, bank failure or any other physical process, so the observed signal cannot be attributed to a specific process from these data alone. The comparison population for this comparison type contains only 16 candidates, so the anomaly percentile is coarse and must be treated as a limitation. Rainfall is AOI-level environmental context and is not a spatial discriminator between candidate regions."
VV_025_to_026_415,VV_025_to_026,415,90.1568177,22.4999362,4800,-0.2897845208644867,0.2897845208644867,0.8125,upper_quartile,0.75,high_sensitivity,dual_radar_upper_quartile_but_sensitive,not_tested,partial_missing_GUNW_023_14day,16,kNN anomaly position is sensitive to neighbourhood size; optical verification not performed; 14-day rainfall unavailable for GUNW_023; small comparison population.,"NISAR change -0.2897845208644867 (band upper_quartile, percentile 0.8125); Sentinel-1 comparison-aware anomaly percentile 0.75; cross-radar: both radar sources are in the upper quartile of their comparison populations, but the anomaly position is sensitive to neighbourhood size (k); optical: not_tested; rainfall: partial_missing_GUNW_023_14day","A multi-radar signal in which both radar sources are upper-quartile for their comparison population, but the anomaly position moves with neighbourhood size. This merits further investigation with explicit attention to k-sensitivity.","kNN anomaly position is sensitive to neighbourhood size; optical verification not performed; 14-day rainfall unavailable for GUNW_023; small comparison population. No independent ground-truth event label is available for erosion, deposition, bank failure or any other physical process, so the observed signal cannot be attributed to a specific process from these data alone. The comparison population for this comparison type contains only 16 candidates, so the anomaly percentile is coarse and must be treated as a limitation. Rainfall is AOI-level environmental context and is not a spatial discriminator between candidate regions."
